{
"type": "FeatureCollection",
"name": "bahayabanjir",
"crs": { "type": "name", "properties": { "name": "urn:ogc:def:crs:OGC:1.3:CRS84" } },
"features": [
{ "type": "Feature", "properties": { "Id": 3, "gridcode": 3, "Kelas": "Tinggi" }, "geometry": { "type": "MultiPolygon", "coordinates": [ [ [ [ 110.301957194647002, -7.083243259284984 ], [ 110.301957194647002, -7.084141137832944 ], [ 110.300807212474069, -7.083692198558992 ], [ 110.301957194647002, -7.083243259284984 ] ] ], [ [ [ 110.301957194647002, -7.083243259284984 ], [ 110.302855073195076, -7.081447502189008 ], [ 110.304650830290996, -7.081447502189008 ], [ 110.304650830290996, -7.083243259284984 ], [ 110.303752951742922, -7.083243259284984 ], [ 110.302855073195076, -7.083243259284984 ], [ 110.301957194647002, -7.083243259284984 ] ] ], [ [ [ 110.301957194647002, -7.079651745092974 ], [ 110.301059316098986, -7.079651745092974 ], [ 110.301059316098986, -7.078753866545014 ], [ 110.301957194647002, -7.078753866545014 ], [ 110.301957194647002, -7.079651745092974 ] ] ], [ [ [ 110.345953243499082, -7.081447502189008 ], [ 110.345055364951065, -7.081447502189008 ], [ 110.345055364951065, -7.078753866545014 ], [ 110.345953243499082, -7.078753866545014 ], [ 110.345953243499082, -7.079651745092974 ], [ 110.345953243499082, -7.081447502189008 ] ] ], [ [ [ 110.302855073195076, -7.076060230900964 ], [ 110.303752951742922, -7.076060230900964 ], [ 110.303752951742922, -7.078753866545014 ], [ 110.302855073195076, -7.078753866545014 ], [ 110.302855073195076, -7.076060230900964 ] ] ], [ [ [ 110.302855073195076, -7.076060230900964 ], [ 110.301957194647002, -7.076060230900964 ], [ 110.301957194647002, -7.075162352353004 ], [ 110.302855073195076, -7.075162352353004 ], [ 110.302855073195076, -7.076060230900964 ] ] ], [ [ [ 110.327995672539089, -7.075162352353004 ], [ 110.327688300938405, -7.076257066550113 ], [ 110.326900958341923, -7.075469723953631 ], [ 110.327995672539089, -7.075162352353004 ] ] ], [ [ [ 110.304005055368009, -7.073815534530979 ], [ 110.302855073195076, -7.074264473804988 ], [ 110.302855073195076, -7.073366595257028 ], [ 110.304005055368009, -7.073815534530979 ] ] ], [ [ [ 110.347064720306037, -7.073758814298003 ], [ 110.351208051122114, -7.075607647283448 ], [ 110.347749000595002, -7.076060230900964 ], [ 110.346851122046985, -7.076060230900964 ], [ 110.346851122046985, -7.076958109448924 ], [ 110.345055364951065, -7.076958109448924 ], [ 110.344157486402992, -7.076958109448924 ], [ 110.344157486402992, -7.075162352353004 ], [ 110.341463850759055, -7.075162352353004 ], [ 110.341014911485047, -7.074012370180071 ], [ 110.340565972211039, -7.075162352353004 ], [ 110.339668093663136, -7.075162352353004 ], [ 110.337872336567045, -7.075162352353004 ], [ 110.33572879127928, -7.074612261996833 ], [ 110.335178700923109, -7.072468716708954 ], [ 110.345111715269411, -7.071491950455311 ], [ 110.347064720306037, -7.073758814298003 ] ] ], [ [ [ 110.464031451643734, -7.071073604485719 ], [ 110.468064726027023, -7.073366595257028 ], [ 110.468064726027023, -7.075162352353004 ], [ 110.467166847479007, -7.075162352353004 ], [ 110.465974352532442, -7.075765614502416 ], [ 110.465371090383087, -7.076958109448924 ], [ 110.463575333286997, -7.076958109448924 ], [ 110.463575333286997, -7.072468716708954 ], [ 110.462677454739094, -7.072468716708954 ], [ 110.462677454739094, -7.071570838160937 ], [ 110.464031451643734, -7.071073604485719 ] ] ], [ [ [ 110.301059316098986, -7.067979323968927 ], [ 110.301957194647002, -7.067979323968927 ], [ 110.301957194647002, -7.068877202517001 ], [ 110.301059316098986, -7.068877202517001 ], [ 110.301059316098986, -7.067979323968927 ] ] ], [ [ [ 110.467166847479007, -7.067081445420968 ], [ 110.467166847479007, -7.068877202517001 ], [ 110.465914124961444, -7.067979323968927 ], [ 110.467166847479007, -7.067081445420968 ] ] ], [ [ [ 110.301059316098986, -7.067979323968927 ], [ 110.298849384847642, -7.067313957274564 ], [ 110.300161437550912, -7.066183566873008 ], [ 110.301059316098986, -7.067979323968927 ] ] ], [ [ [ 110.4905116897271, -7.065285688324991 ], [ 110.49230744682302, -7.065285688324991 ], [ 110.493764005965261, -7.067489817397927 ], [ 110.493552784750023, -7.068432017190787 ], [ 110.49410320391911, -7.070672959612978 ], [ 110.492903694296274, -7.073064964182265 ], [ 110.49230744682302, -7.073366595257028 ], [ 110.490833213984956, -7.072620806396515 ], [ 110.4905116897271, -7.065285688324991 ] ] ], [ [ [ 110.301256151748078, -7.063797302829698 ], [ 110.300468809151823, -7.064584645426123 ], [ 110.300161437550912, -7.063489931228958 ], [ 110.301256151748078, -7.063797302829698 ] ] ], [ [ [ 110.4905116897271, -7.065285688324991 ], [ 110.48692017553509, -7.065285688324991 ], [ 110.48692017553509, -7.063489931228958 ], [ 110.486022296987016, -7.063489931228958 ], [ 110.486761893203663, -7.062418740857993 ], [ 110.490144967389767, -7.06475453211425 ], [ 110.4905116897271, -7.065285688324991 ] ] ], [ [ [ 110.297467801907146, -7.060796295585021 ], [ 110.299263559003066, -7.060796295585021 ], [ 110.299263559003066, -7.061694174132981 ], [ 110.297467801907146, -7.061694174132981 ], [ 110.297467801907146, -7.060796295585021 ] ] ], [ [ [ 110.297467801907146, -7.060796295585021 ], [ 110.296373087709981, -7.060488923984224 ], [ 110.29716043201887, -7.059701581387856 ], [ 110.297467801907146, -7.060796295585021 ] ] ], [ [ [ 110.466268968931104, -7.058102659940971 ], [ 110.465820029657095, -7.059252642113904 ], [ 110.465371090383087, -7.058102659940971 ], [ 110.466268968931104, -7.058102659940971 ] ] ], [ [ [ 110.466268968931104, -7.058102659940971 ], [ 110.466717908204942, -7.056952677768095 ], [ 110.467166847479007, -7.058102659940971 ], [ 110.466268968931104, -7.058102659940971 ] ] ], [ [ [ 110.467166847479007, -7.067081445420968 ], [ 110.468070165141057, -7.064003180834789 ], [ 110.471857076425522, -7.066172085820995 ], [ 110.47493609454159, -7.064836749050926 ], [ 110.474750630340054, -7.063017180417603 ], [ 110.475805544470347, -7.060209706991941 ], [ 110.473044584375828, -7.057916277803429 ], [ 110.47518978742886, -7.056410794035003 ], [ 110.478198028558495, -7.058909621709745 ], [ 110.478655695075986, -7.063399795380519 ], [ 110.476207929311499, -7.067368211410496 ], [ 110.473859410254249, -7.06838673690811 ], [ 110.473451997315124, -7.068877202517001 ], [ 110.470190734624452, -7.067595133444001 ], [ 110.467166847479007, -7.067081445420968 ] ] ], [ [ [ 110.469860483123114, -7.054511145748961 ], [ 110.469860483123114, -7.055409024296921 ], [ 110.467166847479007, -7.053613267201001 ], [ 110.467166847479007, -7.052715388652985 ], [ 110.469155097153191, -7.053116773354873 ], [ 110.469860483123114, -7.054511145748961 ] ] ], [ [ [ 110.485124418439, -7.052715388652985 ], [ 110.484817046838316, -7.053810102850036 ], [ 110.484029704242005, -7.053022760253668 ], [ 110.485124418439, -7.052715388652985 ] ] ], [ [ [ 110.485124418439, -7.052715388652985 ], [ 110.485124418439, -7.051817510105025 ], [ 110.486022296987016, -7.051817510105025 ], [ 110.486022296987016, -7.052715388652985 ], [ 110.485124418439, -7.052715388652985 ] ] ], [ [ [ 110.482430782795063, -7.050919631556951 ], [ 110.482996464364874, -7.053222692224722 ], [ 110.481551756189219, -7.054220173693864 ], [ 110.48096983948011, -7.056816014887886 ], [ 110.48153290424699, -7.057204781393011 ], [ 110.480401321898455, -7.058518211000489 ], [ 110.479321596091552, -7.054908954610084 ], [ 110.481948455306679, -7.051335182616583 ], [ 110.482430782795063, -7.050919631556951 ] ] ], [ [ [ 110.473451997315124, -7.052715388652985 ], [ 110.473110360665316, -7.056554471591369 ], [ 110.47226062581268, -7.054804638703331 ], [ 110.471656240219033, -7.054511145748961 ], [ 110.471656240219033, -7.050021753008991 ], [ 110.47255411876705, -7.050021753008991 ], [ 110.473150366240361, -7.051221262631657 ], [ 110.473451997315124, -7.052715388652985 ] ] ], [ [ [ 110.47255411876705, -7.049123874460975 ], [ 110.471656240219033, -7.049123874460975 ], [ 110.472105179493042, -7.047973892288098 ], [ 110.47255411876705, -7.049123874460975 ] ] ], [ [ [ 110.482430782795063, -7.050919631556951 ], [ 110.481231273172398, -7.048506500755991 ], [ 110.481834535321752, -7.045833991343727 ], [ 110.482430782795063, -7.045532360268965 ], [ 110.484513223677368, -7.045939197785515 ], [ 110.483522400670267, -7.047809965334579 ], [ 110.48483092548463, -7.049417367415344 ], [ 110.485124418439, -7.050919631556951 ], [ 110.482430782795063, -7.050919631556951 ] ] ], [ [ [ 110.378276871227115, -7.037451453336985 ], [ 110.379174749775018, -7.037451453336985 ], [ 110.379174749775018, -7.038349331884945 ], [ 110.378276871227115, -7.038349331884945 ], [ 110.378276871227115, -7.037451453336985 ] ] ], [ [ [ 110.482430782795063, -7.040145088980978 ], [ 110.480635025698973, -7.040145088980978 ], [ 110.480635025698973, -7.037451453336985 ], [ 110.482430782795063, -7.037451453336985 ], [ 110.482430782795063, -7.040145088980978 ] ] ], [ [ [ 110.378276871227115, -7.037451453336985 ], [ 110.377378992679098, -7.037451453336985 ], [ 110.377378992679098, -7.036553574789025 ], [ 110.378276871227115, -7.036553574789025 ], [ 110.378276871227115, -7.037451453336985 ] ] ], [ [ [ 110.471656240219033, -7.033859939144975 ], [ 110.471020151577363, -7.035067586888033 ], [ 110.469580334494026, -7.032496927285422 ], [ 110.471656240219033, -7.032064182048998 ], [ 110.471656240219033, -7.033859939144975 ] ] ], [ [ [ 110.27196756276237, -7.030023726469551 ], [ 110.272327202563133, -7.032064182048998 ], [ 110.271160241033442, -7.031564797388967 ], [ 110.27196756276237, -7.030023726469551 ] ] ], [ [ [ 110.468064726027023, -7.029370546404948 ], [ 110.46476436199714, -7.030639147847751 ], [ 110.465070980068162, -7.028174030350158 ], [ 110.467166847479007, -7.027574789309028 ], [ 110.468064726027023, -7.029370546404948 ] ] ], [ [ [ 110.492000075222279, -7.024684318015886 ], [ 110.49230744682302, -7.025779032212938 ], [ 110.491212732626025, -7.025471660612311 ], [ 110.492000075222279, -7.024684318015886 ] ] ], [ [ [ 110.400975938551937, -7.02443221439097 ], [ 110.399825956378947, -7.024881153664978 ], [ 110.399825956378947, -7.023983275117018 ], [ 110.400975938551937, -7.02443221439097 ] ] ], [ [ [ 110.4664221546617, -7.02456243116734 ], [ 110.465371090383087, -7.026676910761012 ], [ 110.464171580760421, -7.026070100171808 ], [ 110.46497870693554, -7.023681644042256 ], [ 110.4664221546617, -7.02456243116734 ] ] ], [ [ [ 110.379174749775018, -7.023085396569002 ], [ 110.380072628323035, -7.023085396569002 ], [ 110.380072628323035, -7.023983275117018 ], [ 110.379174749775018, -7.023983275117018 ], [ 110.379174749775018, -7.023085396569002 ] ] ], [ [ [ 110.494421111234487, -7.023346097282342 ], [ 110.492738438390404, -7.024191057497035 ], [ 110.49230744682302, -7.022187518020928 ], [ 110.494421111234487, -7.023346097282342 ] ] ], [ [ [ 110.393540806543001, -7.019493882376992 ], [ 110.393540806543001, -7.020391760925008 ], [ 110.390847170899065, -7.020391760925008 ], [ 110.390847170899065, -7.019493882376992 ], [ 110.393540806543001, -7.019493882376992 ] ] ], [ [ [ 110.468679798041308, -7.019348910119675 ], [ 110.468962604575097, -7.021289639472968 ], [ 110.466970559851575, -7.020999352444903 ], [ 110.468679798041308, -7.019348910119675 ] ] ], [ [ [ 110.393540806543001, -7.019493882376992 ], [ 110.393540806543001, -7.018596003828918 ], [ 110.394438685091075, -7.018596003828918 ], [ 110.394438685091075, -7.019493882376992 ], [ 110.393540806543001, -7.019493882376992 ] ] ], [ [ [ 110.477829908766239, -7.022886923705414 ], [ 110.479177288310382, -7.02768146855874 ], [ 110.47794139005498, -7.028472667856988 ], [ 110.47794139005498, -7.026676910761012 ], [ 110.477043511506963, -7.026676910761012 ], [ 110.476063388621185, -7.02285767305392 ], [ 110.473451997315124, -7.022187518020928 ], [ 110.472697755221816, -7.019116761330395 ], [ 110.473451997315124, -7.018596003828918 ], [ 110.47614563295906, -7.018596003828918 ], [ 110.47614563295906, -7.019493882376992 ], [ 110.476496092756065, -7.020939186526221 ], [ 110.477829908766239, -7.022886923705414 ] ] ], [ [ [ 110.379174749775018, -7.023085396569002 ], [ 110.377378992679098, -7.023085396569002 ], [ 110.377378992679098, -7.020391760925008 ], [ 110.377975240152352, -7.020090129850246 ], [ 110.378687257183287, -7.016563172599717 ], [ 110.380970506871108, -7.017698125280958 ], [ 110.380374259397854, -7.018897634903738 ], [ 110.380072628323035, -7.020391760925008 ], [ 110.379174749775018, -7.020391760925008 ], [ 110.379174749775018, -7.023085396569002 ] ] ], [ [ [ 110.443822005231027, -7.010515096896995 ], [ 110.443822005231027, -7.013208732540932 ], [ 110.442427632836768, -7.012503346571123 ], [ 110.442026248134937, -7.010515096896995 ], [ 110.443822005231027, -7.010515096896995 ] ] ], [ [ [ 110.501668422549301, -7.010024247673016 ], [ 110.500388353755056, -7.013208732540932 ], [ 110.496265683352306, -7.012842003353455 ], [ 110.49410320391911, -7.012310853992972 ], [ 110.49410320391911, -7.011412975445012 ], [ 110.494699451392364, -7.011111344370306 ], [ 110.49590597569113, -7.008726354477176 ], [ 110.49769471811112, -7.007821461253002 ], [ 110.501668422549301, -7.010024247673016 ] ] ], [ [ [ 110.455494426355131, -7.008719339800962 ], [ 110.45369866925904, -7.008719339800962 ], [ 110.45369866925904, -7.006923582704985 ], [ 110.455494426355131, -7.007821461253002 ], [ 110.455494426355131, -7.008719339800962 ] ] ], [ [ [ 110.396234442186994, -7.006025704157025 ], [ 110.396234442186994, -7.006923582704985 ], [ 110.395084460014175, -7.00647464343092 ], [ 110.396234442186994, -7.006025704157025 ] ] ], [ [ [ 110.482430782795063, -7.006923582704985 ], [ 110.4811780602775, -7.006025704157025 ], [ 110.482430782795063, -7.005127825608952 ], [ 110.483144046575148, -7.005488656714306 ], [ 110.482430782795063, -7.006923582704985 ] ] ], [ [ [ 110.482430782795063, -7.006923582704985 ], [ 110.484754175063131, -7.007494258121483 ], [ 110.485124418439, -7.003332068512975 ], [ 110.48692017553509, -7.003332068512975 ], [ 110.48692017553509, -7.005127825608952 ], [ 110.48692017553509, -7.006025704157025 ], [ 110.487818054082936, -7.006025704157025 ], [ 110.487082526926599, -7.010355519864675 ], [ 110.483823565926514, -7.009873925355066 ], [ 110.48332866134308, -7.010515096896995 ], [ 110.48153290424699, -7.010515096896995 ], [ 110.480463001726662, -7.008362707910976 ], [ 110.482129151720414, -7.007519830178239 ], [ 110.482430782795063, -7.006923582704985 ] ] ], [ [ [ 110.439104210799314, -7.001764706258484 ], [ 110.439332612491, -7.004229947060992 ], [ 110.437308453703224, -7.003934981298698 ], [ 110.437828306969095, -7.000443344038672 ], [ 110.439104210799314, -7.001764706258484 ] ] ], [ [ [ 110.465781106424629, -7.000396262135155 ], [ 110.466268968931104, -7.001536311416942 ], [ 110.464204133241822, -7.001172377139483 ], [ 110.465781106424629, -7.000396262135155 ] ] ], [ [ [ 110.437105863827696, -6.997737014844972 ], [ 110.437536855395081, -6.999740554320965 ], [ 110.435423190983613, -6.998581975059608 ], [ 110.437105863827696, -6.997737014844972 ] ] ], [ [ [ 110.463944179207886, -6.997620299950029 ], [ 110.464473211835013, -6.999740554320965 ], [ 110.461439474001793, -6.999274667479767 ], [ 110.460787835247856, -6.996688327609832 ], [ 110.463944179207886, -6.997620299950029 ] ] ], [ [ [ 110.468962604575097, -6.996149040128955 ], [ 110.470057318772035, -6.996456411729639 ], [ 110.469269976175781, -6.997243754326121 ], [ 110.468962604575097, -6.996149040128955 ] ] ], [ [ [ 110.423170798627098, -6.997046918677029 ], [ 110.421375041531007, -6.997046918677029 ], [ 110.421375041531007, -6.996149040128955 ], [ 110.421375041531007, -6.995251161580995 ], [ 110.423170798627098, -6.995251161580995 ], [ 110.423170798627098, -6.997046918677029 ] ] ], [ [ [ 110.337872336567045, -6.996149040128955 ], [ 110.336076579471126, -6.996149040128955 ], [ 110.336076579471126, -6.994353283032979 ], [ 110.337872336567045, -6.994353283032979 ], [ 110.337872336567045, -6.995251161580995 ], [ 110.337872336567045, -6.996149040128955 ] ] ], [ [ [ 110.468962604575097, -6.996149040128955 ], [ 110.466848940163572, -6.995694367179283 ], [ 110.467839557662558, -6.994100206669827 ], [ 110.468962604575097, -6.996149040128955 ] ] ], [ [ [ 110.452800790710967, -7.006025704157025 ], [ 110.452800790710967, -7.006923582704985 ], [ 110.451005033615047, -7.006923582704985 ], [ 110.451005033615047, -7.008719339800962 ], [ 110.45010715506703, -7.008719339800962 ], [ 110.449824348533468, -7.006778610447668 ], [ 110.448757035415042, -7.007809212970812 ], [ 110.444950107642512, -7.004021280996142 ], [ 110.444719883779101, -7.001536311416942 ], [ 110.445617762326947, -7.001536311416942 ], [ 110.445617762326947, -7.000638432868925 ], [ 110.446967429861161, -6.999557631569644 ], [ 110.448179831691448, -6.993954008214132 ], [ 110.450355860958268, -6.996711481521345 ], [ 110.447014244604134, -7.00239619151904 ], [ 110.448752884151702, -7.005519407574923 ], [ 110.452800790710967, -7.006025704157025 ] ] ], [ [ [ 110.421375041531007, -6.993455404485019 ], [ 110.421375041531007, -6.994353283032979 ], [ 110.420477162983104, -6.994353283032979 ], [ 110.420477162983104, -6.993455404485019 ], [ 110.421375041531007, -6.993455404485019 ] ] ], [ [ [ 110.418681405887014, -6.994353283032979 ], [ 110.418681405887014, -6.996149040128955 ], [ 110.417514448745806, -6.995649655469037 ], [ 110.418194735327518, -6.993216042361723 ], [ 110.418681405887014, -6.994353283032979 ] ] ], [ [ [ 110.489254172020594, -6.993210706001548 ], [ 110.489613811179026, -6.995251161580995 ], [ 110.488446854037818, -6.994751776921078 ], [ 110.489254172020594, -6.993210706001548 ] ] ], [ [ [ 110.459037194027928, -6.993083496493568 ], [ 110.459983819094987, -6.996149040128955 ], [ 110.457764372819156, -6.995463691197926 ], [ 110.459037194027928, -6.993083496493568 ] ] ], [ [ [ 110.427943532221718, -6.992203908165607 ], [ 110.42855806991497, -6.994353283032979 ], [ 110.426363038000204, -6.99372568872559 ], [ 110.427943532221718, -6.992203908165607 ] ] ], [ [ [ 110.464988105505654, -6.991883466250385 ], [ 110.465371090383087, -6.995251161580995 ], [ 110.462310732401818, -6.99446579186224 ], [ 110.464988105505654, -6.991883466250385 ] ] ], [ [ [ 110.451948726766773, -6.992454785592201 ], [ 110.451005033615047, -6.994353283032979 ], [ 110.449805523992211, -6.993746472443888 ], [ 110.450544421481538, -6.990460137766263 ], [ 110.451948726766773, -6.992454785592201 ] ] ], [ [ [ 110.457105568683119, -6.991122599946323 ], [ 110.456392304902977, -6.992557525936945 ], [ 110.452949893680966, -6.992241913461783 ], [ 110.454247553967718, -6.98967677517652 ], [ 110.457105568683119, -6.991122599946323 ] ] ], [ [ [ 110.421375041531007, -6.993455404485019 ], [ 110.420477162983104, -6.991659647388985 ], [ 110.422102252460149, -6.991331574273318 ], [ 110.421379357200919, -6.989851340598932 ], [ 110.423024326160544, -6.989047988922266 ], [ 110.425740978710792, -6.992165759013801 ], [ 110.423774060776452, -6.993160788086357 ], [ 110.423170798627098, -6.994353283032979 ], [ 110.421375041531007, -6.993455404485019 ] ] ], [ [ [ 110.330689308183025, -6.989863890293009 ], [ 110.329791429635009, -6.989863890293009 ], [ 110.329791429635009, -6.988966011744935 ], [ 110.330689308183025, -6.988966011744935 ], [ 110.330689308183025, -6.989863890293009 ] ] ], [ [ [ 110.431458337093773, -6.98806818114889 ], [ 110.43214958410698, -6.990761768841026 ], [ 110.429100570172352, -6.990281236123167 ], [ 110.428741013217291, -6.988677348230794 ], [ 110.431458337093773, -6.98806818114889 ] ] ], [ [ [ 110.377378992679098, -6.988966011744935 ], [ 110.377378992679098, -6.989863890293009 ], [ 110.376481114131025, -6.989863890293009 ], [ 110.375583235583008, -6.989863890293009 ], [ 110.375583235583008, -6.988966011744935 ], [ 110.374685357034934, -6.988966011744935 ], [ 110.374685357034934, -6.988068133196919 ], [ 110.375583235583008, -6.988068133196919 ], [ 110.377378992679098, -6.988966011744935 ] ] ], [ [ [ 110.447951758812621, -6.987823434713562 ], [ 110.448311397971111, -6.989863890293009 ], [ 110.447144440829845, -6.989364505632977 ], [ 110.447951758812621, -6.987823434713562 ] ] ], [ [ [ 110.434535848150233, -6.986973418999924 ], [ 110.434843219750974, -6.988068133196919 ], [ 110.433748505553979, -6.987760761596292 ], [ 110.434535848150233, -6.986973418999924 ] ] ], [ [ [ 110.327995672539089, -6.987170254648959 ], [ 110.327097793991072, -6.987170254648959 ], [ 110.327097793991072, -6.986272376100999 ], [ 110.327995672539089, -6.986272376100999 ], [ 110.327995672539089, -6.987170254648959 ] ] ], [ [ [ 110.470476747084206, -6.989394783824991 ], [ 110.468962604575097, -6.992557525936945 ], [ 110.46686561371996, -6.992063642043604 ], [ 110.465926647254491, -6.98930832657129 ], [ 110.460539375966391, -6.988524025494712 ], [ 110.461284479799986, -6.985468866868132 ], [ 110.462121897867689, -6.986827939822604 ], [ 110.469197925039168, -6.987573427271172 ], [ 110.470476747084206, -6.989394783824991 ] ] ], [ [ [ 110.378276871227115, -6.987170254648959 ], [ 110.377378992679098, -6.987170254648959 ], [ 110.377378992679098, -6.985374497552925 ], [ 110.378276871227115, -6.985374497552925 ], [ 110.378276871227115, -6.987170254648959 ] ] ], [ [ [ 110.366604450103068, -6.983578740456949 ], [ 110.365706571555052, -6.983578740456949 ], [ 110.365706571555052, -6.982680861908989 ], [ 110.367502328650971, -6.982680861908989 ], [ 110.367502328650971, -6.983578740456949 ], [ 110.366604450103068, -6.983578740456949 ] ] ], [ [ [ 110.481017626961432, -6.997495857950923 ], [ 110.481539823019375, -7.001029569567436 ], [ 110.479087782686634, -7.000198981218489 ], [ 110.479358423141264, -6.998367520516865 ], [ 110.478127237871604, -6.995235707372615 ], [ 110.478569217271513, -6.992244872778315 ], [ 110.476652374808623, -6.987561391347356 ], [ 110.473958739164686, -6.985482252295128 ], [ 110.474994910956923, -6.982289725210592 ], [ 110.477550253356696, -6.984867755703419 ], [ 110.478332526753491, -6.986779117950618 ], [ 110.480243889000633, -6.987561391347356 ], [ 110.481417299095938, -6.989081616896158 ], [ 110.482430782795063, -6.989863890293009 ], [ 110.482039646096723, -6.990370632142572 ], [ 110.480415323849684, -6.991624395901226 ], [ 110.481150302984702, -6.996597979402964 ], [ 110.481017626961432, -6.997495857950923 ] ] ], [ [ [ 110.488463979712037, -6.984457424549362 ], [ 110.485124418439, -6.986272376100999 ], [ 110.485124418439, -6.985374497552925 ], [ 110.484226539890926, -6.985374497552925 ], [ 110.484226539890926, -6.984476619005022 ], [ 110.485138214882113, -6.983847157999094 ], [ 110.484264421882358, -6.979949347698778 ], [ 110.488037344916108, -6.982554316877099 ], [ 110.488463979712037, -6.984457424549362 ] ] ], [ [ [ 110.305548708839012, -6.979089347716979 ], [ 110.305241337238328, -6.980184061914088 ], [ 110.304453994641847, -6.97939671931772 ], [ 110.305548708839012, -6.979089347716979 ] ] ], [ [ [ 110.428771565419993, -6.980813940786391 ], [ 110.427660191367124, -6.983578740456949 ], [ 110.423685678597053, -6.980879823255066 ], [ 110.426417223633393, -6.979062617964701 ], [ 110.428771565419993, -6.980813940786391 ] ] ], [ [ [ 110.332485065278945, -6.978191469169019 ], [ 110.333382943827019, -6.978191469169019 ], [ 110.333382943827019, -6.979089347716979 ], [ 110.332485065278945, -6.979089347716979 ], [ 110.332485065278945, -6.978191469169019 ] ] ], [ [ [ 110.503613131909276, -6.981416257598596 ], [ 110.501286232302903, -6.981782983361029 ], [ 110.500177036635876, -6.97876254875149 ], [ 110.505775625042986, -6.978191469169019 ], [ 110.503613131909276, -6.981416257598596 ] ] ], [ [ [ 110.415680398642394, -6.977994633519927 ], [ 110.415987770243078, -6.979089347716979 ], [ 110.414893056045912, -6.978781976116295 ], [ 110.415680398642394, -6.977994633519927 ] ] ], [ [ [ 110.292978409167119, -6.977293590621002 ], [ 110.292978409167119, -6.978191469169019 ], [ 110.292080530619046, -6.978191469169019 ], [ 110.292080530619046, -6.977293590621002 ], [ 110.292978409167119, -6.977293590621002 ] ] ], [ [ [ 110.332485065278945, -6.978191469169019 ], [ 110.331587186731099, -6.978191469169019 ], [ 110.331587186731099, -6.977293590621002 ], [ 110.332485065278945, -6.977293590621002 ], [ 110.332485065278945, -6.978191469169019 ] ] ], [ [ [ 110.393830285239289, -6.977036393820583 ], [ 110.394438685091075, -6.978191469169019 ], [ 110.391435280251926, -6.97780119560457 ], [ 110.393830285239289, -6.977036393820583 ] ] ], [ [ [ 110.373787478487088, -6.976395712072929 ], [ 110.373787478487088, -6.977293590621002 ], [ 110.374685357034934, -6.977293590621002 ], [ 110.374685357034934, -6.979987226264939 ], [ 110.371991721390998, -6.979987226264939 ], [ 110.371093842842924, -6.979987226264939 ], [ 110.370195964295078, -6.978191469169019 ], [ 110.370195964295078, -6.975497833524969 ], [ 110.372587968864423, -6.975799464599675 ], [ 110.373787478487088, -6.976395712072929 ] ] ], [ [ [ 110.446336191210435, -6.975074147770158 ], [ 110.449964847564672, -6.98298027692141 ], [ 110.455654558259084, -6.984737223814534 ], [ 110.45702714679561, -6.981746594728406 ], [ 110.459509629727052, -6.983295814043629 ], [ 110.457713872630961, -6.984900304759833 ], [ 110.453762554874061, -6.989322636784664 ], [ 110.449756160948994, -6.987145525175379 ], [ 110.448573749599348, -6.983316392253812 ], [ 110.44651564087502, -6.982680861908989 ], [ 110.445617762326947, -6.982680861908989 ], [ 110.445143572959012, -6.983104547663743 ], [ 110.444106880546201, -6.985363293936871 ], [ 110.44144996234769, -6.983919503697223 ], [ 110.441902230852634, -6.976331422291992 ], [ 110.446336191210435, -6.975074147770158 ] ] ], [ [ [ 110.306446587387086, -6.976395712072929 ], [ 110.305548708839012, -6.976395712072929 ], [ 110.305548708839012, -6.974599954976952 ], [ 110.306446587387086, -6.974599954976952 ], [ 110.306446587387086, -6.976395712072929 ] ] ], [ [ [ 110.320812644155069, -6.975497833524969 ], [ 110.319914765607052, -6.975497833524969 ], [ 110.320363704881061, -6.974347851352036 ], [ 110.320812644155069, -6.975497833524969 ] ] ], [ [ [ 110.493205325371036, -6.975497833524969 ], [ 110.49230744682302, -6.975497833524969 ], [ 110.492756386097028, -6.974347851352036 ], [ 110.493205325371036, -6.975497833524969 ] ] ], [ [ [ 110.360833577413302, -6.976531391939488 ], [ 110.361217178814968, -6.981782983361029 ], [ 110.359421421719048, -6.981782983361029 ], [ 110.358757055164062, -6.980469694183967 ], [ 110.356436718116242, -6.979685595190233 ], [ 110.355829907527095, -6.980885104813012 ], [ 110.355829907527095, -6.981782983361029 ], [ 110.354932028979022, -6.981782983361029 ], [ 110.355311383213632, -6.978447165760315 ], [ 110.358220850304519, -6.974233229214633 ], [ 110.360833577413302, -6.976531391939488 ] ] ], [ [ [ 110.486560536376658, -6.973457374520478 ], [ 110.48692017553509, -6.975497833524969 ], [ 110.485753218393882, -6.974998452290208 ], [ 110.486560536376658, -6.973457374520478 ] ] ], [ [ [ 110.307344465935103, -6.973702076428992 ], [ 110.306446587387086, -6.973702076428992 ], [ 110.306446587387086, -6.972804197880919 ], [ 110.307344465935103, -6.972804197880919 ], [ 110.307344465935103, -6.973702076428992 ] ] ], [ [ [ 110.292978409167119, -6.977293590621002 ], [ 110.293280040241712, -6.975799464599675 ], [ 110.293876287714966, -6.974599954976952 ], [ 110.294774166263039, -6.974599954976952 ], [ 110.294774166263039, -6.973702076428992 ], [ 110.294774166263039, -6.972804197880919 ], [ 110.297066795682667, -6.972272956041877 ], [ 110.298365680455049, -6.975497833524969 ], [ 110.296569923359129, -6.978191469169019 ], [ 110.292978409167119, -6.977293590621002 ] ] ], [ [ [ 110.412975418951817, -6.971174535848888 ], [ 110.413294134599141, -6.973702076428992 ], [ 110.410583400681958, -6.972342732888876 ], [ 110.412975418951817, -6.971174535848888 ] ] ], [ [ [ 110.333693672059837, -6.971549019541726 ], [ 110.33071405135712, -6.975864559287345 ], [ 110.327628943351442, -6.974902349856734 ], [ 110.328362401726565, -6.973170923643409 ], [ 110.329424700447532, -6.972437472118543 ], [ 110.329791429635009, -6.971906319332959 ], [ 110.331587186731099, -6.971906319332959 ], [ 110.331587186731099, -6.971008440784942 ], [ 110.333693672059837, -6.971549019541726 ] ] ], [ [ [ 110.375884866657771, -6.969615941939537 ], [ 110.372156127863434, -6.972880670866573 ], [ 110.370195964295078, -6.971906319332959 ], [ 110.370195964295078, -6.971008440784942 ], [ 110.370792211768332, -6.970706809710236 ], [ 110.371700653432129, -6.96891105261426 ], [ 110.375884866657771, -6.969615941939537 ] ] ], [ [ [ 110.42358081466864, -6.966276880736302 ], [ 110.424068677175114, -6.967416926592932 ], [ 110.422003841485832, -6.967052988890373 ], [ 110.42358081466864, -6.966276880736302 ] ] ], [ [ [ 110.416419597543381, -6.972338143208219 ], [ 110.415987770243078, -6.972804197880919 ], [ 110.413760185846684, -6.972098942066225 ], [ 110.414727019209352, -6.969351261219572 ], [ 110.419470433649792, -6.966087224169826 ], [ 110.420880260252261, -6.968205115197634 ], [ 110.416419597543381, -6.972338143208219 ] ] ], [ [ [ 110.440005322674551, -6.965368096558961 ], [ 110.441128369587091, -6.967416926592932 ], [ 110.439014705175623, -6.96696225021816 ], [ 110.440005322674551, -6.965368096558961 ] ] ], [ [ [ 110.315425372866969, -6.971906319332959 ], [ 110.314527494319123, -6.971906319332959 ], [ 110.31181247898337, -6.968246343545729 ], [ 110.317543113188947, -6.964600506715158 ], [ 110.318387724039894, -6.971390795437685 ], [ 110.315425372866969, -6.971906319332959 ] ] ], [ [ [ 110.421375041531007, -6.962927533852962 ], [ 110.423012023076353, -6.962224929092542 ], [ 110.425325139939901, -6.963762999593939 ], [ 110.421901731366006, -6.965038413629827 ], [ 110.421375041531007, -6.962927533852962 ] ] ], [ [ [ 110.421375041531007, -6.962927533852962 ], [ 110.420280327334012, -6.962620162252279 ], [ 110.421067669930267, -6.96183281965591 ], [ 110.421375041531007, -6.962927533852962 ] ] ], [ [ [ 110.359421421719048, -6.969212683689022 ], [ 110.357380966139658, -6.969572322847398 ], [ 110.358922037059074, -6.970379644255331 ], [ 110.359421421719048, -6.969212683689022 ], [ 110.361724489236906, -6.968647002118985 ], [ 110.362115057363042, -6.969212683689022 ], [ 110.361558911368547, -6.973196523101137 ], [ 110.359033922513902, -6.970568478789403 ], [ 110.358065623193511, -6.971448402780595 ], [ 110.357150824479447, -6.972400538889531 ], [ 110.350825730720828, -6.972271455832754 ], [ 110.350900905580374, -6.975954941745613 ], [ 110.349544757691092, -6.979089347716979 ], [ 110.346319972686558, -6.976926864858626 ], [ 110.345953243499082, -6.976395712072929 ], [ 110.349007073173198, -6.974287229890479 ], [ 110.347217851234632, -6.971539593570583 ], [ 110.346448565949004, -6.968541915556955 ], [ 110.344752672084553, -6.967050200830556 ], [ 110.343259607854975, -6.969212683689022 ], [ 110.342361729307129, -6.969212683689022 ], [ 110.342361729307129, -6.970110562236982 ], [ 110.33900498070733, -6.969559146353618 ], [ 110.339290280739249, -6.97148973730782 ], [ 110.338867290286657, -6.972297456031413 ], [ 110.337481199868535, -6.970501698935379 ], [ 110.336467716169466, -6.969719425538585 ], [ 110.335685442772672, -6.966910184743369 ], [ 110.335178700923109, -6.966519048044972 ], [ 110.335178700923109, -6.965621169497012 ], [ 110.332485065278945, -6.965621169497012 ], [ 110.332485065278945, -6.964723290948996 ], [ 110.332811110714943, -6.963253575863689 ], [ 110.333954776939095, -6.962601491842236 ], [ 110.334978659347769, -6.960805734746259 ], [ 110.337346592069366, -6.961730476626826 ], [ 110.338198382002872, -6.964397248938269 ], [ 110.343831440967222, -6.965049332959723 ], [ 110.344157486402992, -6.965621169497012 ], [ 110.342991001930443, -6.966142183883505 ], [ 110.345055364951065, -6.966519048044972 ], [ 110.346840045160889, -6.965817450274244 ], [ 110.349196126916013, -6.967636042744232 ], [ 110.348937789545687, -6.969384180190559 ], [ 110.358466870889913, -6.96797600792803 ], [ 110.359421421719048, -6.969212683689022 ] ] ], [ [ [ 110.307344465935103, -6.966519048044972 ], [ 110.304296089075365, -6.967771732886092 ], [ 110.302480209312193, -6.964999678779918 ], [ 110.30555767584201, -6.960152335472969 ], [ 110.308679419089913, -6.960769205683107 ], [ 110.309140223031022, -6.964723290948996 ], [ 110.308242344483006, -6.964723290948996 ], [ 110.308242344483006, -6.965621169497012 ], [ 110.307344465935103, -6.965621169497012 ], [ 110.307344465935103, -6.966519048044972 ] ] ], [ [ [ 110.503081989398993, -6.959336019660952 ], [ 110.502633050124984, -6.960486001833829 ], [ 110.502184110850976, -6.959336019660952 ], [ 110.503081989398993, -6.959336019660952 ] ] ], [ [ [ 110.317636681022577, -6.959818347149394 ], [ 110.319914765607052, -6.963825412400922 ], [ 110.314144482040547, -6.963373667941596 ], [ 110.313508335171491, -6.959068855718158 ], [ 110.317221129963059, -6.958438141112936 ], [ 110.317636681022577, -6.959818347149394 ] ] ], [ [ [ 110.441718876534424, -6.958241305463901 ], [ 110.442026248134937, -6.959336019660952 ], [ 110.440931533937999, -6.959028648060269 ], [ 110.441718876534424, -6.958241305463901 ] ] ], [ [ [ 110.411498377503051, -6.957540262564976 ], [ 110.411498377503051, -6.958438141112936 ], [ 110.410348395330061, -6.957989201838984 ], [ 110.411498377503051, -6.957540262564976 ] ] ], [ [ [ 110.412396256051068, -6.957540262564976 ], [ 110.413294134599141, -6.957540262564976 ], [ 110.413294134599141, -6.958438141112936 ], [ 110.412396256051068, -6.958438141112936 ], [ 110.412396256051068, -6.957540262564976 ] ] ], [ [ [ 110.503081989398993, -6.959336019660952 ], [ 110.503458863835931, -6.957271660065544 ], [ 110.503979867947066, -6.958438141112936 ], [ 110.503979867947066, -6.959336019660952 ], [ 110.503081989398993, -6.959336019660952 ] ] ], [ [ [ 110.412396256051068, -6.957540262564976 ], [ 110.411498377503051, -6.957540262564976 ], [ 110.411498377503051, -6.956642384017016 ], [ 110.412396256051068, -6.956642384017016 ], [ 110.412396256051068, -6.957540262564976 ] ] ], [ [ [ 110.47075836167096, -6.955744505468999 ], [ 110.47075836167096, -6.957540262564976 ], [ 110.47255411876705, -6.957540262564976 ], [ 110.473350873633933, -6.960644986317845 ], [ 110.475247754411043, -6.961131776756986 ], [ 110.475791063000258, -6.963248900554674 ], [ 110.478308112392313, -6.967114230301377 ], [ 110.47626836239067, -6.969433173319317 ], [ 110.474689183421049, -6.967008092222841 ], [ 110.475484883346383, -6.963458686638546 ], [ 110.472920841104383, -6.964192138163412 ], [ 110.471862844352643, -6.968314859943177 ], [ 110.468673934210642, -6.969029740386816 ], [ 110.468413021138872, -6.967865865866941 ], [ 110.469016872411544, -6.965172230223004 ], [ 110.468404033585102, -6.962438489675094 ], [ 110.469670908759781, -6.960492999384371 ], [ 110.468723475360889, -6.956266711802357 ], [ 110.47075836167096, -6.955744505468999 ] ] ], [ [ [ 110.441495091924196, -6.956225387550489 ], [ 110.44073734249281, -6.957204948714264 ], [ 110.438166312975738, -6.956628580723589 ], [ 110.437536855395081, -6.957540262564976 ], [ 110.436369665344728, -6.958346138566014 ], [ 110.433970372088538, -6.962549631875618 ], [ 110.429089226125768, -6.962688870457157 ], [ 110.430353827011061, -6.957540262564976 ], [ 110.432516306444313, -6.956111232943954 ], [ 110.434476497413812, -6.955377777993988 ], [ 110.437234155678254, -6.953582020898011 ], [ 110.441495091924196, -6.956225387550489 ] ] ], [ [ [ 110.374685357034934, -6.953050869825006 ], [ 110.377827931953107, -6.952278988287219 ], [ 110.380970506871108, -6.953050869825006 ], [ 110.381337236058528, -6.953582020898011 ], [ 110.382399534779552, -6.95431547584792 ], [ 110.383132993154447, -6.957173535090021 ], [ 110.384562021063118, -6.959336019660952 ], [ 110.384562021063118, -6.960233898209026 ], [ 110.383412038890128, -6.960682837482977 ], [ 110.384562021063118, -6.961131776756986 ], [ 110.384562021063118, -6.962029655305003 ], [ 110.383143515168854, -6.964238171975637 ], [ 110.383713026039459, -6.968092068622241 ], [ 110.382232011434326, -6.970547314881173 ], [ 110.384019397500822, -6.975093965600365 ], [ 110.386260696137128, -6.975888970223423 ], [ 110.387255656707055, -6.974599954976952 ], [ 110.389442550501485, -6.975208930251313 ], [ 110.388358152810554, -6.977556500546314 ], [ 110.385851036309475, -6.978582605867359 ], [ 110.385057925785873, -6.981430759619514 ], [ 110.381477248720614, -6.984085482306568 ], [ 110.380072628323035, -6.984476619005022 ], [ 110.380072628323035, -6.983578740456949 ], [ 110.379174749775018, -6.983578740456949 ], [ 110.379460104608995, -6.980272584524016 ], [ 110.381697457489906, -6.977778558888417 ], [ 110.381162088363283, -6.976844651346994 ], [ 110.382137272204659, -6.97514352045124 ], [ 110.380970506871108, -6.974599954976952 ], [ 110.379774949853982, -6.969941213294987 ], [ 110.376847843318501, -6.968845957926533 ], [ 110.375747662606273, -6.967252502994938 ], [ 110.374685357034934, -6.966519048044972 ], [ 110.374294220336651, -6.966012306195353 ], [ 110.372382858089509, -6.965230032798615 ], [ 110.365978739619834, -6.960449948864493 ], [ 110.359421421719048, -6.959336019660952 ], [ 110.359421421719048, -6.956642384017016 ], [ 110.360874863988727, -6.95698470055595 ], [ 110.36173840213479, -6.958386186955181 ], [ 110.36435975373297, -6.957569701598914 ], [ 110.367053389377077, -6.958408702079055 ], [ 110.370736560177477, -6.957261483989896 ], [ 110.371093842842924, -6.955744505468999 ], [ 110.372293352465761, -6.955148257995688 ], [ 110.37541469839806, -6.954518127375934 ], [ 110.374685357034934, -6.953050869825006 ] ] ], [ [ [ 110.374685357034934, -6.953050869825006 ], [ 110.373787478487088, -6.953050869825006 ], [ 110.373787478487088, -6.952152991276989 ], [ 110.374685357034934, -6.952152991276989 ], [ 110.374685357034934, -6.953050869825006 ] ] ], [ [ [ 110.503979867947066, -6.952152991276989 ], [ 110.503081989398993, -6.953405720644923 ], [ 110.502184110850976, -6.952152991276989 ], [ 110.503979867947066, -6.952152991276989 ] ] ], [ [ [ 110.48332866134308, -6.952152991276989 ], [ 110.48332866134308, -6.953050869825006 ], [ 110.484226539890926, -6.953050869825006 ], [ 110.484226539890926, -6.953948748372966 ], [ 110.485124418439, -6.953948748372966 ], [ 110.485124418439, -6.954846626920926 ], [ 110.487818054082936, -6.954846626920926 ], [ 110.487818054082936, -6.955744505468999 ], [ 110.48871593263101, -6.955744505468999 ], [ 110.489147759931313, -6.958006317237789 ], [ 110.490276396664001, -6.961226430358295 ], [ 110.487765375509071, -6.965971817676404 ], [ 110.49363715267134, -6.967370464638805 ], [ 110.490584028574915, -6.971371224217194 ], [ 110.486488348234786, -6.966950871920119 ], [ 110.484713676268768, -6.965306543460713 ], [ 110.483794712590793, -6.963359357728223 ], [ 110.48332866134308, -6.962927533852962 ], [ 110.48332866134308, -6.962029655305003 ], [ 110.482430782795063, -6.962029655305003 ], [ 110.482430782795063, -6.959336019660952 ], [ 110.48332866134308, -6.959336019660952 ], [ 110.48332866134308, -6.958438141112936 ], [ 110.484226539890926, -6.958438141112936 ], [ 110.484226539890926, -6.957540262564976 ], [ 110.48547926240866, -6.956642384017016 ], [ 110.484226539890926, -6.955744505468999 ], [ 110.484226539890926, -6.954846626920926 ], [ 110.482430782795063, -6.954846626920926 ], [ 110.482430782795063, -6.953948748372966 ], [ 110.48153290424699, -6.953948748372966 ], [ 110.48185190760563, -6.951418935215884 ], [ 110.48332866134308, -6.952152991276989 ] ] ], [ [ [ 110.503979867947066, -6.952152991276989 ], [ 110.503979867947066, -6.951255112729029 ], [ 110.504877746495083, -6.951255112729029 ], [ 110.504877746495083, -6.952152991276989 ], [ 110.503979867947066, -6.952152991276989 ] ] ], [ [ [ 110.373787478487088, -6.952152991276989 ], [ 110.372692764289923, -6.951845621388827 ], [ 110.373480106886404, -6.951058277079881 ], [ 110.373787478487088, -6.952152991276989 ] ] ], [ [ [ 110.406111106215121, -6.949459355632996 ], [ 110.406111106215121, -6.950357234180956 ], [ 110.407008984763138, -6.950357234180956 ], [ 110.406209818601269, -6.951605565675777 ], [ 110.404928968876334, -6.95021614431397 ], [ 110.406111106215121, -6.949459355632996 ] ] ], [ [ [ 110.470284172303025, -6.95167879848384 ], [ 110.468674619237618, -6.955185708420061 ], [ 110.466743158299039, -6.950627311201004 ], [ 110.469577553284637, -6.948137791330112 ], [ 110.47075836167096, -6.949459355632996 ], [ 110.47075836167096, -6.951255112729029 ], [ 110.470284172303025, -6.95167879848384 ] ] ], [ [ [ 110.420477162983104, -6.949459355632996 ], [ 110.420477162983104, -6.950357234180956 ], [ 110.419245100878868, -6.949626831026194 ], [ 110.420156858073256, -6.947404512774654 ], [ 110.421375041531007, -6.949459355632996 ], [ 110.420477162983104, -6.949459355632996 ] ] ], [ [ [ 110.294774166263039, -6.946765719988946 ], [ 110.29514089373788, -6.947296871062065 ], [ 110.29718695283799, -6.948709549089301 ], [ 110.296217209823226, -6.953035326563054 ], [ 110.297910288226944, -6.955487503901281 ], [ 110.301512009320902, -6.956294928063244 ], [ 110.303752951742922, -6.955744505468999 ], [ 110.303752951742922, -6.957540262564976 ], [ 110.300226662393868, -6.958406391825577 ], [ 110.29732487959302, -6.957755878228454 ], [ 110.298365680455049, -6.960233898209026 ], [ 110.292106542805584, -6.959144653952194 ], [ 110.292662447328212, -6.954675428406176 ], [ 110.291681255800142, -6.953450144643739 ], [ 110.290195346677478, -6.952260247661968 ], [ 110.294275562533869, -6.947164994807792 ], [ 110.294774166263039, -6.946765719988946 ] ] ], [ [ [ 110.399294800168207, -6.950888385254075 ], [ 110.399825956378947, -6.951255112729029 ], [ 110.400723834927021, -6.951255112729029 ], [ 110.402170146065941, -6.953528474052462 ], [ 110.400210242807759, -6.954354342565523 ], [ 110.402020988293771, -6.965586705790201 ], [ 110.401067828069415, -6.970509837055772 ], [ 110.400225231197851, -6.969711287418193 ], [ 110.398528803012198, -6.957939537383766 ], [ 110.398030199283085, -6.957540262564976 ], [ 110.397296740907962, -6.954682203322875 ], [ 110.396234442186994, -6.953948748372966 ], [ 110.395932811112345, -6.951556743803735 ], [ 110.395336563639091, -6.950357234180956 ], [ 110.397249049330526, -6.949389743192398 ], [ 110.395638194713683, -6.9473619674622 ], [ 110.395336563639091, -6.945867841440929 ], [ 110.398879180606002, -6.946776973269493 ], [ 110.398285275924991, -6.949426234579107 ], [ 110.399294800168207, -6.950888385254075 ] ] ], [ [ [ 110.294774166263039, -6.946765719988946 ], [ 110.295081536151145, -6.945671005791894 ], [ 110.295868880460205, -6.946458350100841 ], [ 110.294774166263039, -6.946765719988946 ] ] ], [ [ [ 110.467166847479007, -6.944969962892969 ], [ 110.466717908204942, -6.946119945065902 ], [ 110.466268968931104, -6.944969962892969 ], [ 110.467166847479007, -6.944969962892969 ] ] ], [ [ [ 110.477043511506963, -6.947663598537019 ], [ 110.475247754411043, -6.947663598537019 ], [ 110.474946123336224, -6.947067351063652 ], [ 110.473150366240361, -6.946158909399799 ], [ 110.475196240382957, -6.944949605604052 ], [ 110.477043511506963, -6.945867841440929 ], [ 110.477043511506963, -6.947663598537019 ] ] ], [ [ [ 110.308242344483006, -6.944072084345009 ], [ 110.307875618720686, -6.947296871062065 ], [ 110.307344465935103, -6.949459355632996 ], [ 110.306446587387086, -6.949459355632996 ], [ 110.307228864208867, -6.944854361166904 ], [ 110.308242344483006, -6.944072084345009 ] ] ], [ [ [ 110.308242344483006, -6.944072084345009 ], [ 110.308242344483006, -6.943174205796936 ], [ 110.309140223031022, -6.943174205796936 ], [ 110.309140223031022, -6.944072084345009 ], [ 110.308242344483006, -6.944072084345009 ] ] ], [ [ [ 110.417783527338997, -6.943174205796936 ], [ 110.417783527338997, -6.944072084345009 ], [ 110.416633545166007, -6.943623145071001 ], [ 110.417783527338997, -6.943174205796936 ] ] ], [ [ [ 110.44292412668301, -6.948561477084979 ], [ 110.441829412486015, -6.948868846973085 ], [ 110.442616755082327, -6.949656191282031 ], [ 110.44292412668301, -6.948561477084979 ], [ 110.444123636305847, -6.949157724558233 ], [ 110.445617762326947, -6.949459355632996 ], [ 110.445617762326947, -6.950357234180956 ], [ 110.44651564087502, -6.950357234180956 ], [ 110.448311397971111, -6.950357234180956 ], [ 110.448311397971111, -6.951255112729029 ], [ 110.448311397971111, -6.953948748372966 ], [ 110.449209276519127, -6.953948748372966 ], [ 110.449209276519127, -6.955744505468999 ], [ 110.450299359933808, -6.959187574316957 ], [ 110.451436860915351, -6.961597831429799 ], [ 110.454258048580925, -6.962491024393273 ], [ 110.456599594063732, -6.965018188208546 ], [ 110.458642851403226, -6.966099379973286 ], [ 110.461149899401789, -6.963393588525776 ], [ 110.463973580565323, -6.964616830907858 ], [ 110.461764135683154, -6.970920599776775 ], [ 110.463904461344214, -6.973230592917446 ], [ 110.464935783145677, -6.973271471901739 ], [ 110.467973480434807, -6.972206772161314 ], [ 110.473821898177391, -6.974058389781419 ], [ 110.47794139005498, -6.977293590621002 ], [ 110.477112301915156, -6.982174120059426 ], [ 110.475291829046171, -6.981207581258388 ], [ 110.473567602466176, -6.978973745990913 ], [ 110.472032046013851, -6.977788495204607 ], [ 110.472251980772285, -6.976300178211943 ], [ 110.468513665301032, -6.975747745063586 ], [ 110.465714864316851, -6.976161340371164 ], [ 110.460989452385206, -6.973310939730595 ], [ 110.458804243757129, -6.974441241078637 ], [ 110.457579182628479, -6.977434452716466 ], [ 110.454241320222309, -6.977927709810217 ], [ 110.454081270521499, -6.976844651346994 ], [ 110.454603466579442, -6.973310939730595 ], [ 110.453191927409478, -6.974093213127389 ], [ 110.452089486108207, -6.976786848771326 ], [ 110.451396170313387, -6.976004575374532 ], [ 110.450273041197647, -6.973260398440857 ], [ 110.443430868532573, -6.970460049295752 ], [ 110.444226897270937, -6.969588770344899 ], [ 110.445293456859702, -6.969746384774851 ], [ 110.449532088627564, -6.966474716524772 ], [ 110.449951530640419, -6.963636327832035 ], [ 110.447804656121548, -6.960740640058589 ], [ 110.447413519423037, -6.956642384017016 ], [ 110.448508233620203, -6.956335014128797 ], [ 110.447720891023778, -6.95554766981985 ], [ 110.447413519423037, -6.956642384017016 ], [ 110.444213141929367, -6.955353367057967 ], [ 110.442510247089274, -6.954326165693828 ], [ 110.441524082265516, -6.954471896618486 ], [ 110.441128369587091, -6.953050869825006 ], [ 110.441128369587091, -6.951255112729029 ], [ 110.440230491039074, -6.951255112729029 ], [ 110.440230491039074, -6.949459355632996 ], [ 110.439332612491, -6.949459355632996 ], [ 110.439332612491, -6.947663598537019 ], [ 110.439332612491, -6.946765719988946 ], [ 110.440826738512328, -6.946464088914297 ], [ 110.442591381683428, -6.942951288602387 ], [ 110.44292412668301, -6.948561477084979 ] ] ], [ [ [ 110.309140223031022, -6.943174205796936 ], [ 110.309140223031022, -6.942276327248919 ], [ 110.310038101579096, -6.942276327248919 ], [ 110.310038101579096, -6.943174205796936 ], [ 110.309140223031022, -6.943174205796936 ] ] ], [ [ [ 110.310038101579096, -6.942276327248919 ], [ 110.310038101579096, -6.941378448700959 ], [ 110.310935980127113, -6.941378448700959 ], [ 110.310935980127113, -6.942276327248919 ], [ 110.310038101579096, -6.942276327248919 ] ] ], [ [ [ 110.301649823046318, -6.938487976551585 ], [ 110.301957194647002, -6.939582691604983 ], [ 110.300862480449894, -6.939275321716821 ], [ 110.301649823046318, -6.938487976551585 ] ] ], [ [ [ 110.304940312412441, -6.937529738564876 ], [ 110.305548708839012, -6.938684813057023 ], [ 110.302545303999864, -6.938294540348807 ], [ 110.304940312412441, -6.937529738564876 ] ] ] ] } },
{ "type": "Feature", "properties": { "Id": 2, "gridcode": 2, "Kelas": "Sedang" }, "geometry": { "type": "MultiPolygon", "coordinates": [ [ [ [ 110.400013941479699, -7.111440859978131 ], [ 110.395034932564329, -7.113915807612727 ], [ 110.395638194713683, -7.112277003895713 ], [ 110.396234442186994, -7.111975372821007 ], [ 110.397132320735011, -7.111975372821007 ], [ 110.397132320735011, -7.11107749427299 ], [ 110.400013941479699, -7.111440859978131 ] ] ], [ [ [ 110.404032542585469, -7.110034636617343 ], [ 110.404315349119031, -7.111975372821007 ], [ 110.402323304395509, -7.111685085792885 ], [ 110.404032542585469, -7.110034636617343 ] ] ], [ [ [ 110.401621713475038, -7.109281737176957 ], [ 110.400723834927021, -7.109281737176957 ], [ 110.401090214750752, -7.106376291194294 ], [ 110.40233333319037, -7.108921741804522 ], [ 110.401621713475038, -7.109281737176957 ] ] ], [ [ [ 110.45010715506703, -7.090426287669004 ], [ 110.449209276519127, -7.090426287669004 ], [ 110.449209276519127, -7.089528409120931 ], [ 110.45010715506703, -7.089528409120931 ], [ 110.45010715506703, -7.090426287669004 ] ] ], [ [ [ 110.454898178881649, -7.086997933200337 ], [ 110.453132042351854, -7.088563850047876 ], [ 110.452800790710967, -7.085936894928921 ], [ 110.454898178881649, -7.086997933200337 ] ] ], [ [ [ 110.306446587387086, -7.084141137832944 ], [ 110.308242344483006, -7.084141137832944 ], [ 110.310429238277379, -7.085829140186831 ], [ 110.307377823323236, -7.085347607329709 ], [ 110.306446587387086, -7.084141137832944 ] ] ], [ [ [ 110.302855073195076, -7.084141137832944 ], [ 110.301957194647002, -7.084141137832944 ], [ 110.301957194647002, -7.083243259284984 ], [ 110.302855073195076, -7.083243259284984 ], [ 110.302855073195076, -7.084141137832944 ] ] ], [ [ [ 110.345953243499082, -7.082345380737024 ], [ 110.345405817897699, -7.083593719081989 ], [ 110.344534956813504, -7.087185233273999 ], [ 110.342909154908284, -7.085953157469248 ], [ 110.343827796623714, -7.082860753926411 ], [ 110.345953243499082, -7.082345380737024 ] ] ], [ [ [ 110.306446587387086, -7.084141137832944 ], [ 110.303752951742922, -7.084141137832944 ], [ 110.303752951742922, -7.083243259284984 ], [ 110.304650830290996, -7.083243259284984 ], [ 110.304650830290996, -7.081447502189008 ], [ 110.305548708839012, -7.081447502189008 ], [ 110.305548708839012, -7.082345380737024 ], [ 110.306446587387086, -7.082345380737024 ], [ 110.306446587387086, -7.084141137832944 ] ] ], [ [ [ 110.331587186731099, -7.081447502189008 ], [ 110.331132513781313, -7.083561166600475 ], [ 110.329538353271744, -7.082570549101433 ], [ 110.331587186731099, -7.081447502189008 ] ] ], [ [ [ 110.345953243499082, -7.082345380737024 ], [ 110.345953243499082, -7.081447502189008 ], [ 110.345953243499082, -7.079651745092974 ], [ 110.347592184221469, -7.079982613118659 ], [ 110.346549490972393, -7.082043749662262 ], [ 110.345953243499082, -7.082345380737024 ] ] ], [ [ [ 110.304650830290996, -7.081447502189008 ], [ 110.302855073195076, -7.081447502189008 ], [ 110.302855073195076, -7.080549623640934 ], [ 110.301059316098986, -7.080549623640934 ], [ 110.301059316098986, -7.079651745092974 ], [ 110.301957194647002, -7.079651745092974 ], [ 110.301957194647002, -7.078753866545014 ], [ 110.302855073195076, -7.078753866545014 ], [ 110.304650830290996, -7.081447502189008 ] ] ], [ [ [ 110.460881697643003, -7.078753866545014 ], [ 110.461779576191077, -7.078753866545014 ], [ 110.461779576191077, -7.079651745092974 ], [ 110.460881697643003, -7.079651745092974 ], [ 110.460881697643003, -7.078753866545014 ] ] ], [ [ [ 110.346851122046985, -7.076958109448924 ], [ 110.345953243499082, -7.078753866545014 ], [ 110.345055364951065, -7.078753866545014 ], [ 110.345055364951065, -7.076958109448924 ], [ 110.346851122046985, -7.076958109448924 ] ] ], [ [ [ 110.346851122046985, -7.076958109448924 ], [ 110.346851122046985, -7.076060230900964 ], [ 110.347749000595002, -7.076060230900964 ], [ 110.347749000595002, -7.076958109448924 ], [ 110.346851122046985, -7.076958109448924 ] ] ], [ [ [ 110.340565972211039, -7.075162352353004 ], [ 110.340117032936973, -7.07631233452588 ], [ 110.339668093663136, -7.075162352353004 ], [ 110.340565972211039, -7.075162352353004 ] ] ], [ [ [ 110.341463850759055, -7.075162352353004 ], [ 110.344157486402992, -7.075162352353004 ], [ 110.344157486402992, -7.076958109448924 ], [ 110.343259607854975, -7.076958109448924 ], [ 110.343259607854975, -7.076060230900964 ], [ 110.342361729307129, -7.076060230900964 ], [ 110.341463850759055, -7.076060230900964 ], [ 110.341463850759055, -7.075162352353004 ] ] ], [ [ [ 110.467166847479007, -7.076958109448924 ], [ 110.465371090383087, -7.076958109448924 ], [ 110.465974352532442, -7.075765614502416 ], [ 110.467166847479007, -7.075162352353004 ], [ 110.467166847479007, -7.076958109448924 ] ] ], [ [ [ 110.491409568275117, -7.076060230900964 ], [ 110.4905116897271, -7.076060230900964 ], [ 110.4905116897271, -7.075162352353004 ], [ 110.491409568275117, -7.075162352353004 ], [ 110.491409568275117, -7.076060230900964 ] ] ], [ [ [ 110.341463850759055, -7.075162352353004 ], [ 110.340565972211039, -7.075162352353004 ], [ 110.341014911485047, -7.074012370180071 ], [ 110.341463850759055, -7.075162352353004 ] ] ], [ [ [ 110.301957194647002, -7.072468716708954 ], [ 110.302855073195076, -7.072468716708954 ], [ 110.302855073195076, -7.073366595257028 ], [ 110.302855073195076, -7.074264473804988 ], [ 110.302855073195076, -7.075162352353004 ], [ 110.301957194647002, -7.075162352353004 ], [ 110.301957194647002, -7.072468716708954 ] ] ], [ [ [ 110.335178700923109, -7.072468716708954 ], [ 110.33572879127928, -7.074612261996833 ], [ 110.337872336567045, -7.075162352353004 ], [ 110.337570705492283, -7.075758599826202 ], [ 110.334582453449684, -7.077259740523743 ], [ 110.333979191300273, -7.078452235470252 ], [ 110.333382943827019, -7.078753866545014 ], [ 110.332485065278945, -7.078753866545014 ], [ 110.332485065278945, -7.079651745092974 ], [ 110.331587186731099, -7.079651745092974 ], [ 110.331978323429439, -7.078247124695395 ], [ 110.334481788736809, -7.074096875106932 ], [ 110.327995672539089, -7.075162352353004 ], [ 110.328584638175698, -7.074206479421832 ], [ 110.332827380105414, -7.072811038385566 ], [ 110.335178700923109, -7.072468716708954 ] ] ], [ [ [ 110.461779576191077, -7.078753866545014 ], [ 110.461330636917069, -7.076666877083596 ], [ 110.460881697643003, -7.078753866545014 ], [ 110.459983819094987, -7.078753866545014 ], [ 110.458894681017455, -7.07753488845583 ], [ 110.454172858627146, -7.082819570105073 ], [ 110.453224479891048, -7.083666948464895 ], [ 110.452800790710967, -7.085039016380961 ], [ 110.451902912163121, -7.085039016380961 ], [ 110.451902912163121, -7.083243259284984 ], [ 110.447413519423037, -7.083243259284984 ], [ 110.446631246026243, -7.082229775585802 ], [ 110.443459735569149, -7.079781776912057 ], [ 110.448311397971111, -7.080498739837708 ], [ 110.45221005085466, -7.079922604756291 ], [ 110.454987684505397, -7.078247124695395 ], [ 110.458810408999852, -7.076682577901749 ], [ 110.459983819094987, -7.075162352353004 ], [ 110.460881697643003, -7.075162352353004 ], [ 110.460881697643003, -7.074264473804988 ], [ 110.462677454739094, -7.074264473804988 ], [ 110.462677454739094, -7.073366595257028 ], [ 110.462677454739094, -7.072468716708954 ], [ 110.463575333286997, -7.072468716708954 ], [ 110.463575333286997, -7.076958109448924 ], [ 110.463575333286997, -7.077855987996998 ], [ 110.463575333286997, -7.078753866545014 ], [ 110.461779576191077, -7.078753866545014 ] ] ], [ [ [ 110.301957194647002, -7.072468716708954 ], [ 110.300862480449894, -7.07216134510827 ], [ 110.301649823046318, -7.071374002511902 ], [ 110.301957194647002, -7.072468716708954 ] ] ], [ [ [ 110.495001082467127, -7.070672959612978 ], [ 110.496095796664122, -7.070980331213661 ], [ 110.49530845406764, -7.071767673810029 ], [ 110.495001082467127, -7.070672959612978 ] ] ], [ [ [ 110.301957194647002, -7.068877202517001 ], [ 110.301508255372994, -7.070027184689934 ], [ 110.301059316098986, -7.068877202517001 ], [ 110.301957194647002, -7.068877202517001 ] ] ], [ [ [ 110.473451997315124, -7.068877202517001 ], [ 110.473451997315124, -7.070672959612978 ], [ 110.47434987586297, -7.070672959612978 ], [ 110.475074195978323, -7.072130121578994 ], [ 110.472855749841699, -7.07277034778366 ], [ 110.47255411876705, -7.073366595257028 ], [ 110.471656240219033, -7.073366595257028 ], [ 110.471027056649064, -7.072993598072685 ], [ 110.471985299773564, -7.070203195519127 ], [ 110.468962604575097, -7.069775081065018 ], [ 110.468962604575097, -7.068877202517001 ], [ 110.468064726027023, -7.068877202517001 ], [ 110.467166847479007, -7.068877202517001 ], [ 110.467166847479007, -7.067081445420968 ], [ 110.470190734624452, -7.067595133444001 ], [ 110.473451997315124, -7.068877202517001 ] ] ], [ [ [ 110.48692017553509, -7.065285688324991 ], [ 110.4905116897271, -7.065285688324991 ], [ 110.490833213984956, -7.072620806396515 ], [ 110.49230744682302, -7.073366595257028 ], [ 110.49230744682302, -7.074264473804988 ], [ 110.491409568275117, -7.074264473804988 ], [ 110.489613811179026, -7.073366595257028 ], [ 110.489613811179026, -7.071570838160937 ], [ 110.48871593263101, -7.071570838160937 ], [ 110.48871593263101, -7.070672959612978 ], [ 110.487818054082936, -7.070672959612978 ], [ 110.487818054082936, -7.069775081065018 ], [ 110.48692017553509, -7.069775081065018 ], [ 110.486368824729198, -7.067530384694976 ], [ 110.48692017553509, -7.065285688324991 ] ] ], [ [ [ 110.301256151748078, -7.06587619527221 ], [ 110.300161437550912, -7.066183566873008 ], [ 110.300468809151823, -7.065088852675842 ], [ 110.301256151748078, -7.06587619527221 ] ] ], [ [ [ 110.495001082467127, -7.070672959612978 ], [ 110.49410320391911, -7.070672959612978 ], [ 110.493552784750023, -7.068432017190787 ], [ 110.493764005965261, -7.067489817397927 ], [ 110.49230744682302, -7.065285688324991 ], [ 110.495494808804267, -7.065809281837971 ], [ 110.496893921584956, -7.06399667307852 ], [ 110.498582047243758, -7.065006649439624 ], [ 110.499490475206983, -7.066183566873008 ], [ 110.499490475206983, -7.067081445420968 ], [ 110.495671230649577, -7.068061568306746 ], [ 110.495001082467127, -7.070672959612978 ] ] ], [ [ [ 110.48692017553509, -7.065285688324991 ], [ 110.486022296987016, -7.065285688324991 ], [ 110.486022296987016, -7.063489931228958 ], [ 110.48692017553509, -7.063489931228958 ], [ 110.48692017553509, -7.065285688324991 ] ] ], [ [ [ 110.300161437550912, -7.063489931228958 ], [ 110.299263559003066, -7.063489931228958 ], [ 110.299263559003066, -7.061694174132981 ], [ 110.300161437550912, -7.061694174132981 ], [ 110.300161437550912, -7.063489931228958 ] ] ], [ [ [ 110.465371090383087, -7.052715388652985 ], [ 110.467166847479007, -7.052715388652985 ], [ 110.467166847479007, -7.053613267201001 ], [ 110.465731921488327, -7.054326530981029 ], [ 110.465371090383087, -7.053613267201001 ], [ 110.465371090383087, -7.052715388652985 ] ] ], [ [ [ 110.465371090383087, -7.052715388652985 ], [ 110.464473211835013, -7.052715388652985 ], [ 110.464473211835013, -7.051817510105025 ], [ 110.465371090383087, -7.051817510105025 ], [ 110.465371090383087, -7.052715388652985 ] ] ], [ [ [ 110.486022296987016, -7.051817510105025 ], [ 110.485124418439, -7.051817510105025 ], [ 110.485124418439, -7.050919631556951 ], [ 110.486022296987016, -7.050919631556951 ], [ 110.486022296987016, -7.051817510105025 ] ] ], [ [ [ 110.46416584023433, -7.049824917359899 ], [ 110.464473211835013, -7.050919631556951 ], [ 110.463378497637848, -7.050612259956267 ], [ 110.46416584023433, -7.049824917359899 ] ] ], [ [ [ 110.47255411876705, -7.050021753008991 ], [ 110.471656240219033, -7.050021753008991 ], [ 110.471656240219033, -7.049123874460975 ], [ 110.47255411876705, -7.049123874460975 ], [ 110.47255411876705, -7.050021753008991 ] ] ], [ [ [ 110.350442636238995, -7.041042967528995 ], [ 110.350135264638254, -7.042137681726047 ], [ 110.349347922042, -7.041350339129679 ], [ 110.350442636238995, -7.041042967528995 ] ] ], [ [ [ 110.350442636238995, -7.041042967528995 ], [ 110.350750007839679, -7.039948253331829 ], [ 110.351537350436161, -7.040735595928311 ], [ 110.350442636238995, -7.041042967528995 ] ] ], [ [ [ 110.378276871227115, -7.037451453336985 ], [ 110.378276871227115, -7.038349331884945 ], [ 110.379174749775018, -7.038349331884945 ], [ 110.378311773351015, -7.040121400748433 ], [ 110.37944669178097, -7.042647513047314 ], [ 110.377378992679098, -7.043736603172931 ], [ 110.376481114131025, -7.043736603172931 ], [ 110.376481114131025, -7.044634481721005 ], [ 110.374383725960342, -7.048822243386269 ], [ 110.373787478487088, -7.049123874460975 ], [ 110.371991721390998, -7.049123874460975 ], [ 110.373420749299612, -7.046961395027665 ], [ 110.374154207674565, -7.045001204058281 ], [ 110.375292263528024, -7.044215450724437 ], [ 110.377086129949475, -7.041460690123984 ], [ 110.375813637553563, -7.040582115635971 ], [ 110.376847843318501, -7.037818182524461 ], [ 110.377378992679098, -7.037451453336985 ], [ 110.378276871227115, -7.037451453336985 ] ] ], [ [ [ 110.274713468318964, -7.035458860591859 ], [ 110.27502083820707, -7.036553574789025 ], [ 110.273926123581816, -7.036246203188227 ], [ 110.274713468318964, -7.035458860591859 ] ] ], [ [ [ 110.272917711008859, -7.034560982043843 ], [ 110.273225081110979, -7.035655696241008 ], [ 110.272130366485726, -7.035348324640267 ], [ 110.272917711008859, -7.034560982043843 ] ] ], [ [ [ 110.274122959659053, -7.033859939144975 ], [ 110.275217674284306, -7.034167310745715 ], [ 110.274430329547158, -7.034954653342083 ], [ 110.274122959659053, -7.033859939144975 ] ] ], [ [ [ 110.274122959659053, -7.033859939144975 ], [ 110.271593146287842, -7.033540928936077 ], [ 110.272327202563133, -7.032064182048998 ], [ 110.273519697509641, -7.032667444198466 ], [ 110.274122959659053, -7.033859939144975 ] ] ], [ [ [ 110.402519592023111, -7.028472667856988 ], [ 110.405470880010455, -7.028974018544375 ], [ 110.405794856664841, -7.031166303500925 ], [ 110.405595828929393, -7.032513121323007 ], [ 110.405728504952606, -7.033410999870966 ], [ 110.405463139205665, -7.035206756966943 ], [ 110.405794856664841, -7.037451453336985 ], [ 110.405595828929393, -7.038798271158953 ], [ 110.405786787047134, -7.040090512882387 ], [ 110.404740394652379, -7.042647191084598 ], [ 110.403357530711332, -7.034506714207396 ], [ 110.402519592023111, -7.033859939144975 ], [ 110.402519592023111, -7.032962060597015 ], [ 110.402519592023111, -7.032064182048998 ], [ 110.403589494543269, -7.031522935391024 ], [ 110.402519592023111, -7.029370546404948 ], [ 110.402519592023111, -7.028472667856988 ] ] ], [ [ [ 110.49589896101503, -7.030268424952965 ], [ 110.489613811179026, -7.030268424952965 ], [ 110.489613811179026, -7.029370546404948 ], [ 110.494699451392364, -7.029068915330242 ], [ 110.49589896101503, -7.028472667856988 ], [ 110.49589896101503, -7.030268424952965 ] ] ], [ [ [ 110.273225081110979, -7.027574789309028 ], [ 110.272774115655807, -7.028725477059709 ], [ 110.272149503998662, -7.027098442106023 ], [ 110.273225081110979, -7.026676910761012 ], [ 110.273225081110979, -7.027574789309028 ] ] ], [ [ [ 110.378276871227115, -7.026676910761012 ], [ 110.378276871227115, -7.029370546404948 ], [ 110.379174749775018, -7.029370546404948 ], [ 110.378505923694433, -7.030716062675708 ], [ 110.378945060232581, -7.03161524277499 ], [ 110.378217842453068, -7.033104306447001 ], [ 110.380189350068179, -7.035586083800467 ], [ 110.378276871227115, -7.036553574789025 ], [ 110.377910142039468, -7.036022425428541 ], [ 110.376118700613347, -7.03478554073439 ], [ 110.377231979041369, -7.029819485678956 ], [ 110.376823805722211, -7.027998738799113 ], [ 110.377378992679098, -7.026676910761012 ], [ 110.378276871227115, -7.026676910761012 ] ] ], [ [ [ 110.402519592023111, -7.028472667856988 ], [ 110.401352634881903, -7.02797328319707 ], [ 110.402159952864679, -7.026432212277541 ], [ 110.402519592023111, -7.028472667856988 ] ] ], [ [ [ 110.498844700283883, -7.026227971486946 ], [ 110.49769471811112, -7.026676910761012 ], [ 110.49769471811112, -7.025779032212938 ], [ 110.498844700283883, -7.026227971486946 ] ] ], [ [ [ 110.378276871227115, -7.026676910761012 ], [ 110.377975240152352, -7.024284906191724 ], [ 110.377378992679098, -7.023085396569002 ], [ 110.379174749775018, -7.023085396569002 ], [ 110.379174749775018, -7.023983275117018 ], [ 110.380072628323035, -7.023983275117018 ], [ 110.380970506871108, -7.025779032212938 ], [ 110.379476380849781, -7.026080663287644 ], [ 110.378276871227115, -7.026676910761012 ] ] ], [ [ [ 110.364507061932386, -7.022489149095748 ], [ 110.364808693006978, -7.023983275117018 ], [ 110.361813426288222, -7.022481250734756 ], [ 110.364507061932386, -7.022489149095748 ] ] ], [ [ [ 110.473451997315124, -7.022187518020928 ], [ 110.476063388621185, -7.02285767305392 ], [ 110.477043511506963, -7.026676910761012 ], [ 110.47407879699108, -7.024629954275667 ], [ 110.473451997315124, -7.022187518020928 ] ] ], [ [ [ 110.49230744682302, -7.022187518020928 ], [ 110.492738438390404, -7.024191057497035 ], [ 110.494421111234487, -7.023346097282342 ], [ 110.49230744682302, -7.022187518020928 ], [ 110.49230744682302, -7.021289639472968 ], [ 110.494450992110956, -7.021839729829082 ], [ 110.49769471811112, -7.023983275117018 ], [ 110.49769471811112, -7.024881153664978 ], [ 110.49442924935488, -7.025207199100862 ], [ 110.491206307072957, -7.027895190122649 ], [ 110.4905116897271, -7.026676910761012 ], [ 110.489956502770212, -7.02535508272274 ], [ 110.490163394615251, -7.02443221439097 ], [ 110.489804193874079, -7.022829922611436 ], [ 110.49230744682302, -7.022187518020928 ] ], [ [ 110.491212732626025, -7.025471660612311 ], [ 110.49230744682302, -7.025779032212938 ], [ 110.492000075222279, -7.024684318015886 ], [ 110.491212732626025, -7.025471660612311 ] ] ], [ [ [ 110.364808693006978, -7.020391760925008 ], [ 110.364501321406294, -7.021486475122117 ], [ 110.363713978809812, -7.020699132525635 ], [ 110.364808693006978, -7.020391760925008 ] ] ], [ [ [ 110.473451997315124, -7.068877202517001 ], [ 110.473859410254249, -7.06838673690811 ], [ 110.476207929311499, -7.067368211410496 ], [ 110.478655695075986, -7.063399795380519 ], [ 110.478198028558495, -7.058909621709745 ], [ 110.47518978742886, -7.056410794035003 ], [ 110.473044584375828, -7.057916277803429 ], [ 110.475805544470347, -7.060209706991941 ], [ 110.474750630340054, -7.063017180417603 ], [ 110.47493609454159, -7.064836749050926 ], [ 110.471857076425522, -7.066172085820995 ], [ 110.468070165141057, -7.064003180834789 ], [ 110.467166847479007, -7.067081445420968 ], [ 110.465914124961444, -7.067979323968927 ], [ 110.467166847479007, -7.068877202517001 ], [ 110.467166847479007, -7.069775081065018 ], [ 110.465058361871343, -7.070271670814861 ], [ 110.467166847479007, -7.071570838160937 ], [ 110.468064726027023, -7.071570838160937 ], [ 110.468064726027023, -7.072468716708954 ], [ 110.468064726027023, -7.073366595257028 ], [ 110.464031451643734, -7.071073604485719 ], [ 110.462677454739094, -7.071570838160937 ], [ 110.462677454739094, -7.070672959612978 ], [ 110.461779576191077, -7.070672959612978 ], [ 110.461779576191077, -7.068877202517001 ], [ 110.463996857781751, -7.068308191715914 ], [ 110.464473211835013, -7.065285688324991 ], [ 110.466668243749837, -7.063889206047804 ], [ 110.471378379580187, -7.063069530178439 ], [ 110.471008122503804, -7.060092923594425 ], [ 110.468513555696802, -7.060403213409927 ], [ 110.464473211835013, -7.059898417036948 ], [ 110.463161152281373, -7.058768026635335 ], [ 110.465371090383087, -7.058102659940971 ], [ 110.465820029657095, -7.059252642113904 ], [ 110.466268968931104, -7.058102659940971 ], [ 110.467166847479007, -7.058102659940971 ], [ 110.471141634259936, -7.056473227392871 ], [ 110.469860483123114, -7.055409024296921 ], [ 110.469860483123114, -7.054511145748961 ], [ 110.471656240219033, -7.054511145748961 ], [ 110.47226062581268, -7.054804638703331 ], [ 110.473110360665316, -7.056554471591369 ], [ 110.473451997315124, -7.052715388652985 ], [ 110.474651506937789, -7.053311636126296 ], [ 110.47614563295906, -7.053613267201001 ], [ 110.477043511506963, -7.054865989718621 ], [ 110.47794139005498, -7.053613267201001 ], [ 110.478537637528234, -7.052413757578279 ], [ 110.478839268603053, -7.050021753008991 ], [ 110.480630299012887, -7.046431293758474 ], [ 110.47973714715107, -7.044634481721005 ], [ 110.48122010723273, -7.042390388174738 ], [ 110.479600634976691, -7.039903438867611 ], [ 110.477043511506963, -7.039247210433018 ], [ 110.47614563295906, -7.037451453336985 ], [ 110.477043511506963, -7.037451453336985 ], [ 110.477043511506963, -7.036553574789025 ], [ 110.478564285077482, -7.036163301224576 ], [ 110.476740373372991, -7.033362404057812 ], [ 110.47794139005498, -7.028472667856988 ], [ 110.479177288310382, -7.02768146855874 ], [ 110.477829908766239, -7.022886923705414 ], [ 110.476496092756065, -7.020939186526221 ], [ 110.47614563295906, -7.019493882376992 ], [ 110.477043511506963, -7.019493882376992 ], [ 110.477043511506963, -7.020391760925008 ], [ 110.47794139005498, -7.020391760925008 ], [ 110.47794139005498, -7.021289639472968 ], [ 110.478839268603053, -7.021289639472968 ], [ 110.479852766002807, -7.025238929549971 ], [ 110.481546700690274, -7.026408489793653 ], [ 110.480904803019769, -7.029271861419943 ], [ 110.482989353785058, -7.032473019844247 ], [ 110.48273323590206, -7.033615473570819 ], [ 110.483695383680185, -7.036186845601492 ], [ 110.484787015256074, -7.037863216197422 ], [ 110.483660858321116, -7.042448156498892 ], [ 110.484931309336616, -7.043325319831411 ], [ 110.481837289130169, -7.044119327740191 ], [ 110.482430782795063, -7.045532360268965 ], [ 110.481834535321752, -7.045833991343727 ], [ 110.481231273172398, -7.048506500755991 ], [ 110.482430782795063, -7.050919631556951 ], [ 110.481948455306679, -7.051335182616583 ], [ 110.479321596091552, -7.054908954610084 ], [ 110.480401321898455, -7.058518211000489 ], [ 110.48153290424699, -7.057204781393011 ], [ 110.483679121140085, -7.057725182680315 ], [ 110.482969981222482, -7.062294641372375 ], [ 110.481670183651545, -7.061929371292308 ], [ 110.479399127443742, -7.063383258829504 ], [ 110.480750534946424, -7.06819212074646 ], [ 110.479079726769498, -7.07080199129274 ], [ 110.477424002886323, -7.071267302711249 ], [ 110.477043511506963, -7.070672959612978 ], [ 110.477043511506963, -7.068877202517001 ], [ 110.473451997315124, -7.068877202517001 ] ], [ [ 110.482430782795063, -7.040145088980978 ], [ 110.482430782795063, -7.037451453336985 ], [ 110.480635025698973, -7.037451453336985 ], [ 110.480635025698973, -7.040145088980978 ], [ 110.482430782795063, -7.040145088980978 ] ] ], [ [ [ 110.377378992679098, -7.023085396569002 ], [ 110.373787478487088, -7.022187518020928 ], [ 110.372441962216215, -7.0215186919404 ], [ 110.370635669405431, -7.022400835418978 ], [ 110.368400207198988, -7.021289639472968 ], [ 110.367502328650971, -7.021289639472968 ], [ 110.367502328650971, -7.020391760925008 ], [ 110.365706571555052, -7.020391760925008 ], [ 110.364808693006978, -7.020391760925008 ], [ 110.364808693006978, -7.017698125280958 ], [ 110.366604450103068, -7.017698125280958 ], [ 110.367053389377077, -7.018848107453834 ], [ 110.367502328650971, -7.017698125280958 ], [ 110.369298085747062, -7.018596003828918 ], [ 110.369764143844918, -7.019027824279078 ], [ 110.371400645871461, -7.02079406356296 ], [ 110.371991721390998, -7.017698125280958 ], [ 110.375998786642526, -7.019976209865433 ], [ 110.377378992679098, -7.020391760925008 ], [ 110.377378992679098, -7.023085396569002 ] ] ], [ [ [ 110.4984769778074, -7.022545293906035 ], [ 110.49769471811112, -7.023085396569002 ], [ 110.497393087036301, -7.021591270547674 ], [ 110.495604344616538, -7.0206863773235 ], [ 110.495001082467127, -7.019493882376992 ], [ 110.495001082467127, -7.018596003828918 ], [ 110.495001082467127, -7.017698125280958 ], [ 110.49589896101503, -7.017698125280958 ], [ 110.49769471811112, -7.017698125280958 ], [ 110.499490475206983, -7.018596003828918 ], [ 110.4984769778074, -7.022545293906035 ] ] ], [ [ [ 110.473451997315124, -7.022187518020928 ], [ 110.471656240219033, -7.022187518020928 ], [ 110.471656240219033, -7.020391760925008 ], [ 110.469860483123114, -7.020391760925008 ], [ 110.469860483123114, -7.022187518020928 ], [ 110.468962604575097, -7.022187518020928 ], [ 110.468962604575097, -7.023085396569002 ], [ 110.468064726027023, -7.023085396569002 ], [ 110.468064726027023, -7.025779032212938 ], [ 110.467166847479007, -7.025779032212938 ], [ 110.467166847479007, -7.026676910761012 ], [ 110.467166847479007, -7.027574789309028 ], [ 110.465070980068162, -7.028174030350158 ], [ 110.46476436199714, -7.030639147847751 ], [ 110.468064726027023, -7.029370546404948 ], [ 110.470169361783178, -7.029910649067972 ], [ 110.471656240219033, -7.032064182048998 ], [ 110.469580334494026, -7.032496927285422 ], [ 110.471020151577363, -7.035067586888033 ], [ 110.471656240219033, -7.033859939144975 ], [ 110.473451997315124, -7.033859939144975 ], [ 110.471645868910798, -7.036034262694557 ], [ 110.463575333286997, -7.034757817692935 ], [ 110.463575333286997, -7.033859939144975 ], [ 110.46472531545993, -7.033410999870966 ], [ 110.463575333286997, -7.032962060597015 ], [ 110.46172806216299, -7.033880298146471 ], [ 110.459682188020395, -7.032670992638145 ], [ 110.461477945116258, -7.031762550974292 ], [ 110.461779576191077, -7.030268424952965 ], [ 110.462508910703832, -7.028801165689401 ], [ 110.459387571621733, -7.028171036782282 ], [ 110.458188061999067, -7.027574789309028 ], [ 110.458188061999067, -7.026676910761012 ], [ 110.459983819094987, -7.026676910761012 ], [ 110.459983819094987, -7.025779032212938 ], [ 110.461779576191077, -7.025779032212938 ], [ 110.461779576191077, -7.024881153664978 ], [ 110.461779576191077, -7.023983275117018 ], [ 110.462677454739094, -7.023983275117018 ], [ 110.463869949685659, -7.02338001296755 ], [ 110.464473211835013, -7.022187518020928 ], [ 110.465907576103632, -7.021461896354424 ], [ 110.466268968931104, -7.018596003828918 ], [ 110.468064726027023, -7.018596003828918 ], [ 110.468064726027023, -7.017698125280958 ], [ 110.468962604575097, -7.017698125280958 ], [ 110.468962604575097, -7.015902368184982 ], [ 110.472158460890682, -7.016722509872579 ], [ 110.473451997315124, -7.018596003828918 ], [ 110.472697755221816, -7.019116761330395 ], [ 110.473451997315124, -7.022187518020928 ] ], [ [ 110.468962604575097, -7.021289639472968 ], [ 110.468679798041308, -7.019348910119675 ], [ 110.466970559851575, -7.020999352444903 ], [ 110.468962604575097, -7.021289639472968 ] ], [ [ 110.464171580760421, -7.026070100171808 ], [ 110.465371090383087, -7.026676910761012 ], [ 110.4664221546617, -7.02456243116734 ], [ 110.46497870693554, -7.023681644042256 ], [ 110.464171580760421, -7.026070100171808 ] ] ], [ [ [ 110.468962604575097, -7.015902368184982 ], [ 110.468064726027023, -7.015902368184982 ], [ 110.468064726027023, -7.015004489637022 ], [ 110.468962604575097, -7.015004489637022 ], [ 110.468962604575097, -7.015902368184982 ] ] ], [ [ [ 110.49410320391911, -7.012310853992972 ], [ 110.496265683352306, -7.012842003353455 ], [ 110.500388353755056, -7.013208732540932 ], [ 110.500388353755056, -7.017698125280958 ], [ 110.499490475206983, -7.017698125280958 ], [ 110.499490475206983, -7.014106611088948 ], [ 110.498592596659137, -7.014106611088948 ], [ 110.496796839563046, -7.014106611088948 ], [ 110.495302713541719, -7.013804980014299 ], [ 110.49410320391911, -7.013208732540932 ], [ 110.49410320391911, -7.012310853992972 ] ] ], [ [ [ 110.49410320391911, -7.012310853992972 ], [ 110.49295322174612, -7.01186191471902 ], [ 110.49410320391911, -7.011412975445012 ], [ 110.49410320391911, -7.012310853992972 ] ] ], [ [ [ 110.459085940546913, -7.011412975445012 ], [ 110.460892164855181, -7.01051514484891 ], [ 110.461593317358336, -7.011950858620537 ], [ 110.460881697643003, -7.012310853992972 ], [ 110.459085940546913, -7.012310853992972 ], [ 110.459085940546913, -7.011412975445012 ] ] ], [ [ [ 110.48332866134308, -7.010515096896995 ], [ 110.482430782795063, -7.011767826264872 ], [ 110.48153290424699, -7.010515096896995 ], [ 110.48332866134308, -7.010515096896995 ] ] ], [ [ [ 110.45010715506703, -7.008719339800962 ], [ 110.451005033615047, -7.008719339800962 ], [ 110.451005033615047, -7.009617218348922 ], [ 110.45010715506703, -7.009617218348922 ], [ 110.45010715506703, -7.008719339800962 ] ] ], [ [ [ 110.457290183450993, -7.008719339800962 ], [ 110.457739122725059, -7.007569357628086 ], [ 110.458188061999067, -7.008719339800962 ], [ 110.457290183450993, -7.008719339800962 ] ] ], [ [ [ 110.49410320391911, -7.011412975445012 ], [ 110.49410320391911, -7.007821461253002 ], [ 110.49589896101503, -7.007821461253002 ], [ 110.49589896101503, -7.006923582704985 ], [ 110.49769471811112, -7.006923582704985 ], [ 110.49769471811112, -7.007821461253002 ], [ 110.49590597569113, -7.008726354477176 ], [ 110.494699451392364, -7.011111344370306 ], [ 110.49410320391911, -7.011412975445012 ] ] ], [ [ [ 110.456589140552069, -7.007514089652204 ], [ 110.455494426355131, -7.007821461253002 ], [ 110.455801797955814, -7.006726747055836 ], [ 110.456589140552069, -7.007514089652204 ] ] ], [ [ [ 110.457290183450993, -7.008719339800962 ], [ 110.457290183450993, -7.009617218348922 ], [ 110.458188061999067, -7.009617218348922 ], [ 110.459085940546913, -7.009617218348922 ], [ 110.459085940546913, -7.011412975445012 ], [ 110.457886430924304, -7.010816727971644 ], [ 110.455494426355131, -7.010515096896995 ], [ 110.453927070950897, -7.010286702055453 ], [ 110.452572389019281, -7.008947734642504 ], [ 110.451005033615047, -7.008719339800962 ], [ 110.451005033615047, -7.006923582704985 ], [ 110.452800790710967, -7.006923582704985 ], [ 110.452800790710967, -7.006025704157025 ], [ 110.45369866925904, -7.006025704157025 ], [ 110.45369866925904, -7.006923582704985 ], [ 110.45369866925904, -7.008719339800962 ], [ 110.455494426355131, -7.008719339800962 ], [ 110.457290183450993, -7.008719339800962 ] ] ], [ [ [ 110.487818054082936, -7.006025704157025 ], [ 110.48692017553509, -7.006025704157025 ], [ 110.48692017553509, -7.005127825608952 ], [ 110.487818054082936, -7.005127825608952 ], [ 110.487818054082936, -7.006025704157025 ] ] ], [ [ [ 110.45010715506703, -7.008719339800962 ], [ 110.448311397971111, -7.008719339800962 ], [ 110.444885221888171, -7.007339380374219 ], [ 110.442757939140506, -7.003812745086464 ], [ 110.444213141929367, -7.001927448115396 ], [ 110.444719883779101, -7.001536311416942 ], [ 110.444950107642512, -7.004021280996142 ], [ 110.448757035415042, -7.007809212970812 ], [ 110.449824348533468, -7.006778610447668 ], [ 110.45010715506703, -7.008719339800962 ] ] ], [ [ [ 110.444719883779101, -7.001536311416942 ], [ 110.444719883779101, -7.000638432868925 ], [ 110.445617762326947, -7.000638432868925 ], [ 110.445617762326947, -7.001536311416942 ], [ 110.444719883779101, -7.001536311416942 ] ] ], [ [ [ 110.325892543842315, -6.99774796157584 ], [ 110.326199915442999, -6.998842675773005 ], [ 110.325105201246004, -6.998535304172208 ], [ 110.325892543842315, -6.99774796157584 ] ] ], [ [ [ 110.345368086612439, -6.997448207475088 ], [ 110.343259607854975, -6.997944797224989 ], [ 110.343259607854975, -6.996149040128955 ], [ 110.345368086612439, -6.997448207475088 ] ] ], [ [ [ 110.439500320793343, -6.996046197030239 ], [ 110.440033874598612, -6.997944797224989 ], [ 110.439636147940746, -6.999360069791919 ], [ 110.441466389294419, -7.000531753619214 ], [ 110.440229162086609, -7.004934319190966 ], [ 110.442026248134937, -7.008719339800962 ], [ 110.442026248134937, -7.010515096896995 ], [ 110.442427632836768, -7.012503346571123 ], [ 110.443822005231027, -7.013208732540932 ], [ 110.443491137205285, -7.014847673263375 ], [ 110.440242999631437, -7.013204499074277 ], [ 110.440899310269288, -7.011860613167755 ], [ 110.440230491039074, -7.010515096896995 ], [ 110.440230491039074, -7.009617218348922 ], [ 110.438434733942984, -7.009617218348922 ], [ 110.437141197518656, -7.007743724392583 ], [ 110.433945341203071, -7.006923582704985 ], [ 110.432829555576348, -7.004678886334943 ], [ 110.433945341203071, -7.002434189965015 ], [ 110.433945341203071, -7.001536311416942 ], [ 110.434658604983042, -7.001175480311701 ], [ 110.433945341203071, -6.999740554320965 ], [ 110.43446037187897, -6.99761653230172 ], [ 110.436148867452175, -6.996460247880691 ], [ 110.437087916121072, -6.996724140819765 ], [ 110.439500320793343, -6.996046197030239 ] ], [ [ 110.435423190983613, -6.998581975059608 ], [ 110.437536855395081, -6.999740554320965 ], [ 110.437105863827696, -6.997737014844972 ], [ 110.435423190983613, -6.998581975059608 ] ], [ [ 110.437308453703224, -7.003934981298698 ], [ 110.439332612491, -7.004229947060992 ], [ 110.439104210799314, -7.001764706258484 ], [ 110.437828306969095, -7.000443344038672 ], [ 110.437308453703224, -7.003934981298698 ] ] ], [ [ [ 110.342361729307129, -6.996149040128955 ], [ 110.342361729307129, -6.997944797224989 ], [ 110.337872336567045, -6.996149040128955 ], [ 110.337872336567045, -6.995251161580995 ], [ 110.340034822850612, -6.995782310941479 ], [ 110.342361729307129, -6.996149040128955 ] ] ], [ [ [ 110.421375041531007, -6.996149040128955 ], [ 110.418681405887014, -6.996149040128955 ], [ 110.418681405887014, -6.994353283032979 ], [ 110.420477162983104, -6.994353283032979 ], [ 110.421375041531007, -6.994353283032979 ], [ 110.421375041531007, -6.995251161580995 ], [ 110.421375041531007, -6.996149040128955 ] ] ], [ [ [ 110.4905116897271, -6.992557525936945 ], [ 110.4905116897271, -6.993455404485019 ], [ 110.491409568275117, -6.993455404485019 ], [ 110.491409568275117, -6.997046918677029 ], [ 110.493205325371036, -6.997046918677029 ], [ 110.491607075250556, -7.001015060696147 ], [ 110.489516729157003, -7.003723205211372 ], [ 110.489096437710884, -7.001999430749265 ], [ 110.489236566827572, -7.001051195868797 ], [ 110.487818054082936, -6.998842675773005 ], [ 110.48708632197588, -6.992985962353771 ], [ 110.4905116897271, -6.992557525936945 ] ], [ [ 110.488446854037818, -6.994751776921078 ], [ 110.489613811179026, -6.995251161580995 ], [ 110.489254172020594, -6.993210706001548 ], [ 110.488446854037818, -6.994751776921078 ] ] ], [ [ [ 110.376481114131025, -6.989863890293009 ], [ 110.376032174857016, -6.991013872465885 ], [ 110.375583235583008, -6.989863890293009 ], [ 110.376481114131025, -6.989863890293009 ] ] ], [ [ [ 110.374685357034934, -6.988966011744935 ], [ 110.372421568963489, -6.9895220481352 ], [ 110.369829235107602, -6.988500104353022 ], [ 110.374685357034934, -6.988068133196919 ], [ 110.374685357034934, -6.988966011744935 ] ] ], [ [ [ 110.415987770243078, -6.988068133196919 ], [ 110.415538830969069, -6.989218115369852 ], [ 110.415089891695004, -6.988068133196919 ], [ 110.415987770243078, -6.988068133196919 ] ] ], [ [ [ 110.329791429635009, -6.988966011744935 ], [ 110.329791429635009, -6.989863890293009 ], [ 110.330689308183025, -6.989863890293009 ], [ 110.331112284934989, -6.992353812617125 ], [ 110.336076579471126, -6.994353283032979 ], [ 110.336076579471126, -6.996149040128955 ], [ 110.332051128095713, -6.9945665456288 ], [ 110.331189453222919, -6.996671886962588 ], [ 110.329342490361, -6.996398951667629 ], [ 110.326370100117913, -6.996838197810007 ], [ 110.328502414388652, -6.993962146334525 ], [ 110.329284687785446, -6.990575098992053 ], [ 110.327097793991072, -6.987170254648959 ], [ 110.327995672539089, -6.987170254648959 ], [ 110.329188167485597, -6.987773516798427 ], [ 110.329791429635009, -6.988966011744935 ] ] ], [ [ [ 110.376481114131025, -6.986272376100999 ], [ 110.376481114131025, -6.987170254648959 ], [ 110.377378992679098, -6.987170254648959 ], [ 110.377378992679098, -6.988966011744935 ], [ 110.375583235583008, -6.988068133196919 ], [ 110.375583235583008, -6.986272376100999 ], [ 110.376481114131025, -6.986272376100999 ] ] ], [ [ [ 110.485124418439, -6.986272376100999 ], [ 110.484226539890926, -6.986272376100999 ], [ 110.484226539890926, -6.985374497552925 ], [ 110.485124418439, -6.985374497552925 ], [ 110.485124418439, -6.986272376100999 ] ] ], [ [ [ 110.325302036894982, -6.985374497552925 ], [ 110.327097793991072, -6.985374497552925 ], [ 110.327097793991072, -6.984476619005022 ], [ 110.327995672539089, -6.984476619005022 ], [ 110.327995672539089, -6.986272376100999 ], [ 110.327097793991072, -6.986272376100999 ], [ 110.325302036894982, -6.986272376100999 ], [ 110.325302036894982, -6.985374497552925 ] ] ], [ [ [ 110.484226539890926, -6.985374497552925 ], [ 110.483076557718164, -6.984925558278917 ], [ 110.484226539890926, -6.984476619005022 ], [ 110.484226539890926, -6.985374497552925 ] ] ], [ [ [ 110.394438685091075, -6.984476619005022 ], [ 110.393540806543001, -6.984476619005022 ], [ 110.393540806543001, -6.983578740456949 ], [ 110.394438685091075, -6.983578740456949 ], [ 110.394438685091075, -6.984476619005022 ] ] ], [ [ [ 110.325302036894982, -6.985374497552925 ], [ 110.322608401250989, -6.985374497552925 ], [ 110.322608401250989, -6.983578740456949 ], [ 110.323506279799062, -6.983578740456949 ], [ 110.323839980411265, -6.984657527777074 ], [ 110.324968336282723, -6.983397831684897 ], [ 110.325302036894982, -6.984476619005022 ], [ 110.325302036894982, -6.985374497552925 ] ] ], [ [ [ 110.368400207198988, -6.985374497552925 ], [ 110.367502328650971, -6.985374497552925 ], [ 110.366604450103068, -6.983578740456949 ], [ 110.367502328650971, -6.983578740456949 ], [ 110.367502328650971, -6.982680861908989 ], [ 110.368400207198988, -6.982680861908989 ], [ 110.368400207198988, -6.984476619005022 ], [ 110.368400207198988, -6.985374497552925 ] ] ], [ [ [ 110.336076579471126, -6.982680861908989 ], [ 110.335178700923109, -6.982680861908989 ], [ 110.335178700923109, -6.981782983361029 ], [ 110.336076579471126, -6.981782983361029 ], [ 110.336076579471126, -6.982680861908989 ] ] ], [ [ [ 110.333382943827019, -6.979987226264939 ], [ 110.335178700923109, -6.979987226264939 ], [ 110.335178700923109, -6.980885104813012 ], [ 110.334280822375035, -6.980885104813012 ], [ 110.334280822375035, -6.981782983361029 ], [ 110.333382943827019, -6.981782983361029 ], [ 110.333382943827019, -6.979987226264939 ] ] ], [ [ [ 110.343259607854975, -6.982680861908989 ], [ 110.342361729307129, -6.982680861908989 ], [ 110.341692259301112, -6.981334044087021 ], [ 110.342361729307129, -6.979987226264939 ], [ 110.344157486402992, -6.979987226264939 ], [ 110.343561238929738, -6.981186735887661 ], [ 110.343259607854975, -6.982680861908989 ] ] ], [ [ [ 110.374685357034934, -6.979987226264939 ], [ 110.373787478487088, -6.981782983361029 ], [ 110.370292840808986, -6.98306631630868 ], [ 110.371093842842924, -6.980885104813012 ], [ 110.371991721390998, -6.980885104813012 ], [ 110.371991721390998, -6.979987226264939 ], [ 110.374685357034934, -6.979987226264939 ] ] ], [ [ [ 110.358757055164062, -6.980469694183967 ], [ 110.359421421719048, -6.981782983361029 ], [ 110.357029417149704, -6.981481352286266 ], [ 110.355829907527095, -6.980885104813012 ], [ 110.356436718116242, -6.979685595190233 ], [ 110.358757055164062, -6.980469694183967 ] ] ], [ [ [ 110.333382943827019, -6.979987226264939 ], [ 110.332485065278945, -6.979987226264939 ], [ 110.332485065278945, -6.979089347716979 ], [ 110.333382943827019, -6.979089347716979 ], [ 110.333382943827019, -6.979987226264939 ] ] ], [ [ [ 110.333382943827019, -6.979089347716979 ], [ 110.333382943827019, -6.978191469169019 ], [ 110.334532925999952, -6.978640408442971 ], [ 110.333382943827019, -6.979089347716979 ] ] ], [ [ [ 110.343259607854975, -6.978191469169019 ], [ 110.343259607854975, -6.979089347716979 ], [ 110.342361729307129, -6.979089347716979 ], [ 110.342361729307129, -6.978191469169019 ], [ 110.343259607854975, -6.978191469169019 ] ] ], [ [ [ 110.344157486402992, -6.978191469169019 ], [ 110.345307468575982, -6.978640408442971 ], [ 110.344157486402992, -6.979089347716979 ], [ 110.344157486402992, -6.978191469169019 ] ] ], [ [ [ 110.496796839563046, -6.979089347716979 ], [ 110.49589896101503, -6.979089347716979 ], [ 110.49589896101503, -6.978191469169019 ], [ 110.496796839563046, -6.978191469169019 ], [ 110.496796839563046, -6.979089347716979 ] ] ], [ [ [ 110.292978409167119, -6.977293590621002 ], [ 110.296569923359129, -6.978191469169019 ], [ 110.295579377787874, -6.982051335825531 ], [ 110.294407438788141, -6.980353952027315 ], [ 110.29334513664196, -6.979620500502563 ], [ 110.292978409167119, -6.978191469169019 ], [ 110.292978409167119, -6.977293590621002 ] ] ], [ [ [ 110.374685357034934, -6.979987226264939 ], [ 110.374685357034934, -6.977293590621002 ], [ 110.375583235583008, -6.977293590621002 ], [ 110.375583235583008, -6.979987226264939 ], [ 110.374685357034934, -6.979987226264939 ] ] ], [ [ [ 110.501286232302903, -6.981782983361029 ], [ 110.501286232302903, -6.982680861908989 ], [ 110.49913189099027, -6.98124836776401 ], [ 110.500074967617593, -6.977700099324579 ], [ 110.505775625042986, -6.977293590621002 ], [ 110.505775625042986, -6.978191469169019 ], [ 110.500177036635876, -6.97876254875149 ], [ 110.501286232302903, -6.981782983361029 ] ] ], [ [ [ 110.437229483794397, -6.977096754971853 ], [ 110.437536855395081, -6.978191469169019 ], [ 110.436442141197915, -6.977884097568221 ], [ 110.437229483794397, -6.977096754971853 ] ] ], [ [ [ 110.315425372866969, -6.980885104813012 ], [ 110.315425372866969, -6.981782983361029 ], [ 110.317221129963059, -6.981782983361029 ], [ 110.319465826333044, -6.982898768987582 ], [ 110.321710522703142, -6.981782983361029 ], [ 110.321710522703142, -6.983578740456949 ], [ 110.317587855725378, -6.983212014694573 ], [ 110.312755980327438, -6.982025202046771 ], [ 110.31138491940095, -6.98233256337204 ], [ 110.310038101579096, -6.982030637735761 ], [ 110.308631110988188, -6.982346054978166 ], [ 110.307875618720686, -6.981251830575388 ], [ 110.306813313149348, -6.980518379050636 ], [ 110.306079861624596, -6.979456073479355 ], [ 110.305548708839012, -6.979089347716979 ], [ 110.305548708839012, -6.976395712072929 ], [ 110.306446587387086, -6.976395712072929 ], [ 110.308160764621391, -6.979549843395887 ], [ 110.313262890008616, -6.980353952027315 ], [ 110.315425372866969, -6.980885104813012 ] ] ], [ [ [ 110.374685357034934, -6.977293590621002 ], [ 110.373787478487088, -6.977293590621002 ], [ 110.373787478487088, -6.976395712072929 ], [ 110.374685357034934, -6.976395712072929 ], [ 110.374685357034934, -6.977293590621002 ] ] ], [ [ [ 110.370195964295078, -6.975497833524969 ], [ 110.370195964295078, -6.978191469169019 ], [ 110.369298085747062, -6.978191469169019 ], [ 110.369298085747062, -6.976395712072929 ], [ 110.369298085747062, -6.975497833524969 ], [ 110.370195964295078, -6.975497833524969 ] ] ], [ [ [ 110.293876287714966, -6.973702076428992 ], [ 110.293876287714966, -6.972804197880919 ], [ 110.294774166263039, -6.972804197880919 ], [ 110.294774166263039, -6.973702076428992 ], [ 110.293876287714966, -6.973702076428992 ] ] ], [ [ [ 110.491409568275117, -6.972804197880919 ], [ 110.493200064363975, -6.973694208894187 ], [ 110.495530019190369, -6.972556317447356 ], [ 110.497811446706407, -6.975428221084485 ], [ 110.49589896101503, -6.976395712072929 ], [ 110.493581802492372, -6.976964853029074 ], [ 110.493205325371036, -6.975497833524969 ], [ 110.492756386097028, -6.974347851352036 ], [ 110.49230744682302, -6.975497833524969 ], [ 110.491409568275117, -6.975497833524969 ], [ 110.491409568275117, -6.974599954976952 ], [ 110.491409568275117, -6.972804197880919 ] ] ], [ [ [ 110.293876287714966, -6.973702076428992 ], [ 110.293876287714966, -6.974599954976952 ], [ 110.293280040241712, -6.975799464599675 ], [ 110.292978409167119, -6.977293590621002 ], [ 110.292080530619046, -6.977293590621002 ], [ 110.290815924596131, -6.974966680739328 ], [ 110.289386894975109, -6.972804197880919 ], [ 110.289386894975109, -6.971906319332959 ], [ 110.29095425380433, -6.972134717599602 ], [ 110.292308928885745, -6.973473678162293 ], [ 110.293876287714966, -6.973702076428992 ] ] ], [ [ [ 110.329791429635009, -6.971906319332959 ], [ 110.329791429635009, -6.971008440784942 ], [ 110.331587186731099, -6.971008440784942 ], [ 110.331587186731099, -6.971906319332959 ], [ 110.329791429635009, -6.971906319332959 ] ] ], [ [ [ 110.342361729307129, -6.970110562236982 ], [ 110.342361729307129, -6.969212683689022 ], [ 110.343259607854975, -6.969212683689022 ], [ 110.343259607854975, -6.970110562236982 ], [ 110.342361729307129, -6.970110562236982 ] ] ], [ [ [ 110.359421421719048, -6.969212683689022 ], [ 110.358922037059074, -6.970379644255331 ], [ 110.357380966139658, -6.969572322847398 ], [ 110.359421421719048, -6.969212683689022 ] ] ], [ [ [ 110.363012935911058, -6.969212683689022 ], [ 110.363012935911058, -6.970110562236982 ], [ 110.363910814459132, -6.970110562236982 ], [ 110.36447128982411, -6.972392438445695 ], [ 110.363352243468967, -6.974110910799084 ], [ 110.363562519347283, -6.975048894250961 ], [ 110.363347742841881, -6.976006945567917 ], [ 110.364495498677115, -6.976799401890617 ], [ 110.362741439172737, -6.980975603725824 ], [ 110.363910814459132, -6.981782983361029 ], [ 110.365706571555052, -6.981782983361029 ], [ 110.365706571555052, -6.982680861908989 ], [ 110.362416688437804, -6.982379230834283 ], [ 110.361217178814968, -6.981782983361029 ], [ 110.360833577413302, -6.976531391939488 ], [ 110.358220850304519, -6.974233229214633 ], [ 110.355311383213632, -6.978447165760315 ], [ 110.354932028979022, -6.981782983361029 ], [ 110.353136271883102, -6.981782983361029 ], [ 110.353772641385831, -6.977909090777246 ], [ 110.352672262015801, -6.976004575374532 ], [ 110.350442636238995, -6.979987226264939 ], [ 110.349544757691092, -6.979987226264939 ], [ 110.349544757691092, -6.979089347716979 ], [ 110.350900905580374, -6.975954941745613 ], [ 110.350825730720828, -6.972271455832754 ], [ 110.357150824479447, -6.972400538889531 ], [ 110.358065623193511, -6.971448402780595 ], [ 110.359033922513902, -6.970568478789403 ], [ 110.361558911368547, -6.973196523101137 ], [ 110.362115057363042, -6.969212683689022 ], [ 110.363012935911058, -6.969212683689022 ] ] ], [ [ [ 110.506673503591003, -6.969212683689022 ], [ 110.506673503591003, -6.971008440784942 ], [ 110.503613131909276, -6.970223071066243 ], [ 110.504363811862277, -6.968645371754803 ], [ 110.506673503591003, -6.969212683689022 ] ] ], [ [ [ 110.363012935911058, -6.969212683689022 ], [ 110.363012935911058, -6.968314805141006 ], [ 110.363910814459132, -6.968314805141006 ], [ 110.363910814459132, -6.969212683689022 ], [ 110.363012935911058, -6.969212683689022 ] ] ], [ [ [ 110.344157486402992, -6.978191469169019 ], [ 110.343259607854975, -6.978191469169019 ], [ 110.343259607854975, -6.975497833524969 ], [ 110.344753733876303, -6.975196202450206 ], [ 110.346176233477763, -6.972384290049945 ], [ 110.344776901488444, -6.969518990072743 ], [ 110.343259607854975, -6.969212683689022 ], [ 110.344752672084553, -6.967050200830556 ], [ 110.346448565949004, -6.968541915556955 ], [ 110.347217851234632, -6.971539593570583 ], [ 110.349007073173198, -6.974287229890479 ], [ 110.345953243499082, -6.976395712072929 ], [ 110.344157486402992, -6.976395712072929 ], [ 110.344157486402992, -6.978191469169019 ] ] ], [ [ [ 110.342361729307129, -6.970110562236982 ], [ 110.341788594643617, -6.971475122257402 ], [ 110.34292220467205, -6.973215957316313 ], [ 110.342361729307129, -6.975497833524969 ], [ 110.339668093663136, -6.975497833524969 ], [ 110.338885820266171, -6.974484353250887 ], [ 110.335364994006966, -6.971766731387675 ], [ 110.332485065278945, -6.975497833524969 ], [ 110.332485065278945, -6.977293590621002 ], [ 110.331587186731099, -6.977293590621002 ], [ 110.329791429635009, -6.976395712072929 ], [ 110.327995672539089, -6.976395712072929 ], [ 110.327097793991072, -6.976395712072929 ], [ 110.327097793991072, -6.971906319332959 ], [ 110.329791429635009, -6.971906319332959 ], [ 110.329424700447532, -6.972437472118543 ], [ 110.328362401726565, -6.973170923643409 ], [ 110.327628943351442, -6.974902349856734 ], [ 110.33071405135712, -6.975864559287345 ], [ 110.333693672059837, -6.971549019541726 ], [ 110.331587186731099, -6.971008440784942 ], [ 110.33192950155734, -6.970452877063337 ], [ 110.33474571592717, -6.969493164556013 ], [ 110.335178700923109, -6.966519048044972 ], [ 110.335685442772672, -6.966910184743369 ], [ 110.336467716169466, -6.969719425538585 ], [ 110.337481199868535, -6.970501698935379 ], [ 110.338867290286657, -6.972297456031413 ], [ 110.339290280739249, -6.97148973730782 ], [ 110.33900498070733, -6.969559146353618 ], [ 110.342361729307129, -6.970110562236982 ] ] ], [ [ [ 110.307344465935103, -6.966519048044972 ], [ 110.307344465935103, -6.965621169497012 ], [ 110.308242344483006, -6.965621169497012 ], [ 110.308242344483006, -6.966519048044972 ], [ 110.307344465935103, -6.966519048044972 ] ] ], [ [ [ 110.335178700923109, -6.966519048044972 ], [ 110.332485065278945, -6.966519048044972 ], [ 110.332485065278945, -6.965621169497012 ], [ 110.335178700923109, -6.965621169497012 ], [ 110.335178700923109, -6.966519048044972 ] ] ], [ [ [ 110.345055364951065, -6.965621169497012 ], [ 110.345055364951065, -6.966519048044972 ], [ 110.342991001930443, -6.966142183883505 ], [ 110.344157486402992, -6.965621169497012 ], [ 110.345055364951065, -6.965621169497012 ] ] ], [ [ [ 110.308242344483006, -6.965621169497012 ], [ 110.308242344483006, -6.964723290948996 ], [ 110.309140223031022, -6.964723290948996 ], [ 110.309140223031022, -6.965621169497012 ], [ 110.308242344483006, -6.965621169497012 ] ] ], [ [ [ 110.332485065278945, -6.965621169497012 ], [ 110.331587186731099, -6.965621169497012 ], [ 110.331587186731099, -6.964723290948996 ], [ 110.332485065278945, -6.964723290948996 ], [ 110.332485065278945, -6.965621169497012 ] ] ], [ [ [ 110.327097793991072, -6.963825412400922 ], [ 110.327097793991072, -6.964723290948996 ], [ 110.325947811818082, -6.964274351674931 ], [ 110.327097793991072, -6.963825412400922 ] ] ], [ [ [ 110.387255656707055, -6.974599954976952 ], [ 110.386260696137128, -6.975888970223423 ], [ 110.384019397500822, -6.975093965600365 ], [ 110.382232011434326, -6.970547314881173 ], [ 110.383713026039459, -6.968092068622241 ], [ 110.383143515168854, -6.964238171975637 ], [ 110.384562021063118, -6.962029655305003 ], [ 110.386357778158981, -6.962029655305003 ], [ 110.384505540589487, -6.964859214 ], [ 110.385277093314301, -6.968763744415014 ], [ 110.384279015871527, -6.973814646910739 ], [ 110.387255656707055, -6.974599954976952 ] ] ], [ [ [ 110.48332866134308, -6.962927533852962 ], [ 110.482430782795063, -6.962927533852962 ], [ 110.482430782795063, -6.962029655305003 ], [ 110.48332866134308, -6.962029655305003 ], [ 110.48332866134308, -6.962927533852962 ] ] ], [ [ [ 110.385459899610964, -6.961131776756986 ], [ 110.384562021063118, -6.961131776756986 ], [ 110.384562021063118, -6.960233898209026 ], [ 110.385459899610964, -6.960233898209026 ], [ 110.385459899610964, -6.961131776756986 ] ] ], [ [ [ 110.503081989398993, -6.966519048044972 ], [ 110.502557971169324, -6.96960382038742 ], [ 110.499483912648714, -6.968251673055534 ], [ 110.500779504153854, -6.960625034907423 ], [ 110.501286232302903, -6.960233898209026 ], [ 110.501614990445773, -6.965776920653695 ], [ 110.503081989398993, -6.966519048044972 ] ] ], [ [ [ 110.374685357034934, -6.966519048044972 ], [ 110.371827171062989, -6.966879464708938 ], [ 110.374354489009363, -6.968157988767416 ], [ 110.374685357034934, -6.966519048044972 ], [ 110.375747662606273, -6.967252502994938 ], [ 110.376847843318501, -6.968845957926533 ], [ 110.379774949853982, -6.969941213294987 ], [ 110.380970506871108, -6.974599954976952 ], [ 110.377644974950329, -6.97246400321302 ], [ 110.37789427681497, -6.974151015703001 ], [ 110.37770468875118, -6.975433944484791 ], [ 110.37418585592053, -6.974050614725343 ], [ 110.373787478487088, -6.976395712072929 ], [ 110.372587968864423, -6.975799464599675 ], [ 110.370195964295078, -6.975497833524969 ], [ 110.370195964295078, -6.972804197880919 ], [ 110.370195964295078, -6.971906319332959 ], [ 110.372156127863434, -6.972880670866573 ], [ 110.375884866657771, -6.969615941939537 ], [ 110.371700653432129, -6.96891105261426 ], [ 110.370792211768332, -6.970706809710236 ], [ 110.370195964295078, -6.971008440784942 ], [ 110.369298085747062, -6.971008440784942 ], [ 110.368747995390834, -6.968864895497177 ], [ 110.366604450103068, -6.968314805141006 ], [ 110.366302819028306, -6.967718557667638 ], [ 110.363910814459132, -6.966519048044972 ], [ 110.363005921234958, -6.964730305625096 ], [ 110.359765709423016, -6.963091138843879 ], [ 110.359421421719048, -6.959336019660952 ], [ 110.365978739619834, -6.960449948864493 ], [ 110.372382858089509, -6.965230032798615 ], [ 110.374294220336651, -6.966012306195353 ], [ 110.374685357034934, -6.966519048044972 ] ], [ [ 110.366789852652062, -6.962417024355091 ], [ 110.362876067522791, -6.96172802423024 ], [ 110.363731529200834, -6.963479689565418 ], [ 110.367502328650971, -6.963825412400922 ], [ 110.366789852652062, -6.962417024355091 ] ] ], [ [ [ 110.482430782795063, -6.962029655305003 ], [ 110.48153290424699, -6.962029655305003 ], [ 110.48153290424699, -6.959336019660952 ], [ 110.482430782795063, -6.959336019660952 ], [ 110.482430782795063, -6.962029655305003 ] ] ], [ [ [ 110.482430782795063, -6.959336019660952 ], [ 110.482430782795063, -6.958438141112936 ], [ 110.48332866134308, -6.958438141112936 ], [ 110.48332866134308, -6.959336019660952 ], [ 110.482430782795063, -6.959336019660952 ] ] ], [ [ [ 110.475247754411043, -6.961131776756986 ], [ 110.473350873633933, -6.960644986317845 ], [ 110.47255411876705, -6.957540262564976 ], [ 110.473750148452837, -6.958145309209669 ], [ 110.475247754411043, -6.961131776756986 ] ] ], [ [ [ 110.48332866134308, -6.958438141112936 ], [ 110.48332866134308, -6.957540262564976 ], [ 110.484226539890926, -6.957540262564976 ], [ 110.484226539890926, -6.958438141112936 ], [ 110.48332866134308, -6.958438141112936 ] ] ], [ [ [ 110.310935980127113, -6.963825412400922 ], [ 110.311442721976675, -6.963434275702525 ], [ 110.313122873921543, -6.960922268109016 ], [ 110.310281745120847, -6.959842761510515 ], [ 110.310935980127113, -6.963825412400922 ], [ 110.309140223031022, -6.964723290948996 ], [ 110.308679419089913, -6.960769205683107 ], [ 110.30555767584201, -6.960152335472969 ], [ 110.302480209312193, -6.964999678779918 ], [ 110.304296089075365, -6.967771732886092 ], [ 110.307344465935103, -6.966519048044972 ], [ 110.307344465935103, -6.969212683689022 ], [ 110.307344465935103, -6.972804197880919 ], [ 110.306446587387086, -6.972804197880919 ], [ 110.306446587387086, -6.973702076428992 ], [ 110.306446587387086, -6.974599954976952 ], [ 110.305548708839012, -6.974599954976952 ], [ 110.304650830290996, -6.974599954976952 ], [ 110.305622917810467, -6.970642276744684 ], [ 110.300973889810905, -6.968902719261223 ], [ 110.301774251344909, -6.965332505982758 ], [ 110.301034569499734, -6.96435656518662 ], [ 110.29979471178865, -6.966152322282596 ], [ 110.298732406217482, -6.966885773807348 ], [ 110.297998952980151, -6.972828944480227 ], [ 110.299263559003066, -6.973702076428992 ], [ 110.299263559003066, -6.974599954976952 ], [ 110.299263559003066, -6.975497833524969 ], [ 110.298365680455049, -6.975497833524969 ], [ 110.297066795682667, -6.972272956041877 ], [ 110.294774166263039, -6.972804197880919 ], [ 110.295189715609979, -6.971423991844574 ], [ 110.296714214014628, -6.970110562236982 ], [ 110.295164552856988, -6.968775454951015 ], [ 110.298986688228069, -6.961924959208261 ], [ 110.298365680455049, -6.960233898209026 ], [ 110.29732487959302, -6.957755878228454 ], [ 110.300226662393868, -6.958406391825577 ], [ 110.303752951742922, -6.957540262564976 ], [ 110.304727546461265, -6.958713535654852 ], [ 110.31470145691776, -6.957696912819529 ], [ 110.316323251415042, -6.955744505468999 ], [ 110.317221129963059, -6.955744505468999 ], [ 110.317221129963059, -6.958438141112936 ], [ 110.313508335171491, -6.959068855718158 ], [ 110.314144482040547, -6.963373667941596 ], [ 110.319914765607052, -6.963825412400922 ], [ 110.32170213112272, -6.964729610322706 ], [ 110.320812644155069, -6.966519048044972 ], [ 110.319379023140812, -6.967244292946702 ], [ 110.318715255984387, -6.972447257728845 ], [ 110.322608401250989, -6.972804197880919 ], [ 110.323506279799062, -6.97405692724891 ], [ 110.324404158347079, -6.972804197880919 ], [ 110.325587395154116, -6.973355435657254 ], [ 110.324528483891413, -6.97513507406876 ], [ 110.322608401250989, -6.975497833524969 ], [ 110.320812644155069, -6.975497833524969 ], [ 110.320363704881061, -6.974347851352036 ], [ 110.319914765607052, -6.975497833524969 ], [ 110.318119008510962, -6.974599954976952 ], [ 110.317413619116053, -6.973205582582864 ], [ 110.315425372866969, -6.972804197880919 ], [ 110.315425372866969, -6.971906319332959 ], [ 110.318387724039894, -6.971390795437685 ], [ 110.317543113188947, -6.964600506715158 ], [ 110.31181247898337, -6.968246343545729 ], [ 110.314527494319123, -6.971906319332959 ], [ 110.312365011460543, -6.971375166547318 ], [ 110.310038101579096, -6.971008440784942 ], [ 110.310935980127113, -6.963825412400922 ] ], [ [ 110.304474226913385, -6.959680738931979 ], [ 110.302598718977777, -6.959034388586304 ], [ 110.30165556357241, -6.96070836158782 ], [ 110.303752951742922, -6.961131776756986 ], [ 110.304474226913385, -6.959680738931979 ] ] ], [ [ [ 110.47255411876705, -6.957540262564976 ], [ 110.47075836167096, -6.957540262564976 ], [ 110.47075836167096, -6.955744505468999 ], [ 110.471950856617696, -6.956347767618468 ], [ 110.47255411876705, -6.957540262564976 ] ] ], [ [ [ 110.484226539890926, -6.957540262564976 ], [ 110.484226539890926, -6.955744505468999 ], [ 110.48547926240866, -6.956642384017016 ], [ 110.484226539890926, -6.957540262564976 ] ] ], [ [ [ 110.491409568275117, -6.972804197880919 ], [ 110.488241113038271, -6.972040755875526 ], [ 110.487019189333125, -6.978135800452378 ], [ 110.489613811179026, -6.983578740456949 ], [ 110.489613811179026, -6.985374497552925 ], [ 110.489127277624959, -6.986227821946954 ], [ 110.48581161009264, -6.987477619399385 ], [ 110.485124418439, -6.986272376100999 ], [ 110.488463979712037, -6.984457424549362 ], [ 110.488037344916108, -6.982554316877099 ], [ 110.484264421882358, -6.979949347698778 ], [ 110.485138214882113, -6.983847157999094 ], [ 110.484226539890926, -6.984476619005022 ], [ 110.483441457883714, -6.982387242224604 ], [ 110.484052159426028, -6.976395712072929 ], [ 110.483728264974673, -6.973218094600441 ], [ 110.486403062377121, -6.970996243879767 ], [ 110.48377365486175, -6.96640530959229 ], [ 110.48332866134308, -6.962927533852962 ], [ 110.483794712590793, -6.963359357728223 ], [ 110.484713676268768, -6.965306543460713 ], [ 110.486488348234786, -6.966950871920119 ], [ 110.490584028574915, -6.971371224217194 ], [ 110.49363715267134, -6.967370464638805 ], [ 110.487765375509071, -6.965971817676404 ], [ 110.490276396664001, -6.961226430358295 ], [ 110.489147759931313, -6.958006317237789 ], [ 110.48871593263101, -6.955744505468999 ], [ 110.489247088841751, -6.956111232943954 ], [ 110.490503647510423, -6.9579311834799 ], [ 110.494443826728855, -6.959405505371478 ], [ 110.493137562503364, -6.965232402991887 ], [ 110.4968685344856, -6.967808405804817 ], [ 110.495532238677868, -6.969743836474606 ], [ 110.492822518600576, -6.970757748315577 ], [ 110.491409568275117, -6.972804197880919 ] ], [ [ 110.485753218393882, -6.974998452290208 ], [ 110.48692017553509, -6.975497833524969 ], [ 110.486560536376658, -6.973457374520478 ], [ 110.485753218393882, -6.974998452290208 ] ] ], [ [ [ 110.447413519423037, -6.956642384017016 ], [ 110.447720891023778, -6.95554766981985 ], [ 110.448508233620203, -6.956335014128797 ], [ 110.447413519423037, -6.956642384017016 ] ] ], [ [ [ 110.484226539890926, -6.955744505468999 ], [ 110.482430782795063, -6.955744505468999 ], [ 110.482430782795063, -6.954846626920926 ], [ 110.484226539890926, -6.954846626920926 ], [ 110.484226539890926, -6.955744505468999 ] ] ], [ [ [ 110.48871593263101, -6.955744505468999 ], [ 110.487818054082936, -6.955744505468999 ], [ 110.487818054082936, -6.954846626920926 ], [ 110.48871593263101, -6.954846626920926 ], [ 110.48871593263101, -6.955744505468999 ] ] ], [ [ [ 110.359421421719048, -6.954846626920926 ], [ 110.360746702293227, -6.954289992844679 ], [ 110.365175422194625, -6.955377777993988 ], [ 110.371093842842924, -6.955744505468999 ], [ 110.370736560177477, -6.957261483989896 ], [ 110.367053389377077, -6.958408702079055 ], [ 110.36435975373297, -6.957569701598914 ], [ 110.36173840213479, -6.958386186955181 ], [ 110.360874863988727, -6.95698470055595 ], [ 110.359421421719048, -6.956642384017016 ], [ 110.359421421719048, -6.954846626920926 ] ] ], [ [ [ 110.303752951742922, -6.957540262564976 ], [ 110.303752951742922, -6.955744505468999 ], [ 110.304356213892504, -6.954552010522434 ], [ 110.305548708839012, -6.953948748372966 ], [ 110.304815253889103, -6.956806807615067 ], [ 110.303752951742922, -6.957540262564976 ] ] ], [ [ [ 110.482430782795063, -6.954846626920926 ], [ 110.48153290424699, -6.954846626920926 ], [ 110.48153290424699, -6.953948748372966 ], [ 110.482430782795063, -6.953948748372966 ], [ 110.482430782795063, -6.954846626920926 ] ] ], [ [ [ 110.487818054082936, -6.954846626920926 ], [ 110.485124418439, -6.954846626920926 ], [ 110.485124418439, -6.953948748372966 ], [ 110.487818054082936, -6.953948748372966 ], [ 110.487818054082936, -6.954846626920926 ] ] ], [ [ [ 110.508469260687093, -6.957540262564976 ], [ 110.507571382139076, -6.957540262564976 ], [ 110.506678764598121, -6.955744505468999 ], [ 110.507571382139076, -6.953948748372966 ], [ 110.508469260687093, -6.953948748372966 ], [ 110.508469260687093, -6.957540262564976 ] ] ], [ [ [ 110.359421421719048, -6.954846626920926 ], [ 110.355495730821019, -6.9544438790154 ], [ 110.358722057136276, -6.953666926565575 ], [ 110.359421421719048, -6.954846626920926 ] ] ], [ [ [ 110.384562021063118, -6.956642384017016 ], [ 110.384562021063118, -6.957540262564976 ], [ 110.385459899610964, -6.957540262564976 ], [ 110.386357778158981, -6.959336019660952 ], [ 110.384562021063118, -6.959336019660952 ], [ 110.383132993154447, -6.957173535090021 ], [ 110.382399534779552, -6.95431547584792 ], [ 110.381337236058528, -6.953582020898011 ], [ 110.380970506871108, -6.953050869825006 ], [ 110.383297413327568, -6.953417597299961 ], [ 110.385459899610964, -6.953948748372966 ], [ 110.385158268536372, -6.95454499584622 ], [ 110.383848750432776, -6.955207456313701 ], [ 110.384562021063118, -6.956642384017016 ] ] ], [ [ [ 110.485124418439, -6.953948748372966 ], [ 110.484226539890926, -6.953948748372966 ], [ 110.484226539890926, -6.953050869825006 ], [ 110.485124418439, -6.953050869825006 ], [ 110.485124418439, -6.953948748372966 ] ] ], [ [ [ 110.484226539890926, -6.953050869825006 ], [ 110.48332866134308, -6.953050869825006 ], [ 110.48332866134308, -6.952152991276989 ], [ 110.484226539890926, -6.952152991276989 ], [ 110.484226539890926, -6.953050869825006 ] ] ], [ [ [ 110.449209276519127, -6.951255112729029 ], [ 110.449209276519127, -6.953050869825006 ], [ 110.451005033615047, -6.953050869825006 ], [ 110.451005033615047, -6.953948748372966 ], [ 110.449209276519127, -6.953948748372966 ], [ 110.448311397971111, -6.953948748372966 ], [ 110.448311397971111, -6.951255112729029 ], [ 110.449209276519127, -6.951255112729029 ] ] ], [ [ [ 110.491661671900033, -6.951704052002924 ], [ 110.4905116897271, -6.952152991276989 ], [ 110.4905116897271, -6.951255112729029 ], [ 110.491661671900033, -6.951704052002924 ] ] ], [ [ [ 110.507571382139076, -6.953050869825006 ], [ 110.504780965884891, -6.953490648575837 ], [ 110.505775625042986, -6.957540262564976 ], [ 110.503979867947066, -6.958438141112936 ], [ 110.503458863835931, -6.957271660065544 ], [ 110.503081989398993, -6.959336019660952 ], [ 110.502184110850976, -6.959336019660952 ], [ 110.501286232302903, -6.959336019660952 ], [ 110.500891629368255, -6.9542957984483 ], [ 110.497638148584088, -6.955574814013517 ], [ 110.493205325371036, -6.954846626920926 ], [ 110.493572047708369, -6.95431547584792 ], [ 110.502184110850976, -6.952152991276989 ], [ 110.503081989398993, -6.953405720644923 ], [ 110.503979867947066, -6.952152991276989 ], [ 110.504877746495083, -6.952152991276989 ], [ 110.504877746495083, -6.951255112729029 ], [ 110.506865996169154, -6.951656495718282 ], [ 110.507571382139076, -6.953050869825006 ] ] ], [ [ [ 110.396234442186994, -6.953948748372966 ], [ 110.394438685091075, -6.953948748372966 ], [ 110.394438685091075, -6.950357234180956 ], [ 110.395336563639091, -6.950357234180956 ], [ 110.395932811112345, -6.951556743803735 ], [ 110.396234442186994, -6.953948748372966 ] ] ], [ [ [ 110.307344465935103, -6.950357234180956 ], [ 110.305548708839012, -6.951255112729029 ], [ 110.305548708839012, -6.949459355632996 ], [ 110.306446587387086, -6.949459355632996 ], [ 110.307344465935103, -6.949459355632996 ], [ 110.307344465935103, -6.950357234180956 ] ] ], [ [ [ 110.423170798627098, -6.950357234180956 ], [ 110.423170798627098, -6.952152991276989 ], [ 110.420477162983104, -6.950357234180956 ], [ 110.420477162983104, -6.949459355632996 ], [ 110.421375041531007, -6.949459355632996 ], [ 110.423170798627098, -6.950357234180956 ] ] ], [ [ [ 110.447413519423037, -6.956642384017016 ], [ 110.447804656121548, -6.960740640058589 ], [ 110.449951530640419, -6.963636327832035 ], [ 110.449532088627564, -6.966474716524772 ], [ 110.445293456859702, -6.969746384774851 ], [ 110.444226897270937, -6.969588770344899 ], [ 110.443430868532573, -6.970460049295752 ], [ 110.450273041197647, -6.973260398440857 ], [ 110.451396170313387, -6.976004575374532 ], [ 110.452089486108207, -6.976786848771326 ], [ 110.453191927409478, -6.974093213127389 ], [ 110.454603466579442, -6.973310939730595 ], [ 110.454081270521499, -6.976844651346994 ], [ 110.454241320222309, -6.977927709810217 ], [ 110.457579182628479, -6.977434452716466 ], [ 110.458804243757129, -6.974441241078637 ], [ 110.460989452385206, -6.973310939730595 ], [ 110.465714864316851, -6.976161340371164 ], [ 110.468513665301032, -6.975747745063586 ], [ 110.472251980772285, -6.976300178211943 ], [ 110.472032046013851, -6.977788495204607 ], [ 110.473567602466176, -6.978973745990913 ], [ 110.475291829046171, -6.981207581258388 ], [ 110.477112301915156, -6.982174120059426 ], [ 110.47794139005498, -6.977293590621002 ], [ 110.479507608314407, -6.97850251251424 ], [ 110.478994893029608, -6.981972067929917 ], [ 110.482125932093538, -6.98619519753754 ], [ 110.481913614835037, -6.987631976526245 ], [ 110.482430782795063, -6.989863890293009 ], [ 110.481417299095938, -6.989081616896158 ], [ 110.480243889000633, -6.987561391347356 ], [ 110.478332526753491, -6.986779117950618 ], [ 110.477550253356696, -6.984867755703419 ], [ 110.474994910956923, -6.982289725210592 ], [ 110.473958739164686, -6.985482252295128 ], [ 110.476652374808623, -6.987561391347356 ], [ 110.478569217271513, -6.992244872778315 ], [ 110.478127237871604, -6.995235707372615 ], [ 110.479358423141264, -6.998367520516865 ], [ 110.479087782686634, -7.000198981218489 ], [ 110.481539823019375, -7.001029569567436 ], [ 110.481017626961432, -6.997495857950923 ], [ 110.481150302984702, -6.996597979402964 ], [ 110.480415323849684, -6.991624395901226 ], [ 110.482039646096723, -6.990370632142572 ], [ 110.482430782795063, -6.989863890293009 ], [ 110.486104102907632, -6.992699216915128 ], [ 110.482952924050949, -6.995131514770662 ], [ 110.485515555137511, -6.998451539074608 ], [ 110.486022296987016, -6.998842675773005 ], [ 110.485471877817929, -7.001083618195196 ], [ 110.485679605395831, -7.002010240474817 ], [ 110.485124418439, -7.003332068512975 ], [ 110.484754175063131, -7.007494258121483 ], [ 110.482430782795063, -7.006923582704985 ], [ 110.483144046575148, -7.005488656714306 ], [ 110.482430782795063, -7.005127825608952 ], [ 110.481865786252001, -7.002986246348541 ], [ 110.477518413303073, -7.004772728179375 ], [ 110.476538879540499, -7.004579166959161 ], [ 110.474925983543471, -7.006829494250894 ], [ 110.47434987586297, -7.006025704157025 ], [ 110.47434987586297, -7.004229947060992 ], [ 110.473451997315124, -7.004229947060992 ], [ 110.473451997315124, -7.003332068512975 ], [ 110.472952338644234, -6.998250956327922 ], [ 110.475639973452076, -6.99593544186996 ], [ 110.476888900920187, -6.993136517580922 ], [ 110.473867548374642, -6.991244096329467 ], [ 110.47255411876705, -6.989719596212296 ], [ 110.469115187481918, -6.993711173004158 ], [ 110.471651020313629, -6.995895922664204 ], [ 110.469875348208291, -6.999078489456622 ], [ 110.467582398538525, -7.0010539839285 ], [ 110.467166847479007, -7.003332068512975 ], [ 110.466635691268209, -7.003698797700508 ], [ 110.465902246593828, -7.004761096421419 ], [ 110.463127202344822, -7.006677096301246 ], [ 110.462677454739094, -7.006025704157025 ], [ 110.462228515465085, -7.004875721984035 ], [ 110.461779576191077, -7.006025704157025 ], [ 110.45879310521866, -7.004528091348391 ], [ 110.458188061999067, -7.003332068512975 ], [ 110.459338044172, -7.002883129239024 ], [ 110.458188061999067, -7.002434189965015 ], [ 110.45996396701338, -6.998630961338108 ], [ 110.455239555221112, -6.997418552657564 ], [ 110.453751553341021, -6.993441820400221 ], [ 110.451481771283397, -6.994919868838508 ], [ 110.451005033615047, -6.997944797224989 ], [ 110.451005033615047, -7.001536311416942 ], [ 110.449209276519127, -7.001536311416942 ], [ 110.449209276519127, -7.004229947060992 ], [ 110.451902912163121, -7.004229947060992 ], [ 110.452800790710967, -7.004229947060992 ], [ 110.452800790710967, -7.005127825608952 ], [ 110.452800790710967, -7.006025704157025 ], [ 110.448752884151702, -7.005519407574923 ], [ 110.447014244604134, -7.00239619151904 ], [ 110.450355860958268, -6.996711481521345 ], [ 110.448179831691448, -6.993954008214132 ], [ 110.446967429861161, -6.999557631569644 ], [ 110.445617762326947, -7.000638432868925 ], [ 110.446931191934539, -6.994768834092554 ], [ 110.448826510850211, -6.992095735557086 ], [ 110.446033313386636, -6.99034621778145 ], [ 110.445042188967705, -6.987054313834562 ], [ 110.442630606327612, -6.985856825041367 ], [ 110.441610697075419, -6.99034621778145 ], [ 110.440464194839535, -6.991177319900544 ], [ 110.438312415527662, -6.988679738974838 ], [ 110.43412864071928, -6.991014016321571 ], [ 110.430836154499445, -6.99483561052142 ], [ 110.429871499522562, -6.995666712640514 ], [ 110.429455948463044, -6.997046918677029 ], [ 110.429455948463044, -6.997944797224989 ], [ 110.429455948463044, -6.999740554320965 ], [ 110.430353827011061, -6.999740554320965 ], [ 110.430353827011061, -7.000638432868925 ], [ 110.431251705559134, -7.000638432868925 ], [ 110.431251705559134, -7.001536311416942 ], [ 110.42855806991497, -7.001536311416942 ], [ 110.42855806991497, -7.000638432868925 ], [ 110.428109130641133, -6.999488450696049 ], [ 110.427660191367124, -7.000638432868925 ], [ 110.424966555723017, -7.000638432868925 ], [ 110.424966555723017, -6.998842675773005 ], [ 110.424966555723017, -6.997944797224989 ], [ 110.424068677175114, -6.997944797224989 ], [ 110.423170798627098, -6.997944797224989 ], [ 110.423170798627098, -6.997046918677029 ], [ 110.423170798627098, -6.995251161580995 ], [ 110.423170798627098, -6.994353283032979 ], [ 110.423774060776452, -6.993160788086357 ], [ 110.425740978710792, -6.992165759013801 ], [ 110.423024326160544, -6.989047988922266 ], [ 110.421379357200919, -6.989851340598932 ], [ 110.422102252460149, -6.991331574273318 ], [ 110.420477162983104, -6.991659647388985 ], [ 110.420477162983104, -6.989863890293009 ], [ 110.418681405887014, -6.989863890293009 ], [ 110.417783527338997, -6.989863890293009 ], [ 110.417783527338997, -6.988068133196919 ], [ 110.416885648790924, -6.988068133196919 ], [ 110.417580060628836, -6.985874810424434 ], [ 110.420908990283465, -6.987636312746929 ], [ 110.423636849874811, -6.988499953647079 ], [ 110.425429469547225, -6.989448517340406 ], [ 110.425864434271034, -6.987170254648959 ], [ 110.427358560292362, -6.986868623574253 ], [ 110.430710465751304, -6.985202473580728 ], [ 110.431251705559134, -6.986272376100999 ], [ 110.430156991361969, -6.986579747701683 ], [ 110.430944333958223, -6.987367090298051 ], [ 110.431251705559134, -6.986272376100999 ], [ 110.436151470554819, -6.985440023807598 ], [ 110.437030113545347, -6.981276241511409 ], [ 110.438681850571641, -6.977074666277247 ], [ 110.43546205941368, -6.974589398711373 ], [ 110.434452083052633, -6.972901276477842 ], [ 110.43626317105219, -6.971503345368546 ], [ 110.435798791270315, -6.96836085950406 ], [ 110.437916058923747, -6.964850822419692 ], [ 110.435257099344824, -6.965243753888728 ], [ 110.433178097297855, -6.963989678442886 ], [ 110.427835503468657, -6.964779185724467 ], [ 110.428718736140183, -6.958802342550996 ], [ 110.430353827011061, -6.957540262564976 ], [ 110.429089226125768, -6.962688870457157 ], [ 110.433970372088538, -6.962549631875618 ], [ 110.436369665344728, -6.958346138566014 ], [ 110.437536855395081, -6.957540262564976 ], [ 110.437202671838691, -6.960797596625866 ], [ 110.435448783591085, -6.963234196450799 ], [ 110.437704330788279, -6.964159592532042 ], [ 110.439499978279969, -6.961130670438365 ], [ 110.438453640687385, -6.958083759536578 ], [ 110.437536855395081, -6.957540262564976 ], [ 110.438166312975738, -6.956628580723589 ], [ 110.44073734249281, -6.957204948714264 ], [ 110.441495091924196, -6.956225387550489 ], [ 110.437234155678254, -6.953582020898011 ], [ 110.434476497413812, -6.955377777993988 ], [ 110.432516306444313, -6.956111232943954 ], [ 110.430353827011061, -6.957540262564976 ], [ 110.430880078428629, -6.955489630909995 ], [ 110.433578618865795, -6.954479899445971 ], [ 110.436259403403767, -6.952734205833451 ], [ 110.436638976847064, -6.951255112729029 ], [ 110.437984493117881, -6.951923937096979 ], [ 110.439332557688772, -6.951265576515937 ], [ 110.438434733942984, -6.949459355632996 ], [ 110.439332612491, -6.949459355632996 ], [ 110.440230491039074, -6.949459355632996 ], [ 110.440230491039074, -6.951255112729029 ], [ 110.440230491039074, -6.953050869825006 ], [ 110.441128369587091, -6.953050869825006 ], [ 110.441524082265516, -6.954471896618486 ], [ 110.442510247089274, -6.954326165693828 ], [ 110.444213141929367, -6.955353367057967 ], [ 110.447413519423037, -6.956642384017016 ] ], [ [ 110.440931533937999, -6.959028648060269 ], [ 110.442026248134937, -6.959336019660952 ], [ 110.441718876534424, -6.958241305463901 ], [ 110.440931533937999, -6.959028648060269 ] ], [ [ 110.439014705175623, -6.96696225021816 ], [ 110.441128369587091, -6.967416926592932 ], [ 110.440005322674551, -6.965368096558961 ], [ 110.439014705175623, -6.96696225021816 ] ], [ [ 110.441902230852634, -6.976331422291992 ], [ 110.44144996234769, -6.983919503697223 ], [ 110.444106880546201, -6.985363293936871 ], [ 110.445143572959012, -6.983104547663743 ], [ 110.445617762326947, -6.982680861908989 ], [ 110.445919393401766, -6.985072866478276 ], [ 110.447715150497856, -6.985093992709949 ], [ 110.44651564087502, -6.982680861908989 ], [ 110.448573749599348, -6.983316392253812 ], [ 110.449756160948994, -6.987145525175379 ], [ 110.453762554874061, -6.989322636784664 ], [ 110.457713872630961, -6.984900304759833 ], [ 110.459509629727052, -6.983295814043629 ], [ 110.45702714679561, -6.981746594728406 ], [ 110.455654558259084, -6.984737223814534 ], [ 110.449964847564672, -6.98298027692141 ], [ 110.446336191210435, -6.975074147770158 ], [ 110.441902230852634, -6.976331422291992 ] ], [ [ 110.458678527607788, -6.981002812996906 ], [ 110.461779576191077, -6.983578740456949 ], [ 110.462589442474098, -6.981423436681212 ], [ 110.458678527607788, -6.981002812996906 ] ], [ [ 110.465926647254491, -6.98930832657129 ], [ 110.46686561371996, -6.992063642043604 ], [ 110.468962604575097, -6.992557525936945 ], [ 110.470476747084206, -6.989394783824991 ], [ 110.469197925039168, -6.987573427271172 ], [ 110.462121897867689, -6.986827939822604 ], [ 110.461284479799986, -6.985468866868132 ], [ 110.460539375966391, -6.988524025494712 ], [ 110.465926647254491, -6.98930832657129 ] ], [ [ 110.469542575807509, -6.986909557360775 ], [ 110.471656240219033, -6.988068133196919 ], [ 110.471225248651592, -6.986064593720869 ], [ 110.469542575807509, -6.986909557360775 ] ], [ [ 110.465371090383087, -6.995251161580995 ], [ 110.464988105505654, -6.991883466250385 ], [ 110.462310732401818, -6.99446579186224 ], [ 110.465371090383087, -6.995251161580995 ] ], [ [ 110.459983819094987, -6.996149040128955 ], [ 110.459037194027928, -6.993083496493568 ], [ 110.457764372819156, -6.995463691197926 ], [ 110.459983819094987, -6.996149040128955 ] ], [ [ 110.451005033615047, -6.994353283032979 ], [ 110.451948726766773, -6.992454785592201 ], [ 110.450544421481538, -6.990460137766263 ], [ 110.449805523992211, -6.993746472443888 ], [ 110.451005033615047, -6.994353283032979 ] ], [ [ 110.452949893680966, -6.992241913461783 ], [ 110.456392304902977, -6.992557525936945 ], [ 110.457105568683119, -6.991122599946323 ], [ 110.454247553967718, -6.98967677517652 ], [ 110.452949893680966, -6.992241913461783 ] ], [ [ 110.448311397971111, -6.989863890293009 ], [ 110.447951758812621, -6.987823434713562 ], [ 110.447144440829845, -6.989364505632977 ], [ 110.448311397971111, -6.989863890293009 ] ], [ [ 110.468962604575097, -6.996149040128955 ], [ 110.469269976175781, -6.997243754326121 ], [ 110.470057318772035, -6.996456411729639 ], [ 110.468962604575097, -6.996149040128955 ], [ 110.467839557662558, -6.994100206669827 ], [ 110.466848940163572, -6.995694367179283 ], [ 110.468962604575097, -6.996149040128955 ] ], [ [ 110.463944179207886, -6.997620299950029 ], [ 110.460787835247856, -6.996688327609832 ], [ 110.461439474001793, -6.999274667479767 ], [ 110.464473211835013, -6.999740554320965 ], [ 110.463944179207886, -6.997620299950029 ] ], [ [ 110.440230491039074, -6.984476619005022 ], [ 110.43974861566835, -6.982369054758692 ], [ 110.437202671838691, -6.984047778422223 ], [ 110.440230491039074, -6.984476619005022 ] ], [ [ 110.434535848150233, -6.986973418999924 ], [ 110.433748505553979, -6.987760761596292 ], [ 110.434843219750974, -6.988068133196919 ], [ 110.434535848150233, -6.986973418999924 ] ], [ [ 110.428741013217291, -6.988677348230794 ], [ 110.429100570172352, -6.990281236123167 ], [ 110.43214958410698, -6.990761768841026 ], [ 110.431458337093773, -6.98806818114889 ], [ 110.428741013217291, -6.988677348230794 ] ], [ [ 110.426363038000204, -6.99372568872559 ], [ 110.42855806991497, -6.994353283032979 ], [ 110.427943532221718, -6.992203908165607 ], [ 110.426363038000204, -6.99372568872559 ] ], [ [ 110.426382999685984, -6.995105353590702 ], [ 110.424531495095493, -6.994059790078666 ], [ 110.423775184220744, -6.996681648596848 ], [ 110.426762312819108, -6.997046918677029 ], [ 110.426382999685984, -6.995105353590702 ] ], [ [ 110.464204133241822, -7.001172377139483 ], [ 110.466268968931104, -7.001536311416942 ], [ 110.465781106424629, -7.000396262135155 ], [ 110.464204133241822, -7.001172377139483 ] ] ], [ [ [ 110.44651564087502, -6.950357234180956 ], [ 110.445617762326947, -6.950357234180956 ], [ 110.445617762326947, -6.949459355632996 ], [ 110.44651564087502, -6.949459355632996 ], [ 110.44651564087502, -6.950357234180956 ] ] ], [ [ [ 110.458188061999067, -6.949459355632996 ], [ 110.458188061999067, -6.952152991276989 ], [ 110.457290183450993, -6.952152991276989 ], [ 110.457290183450993, -6.949459355632996 ], [ 110.458188061999067, -6.949459355632996 ] ] ], [ [ [ 110.491102196674262, -6.949262519983904 ], [ 110.491409568275117, -6.950357234180956 ], [ 110.490314854077951, -6.950049864292851 ], [ 110.491102196674262, -6.949262519983904 ] ] ], [ [ [ 110.464783898966346, -6.95256924620179 ], [ 110.462677454739094, -6.953050869825006 ], [ 110.460881697643003, -6.952152991276989 ], [ 110.460881697643003, -6.949459355632996 ], [ 110.462677454739094, -6.948561477084979 ], [ 110.463594240031398, -6.949104974056581 ], [ 110.464783898966346, -6.95256924620179 ] ] ], [ [ [ 110.389949292350991, -6.948561477084979 ], [ 110.389051413803145, -6.948561477084979 ], [ 110.389051413803145, -6.947663598537019 ], [ 110.389949292350991, -6.947663598537019 ], [ 110.389949292350991, -6.948561477084979 ] ] ], [ [ [ 110.384562021063118, -6.946765719988946 ], [ 110.384562021063118, -6.948561477084979 ], [ 110.385459899610964, -6.948561477084979 ], [ 110.385459899610964, -6.949459355632996 ], [ 110.381868385419125, -6.949459355632996 ], [ 110.382170016493717, -6.947965229611725 ], [ 110.384562021063118, -6.946765719988946 ] ] ], [ [ [ 110.433047462655054, -6.946765719988946 ], [ 110.433047462655054, -6.947663598537019 ], [ 110.431897480482064, -6.947214659263011 ], [ 110.433047462655054, -6.946765719988946 ] ] ], [ [ [ 110.434843219750974, -6.946765719988946 ], [ 110.434843219750974, -6.947663598537019 ], [ 110.433693237578154, -6.947214659263011 ], [ 110.434843219750974, -6.946765719988946 ] ] ], [ [ [ 110.492731136002931, -6.947946526662918 ], [ 110.489337813813449, -6.948712446753404 ], [ 110.4905116897271, -6.947663598537019 ], [ 110.491409568275117, -6.947663598537019 ], [ 110.491409568275117, -6.946765719988946 ], [ 110.492731136002931, -6.947946526662918 ] ] ], [ [ [ 110.458188061999067, -6.949459355632996 ], [ 110.456956260205004, -6.946709580316394 ], [ 110.459085940546913, -6.947663598537019 ], [ 110.459085940546913, -6.949459355632996 ], [ 110.458188061999067, -6.949459355632996 ] ] ], [ [ [ 110.394438685091075, -6.950357234180956 ], [ 110.393540806543001, -6.950357234180956 ], [ 110.392111771784244, -6.948194749610025 ], [ 110.391745049447081, -6.946765719988946 ], [ 110.392411471082994, -6.945549935838017 ], [ 110.394085005667193, -6.948713085541044 ], [ 110.394438685091075, -6.950357234180956 ] ] ], [ [ [ 110.400723834927021, -6.950357234180956 ], [ 110.399825956378947, -6.950357234180956 ], [ 110.399825956378947, -6.951255112729029 ], [ 110.399294800168207, -6.950888385254075 ], [ 110.398285275924991, -6.949426234579107 ], [ 110.398879180606002, -6.946776973269493 ], [ 110.395336563639091, -6.945867841440929 ], [ 110.395336563639091, -6.944969962892969 ], [ 110.400723834927021, -6.944969962892969 ], [ 110.400723834927021, -6.950357234180956 ] ] ], [ [ [ 110.438434733942984, -6.944969962892969 ], [ 110.439332612491, -6.944969962892969 ], [ 110.439332612491, -6.946765719988946 ], [ 110.439332612491, -6.947663598537019 ], [ 110.438434733942984, -6.947663598537019 ], [ 110.438434733942984, -6.946765719988946 ], [ 110.438434733942984, -6.944969962892969 ] ] ], [ [ [ 110.425864434271034, -6.987170254648959 ], [ 110.422223735142722, -6.986536683481347 ], [ 110.423698598205704, -6.984027679730957 ], [ 110.422293594193036, -6.981637528159638 ], [ 110.418257840012018, -6.98318879913063 ], [ 110.417334588064989, -6.983073961209641 ], [ 110.416394018636424, -6.983190953540486 ], [ 110.413417247645782, -6.978290047974838 ], [ 110.407984997487119, -6.978965738025693 ], [ 110.405711831396218, -6.982539996388311 ], [ 110.407507588492308, -6.983978015275738 ], [ 110.407906863311041, -6.984476619005022 ], [ 110.408249184987653, -6.985032182726627 ], [ 110.409436939547561, -6.985764038138598 ], [ 110.407777790529565, -6.990632696059606 ], [ 110.406111106215121, -6.991659647388985 ], [ 110.402163213593042, -6.992130904841645 ], [ 110.403417470570957, -6.995251161580995 ], [ 110.402854405804078, -6.995639928086121 ], [ 110.403069175459279, -6.996597979402964 ], [ 110.402767242972629, -6.997944797224989 ], [ 110.403377629402542, -7.000667587616761 ], [ 110.401310122108157, -7.003842591711418 ], [ 110.39907508461846, -7.004678886334943 ], [ 110.399560138514175, -7.006842564565375 ], [ 110.396234442186994, -7.006025704157025 ], [ 110.395084460014175, -7.00647464343092 ], [ 110.396234442186994, -7.006923582704985 ], [ 110.397132320735011, -7.008719339800962 ], [ 110.396234442186994, -7.008719339800962 ], [ 110.396234442186994, -7.012310853992972 ], [ 110.395565622956724, -7.013656370263732 ], [ 110.396221933594575, -7.01500025617031 ], [ 110.394438685091075, -7.015902368184982 ], [ 110.39378659421925, -7.014758695110402 ], [ 110.392071094882908, -7.013780565653065 ], [ 110.391296110173073, -7.011354248083023 ], [ 110.389111696176201, -7.012177636798469 ], [ 110.390008012862836, -7.014555550363013 ], [ 110.388744055902748, -7.017908812175392 ], [ 110.389949292350991, -7.018596003828918 ], [ 110.389949292350991, -7.019493882376992 ], [ 110.390847170899065, -7.019493882376992 ], [ 110.390847170899065, -7.020391760925008 ], [ 110.393540806543001, -7.020391760925008 ], [ 110.393540806543001, -7.019493882376992 ], [ 110.394438685091075, -7.019493882376992 ], [ 110.394438685091075, -7.018596003828918 ], [ 110.396234442186994, -7.019493882376992 ], [ 110.397132320735011, -7.019493882376992 ], [ 110.397493713562483, -7.022359774902498 ], [ 110.399524325304355, -7.023387027643651 ], [ 110.399825956378947, -7.023983275117018 ], [ 110.399825956378947, -7.024881153664978 ], [ 110.398928077831101, -7.026676910761012 ], [ 110.39837252095964, -7.026334595934657 ], [ 110.397433554494, -7.0235792804624 ], [ 110.395336563639091, -7.023085396569002 ], [ 110.395336563639091, -7.022187518020928 ], [ 110.394438685091075, -7.022187518020928 ], [ 110.393540806543001, -7.020934788653051 ], [ 110.392642927994984, -7.022187518020928 ], [ 110.38857881369762, -7.021497120441211 ], [ 110.385459899610964, -7.019493882376992 ], [ 110.385010960337127, -7.018343900204115 ], [ 110.384562021063118, -7.019493882376992 ], [ 110.383362511440282, -7.020090129850246 ], [ 110.380072628323035, -7.020391760925008 ], [ 110.380374259397854, -7.018897634903738 ], [ 110.380970506871108, -7.017698125280958 ], [ 110.384165822015291, -7.017155316761489 ], [ 110.387534476383735, -7.004322035236328 ], [ 110.390444196934652, -7.004752019814134 ], [ 110.390847170899065, -7.004229947060992 ], [ 110.391745049447081, -7.004229947060992 ], [ 110.391745049447081, -7.001536311416942 ], [ 110.395175664504734, -7.00282537461527 ], [ 110.397539733674307, -6.999926936458507 ], [ 110.395743976578217, -6.998435262833823 ], [ 110.395336563639091, -6.997944797224989 ], [ 110.395336563639091, -6.997046918677029 ], [ 110.395336563639091, -6.996149040128955 ], [ 110.397132320735011, -6.996149040128955 ], [ 110.397581260009019, -6.997299022301831 ], [ 110.398030199283085, -6.996149040128955 ], [ 110.399817571648896, -6.995244845632271 ], [ 110.398928077831101, -6.993455404485019 ], [ 110.399825956378947, -6.993455404485019 ], [ 110.399825956378947, -6.992557525936945 ], [ 110.401393311783181, -6.992329131095403 ], [ 110.401850115166781, -6.989656566880967 ], [ 110.400054358070861, -6.98783973835549 ], [ 110.399825956378947, -6.986272376100999 ], [ 110.400920670576113, -6.985965004500315 ], [ 110.400133327979688, -6.985177661903833 ], [ 110.399825956378947, -6.986272376100999 ], [ 110.397585013956927, -6.985721953506754 ], [ 110.396679627513265, -6.985924920147227 ], [ 110.394438685091075, -6.985374497552925 ], [ 110.394438685091075, -6.984476619005022 ], [ 110.397025388025213, -6.982690664644849 ], [ 110.39839692162036, -6.979951385654033 ], [ 110.395210025457402, -6.98066581740494 ], [ 110.394438685091075, -6.981782983361029 ], [ 110.393540806543001, -6.981782983361029 ], [ 110.393540806543001, -6.983578740456949 ], [ 110.39222874698936, -6.984709137708819 ], [ 110.394438685091075, -6.985374497552925 ], [ 110.394438685091075, -6.986272376100999 ], [ 110.389949292350991, -6.986272376100999 ], [ 110.389949292350991, -6.984476619005022 ], [ 110.389620794518692, -6.982849402519093 ], [ 110.388153535255071, -6.983578740456949 ], [ 110.386586179850894, -6.983807138723648 ], [ 110.385231497919278, -6.985146099286339 ], [ 110.378276871227115, -6.985374497552925 ], [ 110.377378992679098, -6.985374497552925 ], [ 110.377378992679098, -6.984476619005022 ], [ 110.376481114131025, -6.984476619005022 ], [ 110.376872250829535, -6.982174120059426 ], [ 110.379681491624524, -6.977800332470622 ], [ 110.380970506871108, -6.974599954976952 ], [ 110.382137272204659, -6.97514352045124 ], [ 110.381162088363283, -6.976844651346994 ], [ 110.381697457489906, -6.977778558888417 ], [ 110.379460104608995, -6.980272584524016 ], [ 110.379174749775018, -6.983578740456949 ], [ 110.379174749775018, -6.984476619005022 ], [ 110.380072628323035, -6.984476619005022 ], [ 110.381477248720614, -6.984085482306568 ], [ 110.385057925785873, -6.981430759619514 ], [ 110.385851036309475, -6.978582605867359 ], [ 110.388358152810554, -6.977556500546314 ], [ 110.389442550501485, -6.975208930251313 ], [ 110.387255656707055, -6.974599954976952 ], [ 110.387665480941166, -6.973203390496508 ], [ 110.389325643798998, -6.973372609283444 ], [ 110.390368652160646, -6.97692690253507 ], [ 110.392152462386207, -6.975905246464094 ], [ 110.396211274574966, -6.974714179798809 ], [ 110.397539733674307, -6.971042777761738 ], [ 110.395486379037038, -6.967457627470253 ], [ 110.391727992275605, -6.969610197988459 ], [ 110.392642927994984, -6.963825412400922 ], [ 110.392642927994984, -6.962927533852962 ], [ 110.393540806543001, -6.962927533852962 ], [ 110.39390044570149, -6.96496799285751 ], [ 110.394707763684266, -6.963426915087837 ], [ 110.393540806543001, -6.962927533852962 ], [ 110.393540806543001, -6.962029655305003 ], [ 110.392642927994984, -6.960233898209026 ], [ 110.392642927994984, -6.959336019660952 ], [ 110.394438685091075, -6.959336019660952 ], [ 110.394438685091075, -6.955744505468999 ], [ 110.396234442186994, -6.955744505468999 ], [ 110.396234442186994, -6.953948748372966 ], [ 110.397296740907962, -6.954682203322875 ], [ 110.398030199283085, -6.957540262564976 ], [ 110.395989736853437, -6.957899901723408 ], [ 110.397530814623053, -6.958707223131285 ], [ 110.398030199283085, -6.957540262564976 ], [ 110.398528803012198, -6.957939537383766 ], [ 110.400225231197851, -6.969711287418193 ], [ 110.401067828069415, -6.970509837055772 ], [ 110.402020988293771, -6.965586705790201 ], [ 110.400210242807759, -6.954354342565523 ], [ 110.402170146065941, -6.953528474052462 ], [ 110.400723834927021, -6.951255112729029 ], [ 110.400723834927021, -6.950357234180956 ], [ 110.403417470570957, -6.950357234180956 ], [ 110.403417470570957, -6.949459355632996 ], [ 110.404315349119031, -6.949459355632996 ], [ 110.404315349119031, -6.948561477084979 ], [ 110.406111106215121, -6.948561477084979 ], [ 110.406111106215121, -6.949459355632996 ], [ 110.404928968876334, -6.95021614431397 ], [ 110.406209818601269, -6.951605565675777 ], [ 110.407008984763138, -6.950357234180956 ], [ 110.407008984763138, -6.949459355632996 ], [ 110.407906863311041, -6.949459355632996 ], [ 110.40910637293365, -6.951872486433956 ], [ 110.408384697022655, -6.953995438098559 ], [ 110.407906863311041, -6.953050869825006 ], [ 110.407457924036976, -6.951900887652073 ], [ 110.407008984763138, -6.953050869825006 ], [ 110.404594127694168, -6.953402435940518 ], [ 110.40532362661321, -6.955744505468999 ], [ 110.404484619282925, -6.958438141112936 ], [ 110.405010870700664, -6.960127657376461 ], [ 110.408417537215428, -6.95906656430293 ], [ 110.408804741859058, -6.958438141112936 ], [ 110.409360298730348, -6.958095824574002 ], [ 110.410428173570779, -6.954962225221891 ], [ 110.411947316777059, -6.955435399037412 ], [ 110.413720632389641, -6.954883056655206 ], [ 110.41453433482377, -6.952495307815923 ], [ 110.415645448566465, -6.951810674738056 ], [ 110.41633009191969, -6.949443084529889 ], [ 110.412302325153178, -6.948070497705942 ], [ 110.411498377503051, -6.946765719988946 ], [ 110.411897652321727, -6.946267116259719 ], [ 110.418213916082664, -6.94490053027198 ], [ 110.419194463685244, -6.951637558147752 ], [ 110.419052457594773, -6.952779141890005 ], [ 110.420970820817558, -6.952540526446057 ], [ 110.421774316349911, -6.954447352102193 ], [ 110.422999596687191, -6.955428543630035 ], [ 110.425749034627927, -6.955086554191496 ], [ 110.424966555723017, -6.953050869825006 ], [ 110.425864434271034, -6.953050869825006 ], [ 110.425864434271034, -6.952152991276989 ], [ 110.426762312819108, -6.952152991276989 ], [ 110.428075742426643, -6.953284571912945 ], [ 110.427244640307435, -6.955328956121946 ], [ 110.423653126115425, -6.95757848878236 ], [ 110.424484228234633, -6.958920468601377 ], [ 110.426421594105591, -6.959784958935018 ], [ 110.426277300024879, -6.961580716030994 ], [ 110.426486726469591, -6.964187154592139 ], [ 110.425382106782536, -6.965138842008571 ], [ 110.424551004663499, -6.967899254081374 ], [ 110.419994835494606, -6.971423991844574 ], [ 110.418219629207726, -6.974258201872715 ], [ 110.415719719190236, -6.97405733141477 ], [ 110.41377783214142, -6.975730352228823 ], [ 110.417514106232431, -6.976855255564487 ], [ 110.417229943345433, -6.980391683312803 ], [ 110.420354858268126, -6.980642776522927 ], [ 110.422755247567579, -6.97957167520542 ], [ 110.424484228234633, -6.978607020228537 ], [ 110.428973620974489, -6.976603768463804 ], [ 110.427244640307435, -6.974117627488511 ], [ 110.423653126115425, -6.971023367522662 ], [ 110.426639624488985, -6.970458035316369 ], [ 110.428973620974489, -6.974184403917434 ], [ 110.431667256618653, -6.975386355661328 ], [ 110.430836154499445, -6.97957167520542 ], [ 110.429871499522562, -6.981300655872587 ], [ 110.428950288956059, -6.983365142197954 ], [ 110.426330526620291, -6.985622193029371 ], [ 110.425864434271034, -6.987170254648959 ] ], [ [ 110.428771565419993, -6.980813940786391 ], [ 110.426417223633393, -6.979062617964701 ], [ 110.423685678597053, -6.980879823255066 ], [ 110.427660191367124, -6.983578740456949 ], [ 110.428771565419993, -6.980813940786391 ] ], [ [ 110.415987770243078, -6.979089347716979 ], [ 110.415680398642394, -6.977994633519927 ], [ 110.414893056045912, -6.978781976116295 ], [ 110.415987770243078, -6.979089347716979 ] ], [ [ 110.394438685091075, -6.978191469169019 ], [ 110.393830285239289, -6.977036393820583 ], [ 110.391435280251926, -6.97780119560457 ], [ 110.394438685091075, -6.978191469169019 ] ], [ [ 110.413294134599141, -6.973702076428992 ], [ 110.412975418951817, -6.971174535848888 ], [ 110.410583400681958, -6.972342732888876 ], [ 110.413294134599141, -6.973702076428992 ] ], [ [ 110.413760185846684, -6.972098942066225 ], [ 110.415987770243078, -6.972804197880919 ], [ 110.416419597543381, -6.972338143208219 ], [ 110.420880260252261, -6.968205115197634 ], [ 110.419470433649792, -6.966087224169826 ], [ 110.414727019209352, -6.969351261219572 ], [ 110.413760185846684, -6.972098942066225 ] ], [ [ 110.407906863311041, -6.969212683689022 ], [ 110.4075994917103, -6.968117969491857 ], [ 110.406812149113875, -6.968905312088225 ], [ 110.407906863311041, -6.969212683689022 ] ], [ [ 110.415089891695004, -6.966519048044972 ], [ 110.416393813128252, -6.962885034779902 ], [ 110.414474942985464, -6.959810212454158 ], [ 110.412870445419003, -6.961605969550192 ], [ 110.411922066682962, -6.962453341059756 ], [ 110.410176809775066, -6.96446939255344 ], [ 110.415089891695004, -6.966519048044972 ] ], [ [ 110.419579284435088, -6.956642384017016 ], [ 110.420673998632083, -6.956335014128797 ], [ 110.419886656035771, -6.95554766981985 ], [ 110.419579284435088, -6.956642384017016 ], [ 110.418379774812252, -6.956046136543648 ], [ 110.415987770243078, -6.955744505468999 ], [ 110.415089891695004, -6.955744505468999 ], [ 110.415089891695004, -6.956642384017016 ], [ 110.417517476565024, -6.960315940463886 ], [ 110.417157357887788, -6.961922373231403 ], [ 110.419149334108511, -6.961475817851351 ], [ 110.419579284435088, -6.956642384017016 ] ], [ [ 110.422973962977949, -6.960824405156245 ], [ 110.424068677175114, -6.961131776756986 ], [ 110.42376130557443, -6.960037062559934 ], [ 110.422973962977949, -6.960824405156245 ] ], [ [ 110.421375041531007, -6.962927533852962 ], [ 110.421901731366006, -6.965038413629827 ], [ 110.425325139939901, -6.963762999593939 ], [ 110.423012023076353, -6.962224929092542 ], [ 110.421375041531007, -6.962927533852962 ], [ 110.421067669930267, -6.96183281965591 ], [ 110.420280327334012, -6.962620162252279 ], [ 110.421375041531007, -6.962927533852962 ] ], [ [ 110.417783527338997, -6.963825412400922 ], [ 110.417476155738257, -6.96273069820387 ], [ 110.416688813142002, -6.963518040800238 ], [ 110.417783527338997, -6.963825412400922 ] ], [ [ 110.413294134599141, -6.957540262564976 ], [ 110.413294134599141, -6.956642384017016 ], [ 110.412396256051068, -6.956642384017016 ], [ 110.411498377503051, -6.956642384017016 ], [ 110.411498377503051, -6.957540262564976 ], [ 110.410348395330061, -6.957989201838984 ], [ 110.411498377503051, -6.958438141112936 ], [ 110.412396256051068, -6.958438141112936 ], [ 110.413294134599141, -6.958438141112936 ], [ 110.413294134599141, -6.957540262564976 ] ], [ [ 110.422003841485832, -6.967052988890373 ], [ 110.424068677175114, -6.967416926592932 ], [ 110.42358081466864, -6.966276880736302 ], [ 110.422003841485832, -6.967052988890373 ] ], [ [ 110.398368657407502, -6.960480908658383 ], [ 110.396921839348749, -6.958953017657791 ], [ 110.394995173599114, -6.963801436457118 ], [ 110.396234442186994, -6.964723290948996 ], [ 110.396617440765056, -6.963310535856181 ], [ 110.398368657407502, -6.960480908658383 ] ], [ [ 110.386856381888322, -6.980257510505623 ], [ 110.389051413803145, -6.980885104813012 ], [ 110.388436876109722, -6.978735726520483 ], [ 110.386856381888322, -6.980257510505623 ] ] ], [ [ [ 110.471656240219033, -6.945867841440929 ], [ 110.47075836167096, -6.945867841440929 ], [ 110.47075836167096, -6.944072084345009 ], [ 110.471656240219033, -6.944072084345009 ], [ 110.471656240219033, -6.945867841440929 ] ] ], [ [ [ 110.41893350951193, -6.943623145071001 ], [ 110.417783527338997, -6.944072084345009 ], [ 110.417783527338997, -6.943174205796936 ], [ 110.41893350951193, -6.943623145071001 ] ] ], [ [ [ 110.43214958410698, -6.944969962892969 ], [ 110.429455948463044, -6.944969962892969 ], [ 110.429455948463044, -6.944072084345009 ], [ 110.431739198150865, -6.942937134232636 ], [ 110.43214958410698, -6.944969962892969 ] ] ], [ [ [ 110.471656240219033, -6.945867841440929 ], [ 110.47255411876705, -6.945867841440929 ], [ 110.47255411876705, -6.947663598537019 ], [ 110.47255411876705, -6.949459355632996 ], [ 110.47434987586297, -6.949459355632996 ], [ 110.47434987586297, -6.947663598537019 ], [ 110.475247754411043, -6.947663598537019 ], [ 110.477043511506963, -6.947663598537019 ], [ 110.477043511506963, -6.945867841440929 ], [ 110.478243021129799, -6.946464088914297 ], [ 110.482129151720414, -6.947067351063652 ], [ 110.482430782795063, -6.947663598537019 ], [ 110.482797505132339, -6.949990506706001 ], [ 110.48332866134308, -6.952152991276989 ], [ 110.48185190760563, -6.951418935215884 ], [ 110.48153290424699, -6.953948748372966 ], [ 110.481042438638269, -6.95354133543384 ], [ 110.479891141213557, -6.950886689812307 ], [ 110.477863872403304, -6.95332723368 ], [ 110.476278487089246, -6.954356161312205 ], [ 110.476640332034549, -6.950806173454964 ], [ 110.476535440705163, -6.949777043739857 ], [ 110.474667563969945, -6.949967433285167 ], [ 110.474844574938629, -6.951704052002924 ], [ 110.474731888002225, -6.952809565650227 ], [ 110.471165774610256, -6.954356161312205 ], [ 110.47075836167096, -6.955744505468999 ], [ 110.468723475360889, -6.956266711802357 ], [ 110.469670908759781, -6.960492999384371 ], [ 110.468404033585102, -6.962438489675094 ], [ 110.469016872411544, -6.965172230223004 ], [ 110.468413021138872, -6.967865865866941 ], [ 110.468673934210642, -6.969029740386816 ], [ 110.471862844352643, -6.968314859943177 ], [ 110.472920841104383, -6.964192138163412 ], [ 110.475484883346383, -6.963458686638546 ], [ 110.474689183421049, -6.967008092222841 ], [ 110.47626836239067, -6.969433173319317 ], [ 110.478308112392313, -6.967114230301377 ], [ 110.475791063000258, -6.963248900554674 ], [ 110.475247754411043, -6.961131776756986 ], [ 110.476634687412172, -6.962283851687289 ], [ 110.479520897837688, -6.966294191367695 ], [ 110.477741608790041, -6.970396824731665 ], [ 110.475661647705408, -6.970608833728079 ], [ 110.474543861799987, -6.969263183877047 ], [ 110.469494404711099, -6.970744955436999 ], [ 110.474978347004935, -6.972354227641404 ], [ 110.477533977115854, -6.975905246464094 ], [ 110.47794139005498, -6.977293590621002 ], [ 110.473821898177391, -6.974058389781419 ], [ 110.467973480434807, -6.972206772161314 ], [ 110.464935783145677, -6.973271471901739 ], [ 110.463904461344214, -6.973230592917446 ], [ 110.461764135683154, -6.970920599776775 ], [ 110.463973580565323, -6.964616830907858 ], [ 110.461149899401789, -6.963393588525776 ], [ 110.458642851403226, -6.966099379973286 ], [ 110.456599594063732, -6.965018188208546 ], [ 110.454258048580925, -6.962491024393273 ], [ 110.451436860915351, -6.961597831429799 ], [ 110.450299359933808, -6.959187574316957 ], [ 110.449209276519127, -6.955744505468999 ], [ 110.450644202509807, -6.955031238263871 ], [ 110.451517241979843, -6.956757018142412 ], [ 110.451902912163121, -6.954846626920926 ], [ 110.45369866925904, -6.954846626920926 ], [ 110.45369866925904, -6.953050869825006 ], [ 110.454891164205549, -6.953654131974417 ], [ 110.455494426355131, -6.954846626920926 ], [ 110.454892767168644, -6.955328432076328 ], [ 110.458054454338992, -6.962831606101474 ], [ 110.464473211835013, -6.962029655305003 ], [ 110.464994229646663, -6.963196136352394 ], [ 110.465371090383087, -6.961131776756986 ], [ 110.465721550180092, -6.958788594059683 ], [ 110.468389319205698, -6.957080722498688 ], [ 110.466619428728109, -6.954496173974178 ], [ 110.465918509134099, -6.947116172935694 ], [ 110.464473211835013, -6.946765719988946 ], [ 110.465186475615155, -6.945330792285745 ], [ 110.463280716888505, -6.944366700743558 ], [ 110.462677454739094, -6.943174205796936 ], [ 110.465371090383087, -6.943174205796936 ], [ 110.465371090383087, -6.942276327248919 ], [ 110.467158462748898, -6.943180524314471 ], [ 110.466268968931104, -6.944969962892969 ], [ 110.466717908204942, -6.946119945065902 ], [ 110.467166847479007, -6.944969962892969 ], [ 110.468962604575097, -6.945867841440929 ], [ 110.469264235649689, -6.946464088914297 ], [ 110.471325372193235, -6.947506782163373 ], [ 110.471656240219033, -6.945867841440929 ] ], [ [ 110.466743158299039, -6.950627311201004 ], [ 110.468674619237618, -6.955185708420061 ], [ 110.470284172303025, -6.95167879848384 ], [ 110.47075836167096, -6.951255112729029 ], [ 110.472011084188694, -6.950357234180956 ], [ 110.47075836167096, -6.949459355632996 ], [ 110.469577553284637, -6.948137791330112 ], [ 110.466743158299039, -6.950627311201004 ] ] ], [ [ [ 110.438434733942984, -6.944969962892969 ], [ 110.437536855395081, -6.944969962892969 ], [ 110.437536855395081, -6.944072084345009 ], [ 110.438012757330569, -6.941990645314604 ], [ 110.438434733942984, -6.944969962892969 ] ] ], [ [ [ 110.425317015520022, -6.944619509946222 ], [ 110.426583671486242, -6.945430405482341 ], [ 110.427998211074282, -6.950463911718145 ], [ 110.426762312819108, -6.951255112729029 ], [ 110.425497711933758, -6.948928204559934 ], [ 110.424068677175114, -6.946765719988946 ], [ 110.424068677175114, -6.944969962892969 ], [ 110.423170798627098, -6.944969962892969 ], [ 110.423170798627098, -6.941378448700959 ], [ 110.424616095926012, -6.941728901647707 ], [ 110.425317015520022, -6.944619509946222 ] ] ], [ [ [ 110.462677454739094, -6.943174205796936 ], [ 110.461779576191077, -6.943174205796936 ], [ 110.461779576191077, -6.941378448700959 ], [ 110.462325761893396, -6.940206061864842 ], [ 110.462677454739094, -6.943174205796936 ] ] ], [ [ [ 110.312982063202867, -6.941198619702675 ], [ 110.310935980127113, -6.942276327248919 ], [ 110.310935980127113, -6.941378448700959 ], [ 110.311572068768783, -6.94017080181419 ], [ 110.312982063202867, -6.941198619702675 ] ] ], [ [ [ 110.460278435493649, -6.938081550907498 ], [ 110.459085940546913, -6.938684813057023 ], [ 110.458235657672788, -6.938075381383442 ], [ 110.459983819094987, -6.9356363270212 ], [ 110.460881697643003, -6.936889055960989 ], [ 110.460278435493649, -6.938081550907498 ] ] ] ] } },
{ "type": "Feature", "properties": { "Id": 1, "gridcode": 1, "Kelas": "Rendah" }, "geometry": { "type": "MultiPolygon", "coordinates": [ [ [ [ 110.397132320735011, -7.111975372821007 ], [ 110.396234442186994, -7.111975372821007 ], [ 110.396234442186994, -7.11107749427299 ], [ 110.397132320735011, -7.11107749427299 ], [ 110.397132320735011, -7.111975372821007 ] ] ], [ [ [ 110.401621713475038, -7.109281737176957 ], [ 110.401172774201029, -7.110431719349833 ], [ 110.400723834927021, -7.109281737176957 ], [ 110.401621713475038, -7.109281737176957 ] ] ], [ [ [ 110.451428722794958, -7.090709217507481 ], [ 110.448035400605534, -7.091475132460289 ], [ 110.449209276519127, -7.090426287669004 ], [ 110.45010715506703, -7.090426287669004 ], [ 110.45010715506703, -7.089528409120931 ], [ 110.451428722794958, -7.090709217507481 ] ] ], [ [ [ 110.450697662014363, -7.087535816375919 ], [ 110.451005033615047, -7.088630530572971 ], [ 110.449910319417882, -7.088323158972287 ], [ 110.450697662014363, -7.087535816375919 ] ] ], [ [ [ 110.451902912163121, -7.085039016380961 ], [ 110.452800790710967, -7.085039016380961 ], [ 110.452800790710967, -7.085936894928921 ], [ 110.451902912163121, -7.085936894928921 ], [ 110.451902912163121, -7.085039016380961 ] ] ], [ [ [ 110.451902912163121, -7.085039016380961 ], [ 110.446316489834828, -7.084090021120574 ], [ 110.447413519423037, -7.083243259284984 ], [ 110.451902912163121, -7.083243259284984 ], [ 110.451902912163121, -7.085039016380961 ] ] ], [ [ [ 110.306446587387086, -7.082345380737024 ], [ 110.307639082333594, -7.082948642886436 ], [ 110.308242344483006, -7.084141137832944 ], [ 110.306446587387086, -7.084141137832944 ], [ 110.306446587387086, -7.082345380737024 ] ] ], [ [ [ 110.306446587387086, -7.082345380737024 ], [ 110.305548708839012, -7.082345380737024 ], [ 110.305548708839012, -7.081447502189008 ], [ 110.306446587387086, -7.081447502189008 ], [ 110.306446587387086, -7.082345380737024 ] ] ], [ [ [ 110.332485065278945, -7.079651745092974 ], [ 110.332485065278945, -7.081447502189008 ], [ 110.331587186731099, -7.081447502189008 ], [ 110.331587186731099, -7.079651745092974 ], [ 110.332485065278945, -7.079651745092974 ] ] ], [ [ [ 110.332485065278945, -7.079651745092974 ], [ 110.332485065278945, -7.078753866545014 ], [ 110.333382943827019, -7.078753866545014 ], [ 110.333382943827019, -7.079651745092974 ], [ 110.332485065278945, -7.079651745092974 ] ] ], [ [ [ 110.460881697643003, -7.078753866545014 ], [ 110.460881697643003, -7.079651745092974 ], [ 110.459983819094987, -7.079651745092974 ], [ 110.459983819094987, -7.078753866545014 ], [ 110.460881697643003, -7.078753866545014 ] ] ], [ [ [ 110.46567272145785, -7.078279403166107 ], [ 110.465004998270558, -7.079464513521941 ], [ 110.463575333286997, -7.078753866545014 ], [ 110.463575333286997, -7.077855987996998 ], [ 110.46567272145785, -7.078279403166107 ] ] ], [ [ [ 110.460881697643003, -7.078753866545014 ], [ 110.461330636917069, -7.076666877083596 ], [ 110.461779576191077, -7.078753866545014 ], [ 110.460881697643003, -7.078753866545014 ] ] ], [ [ [ 110.343259607854975, -7.076958109448924 ], [ 110.342361729307129, -7.076958109448924 ], [ 110.342361729307129, -7.076060230900964 ], [ 110.343259607854975, -7.076060230900964 ], [ 110.343259607854975, -7.076958109448924 ] ] ], [ [ [ 110.460881697643003, -7.074264473804988 ], [ 110.460881697643003, -7.075162352353004 ], [ 110.459983819094987, -7.075162352353004 ], [ 110.459983819094987, -7.074264473804988 ], [ 110.460881697643003, -7.074264473804988 ] ] ], [ [ [ 110.47255411876705, -7.073366595257028 ], [ 110.472105179493042, -7.074516577429904 ], [ 110.471656240219033, -7.073366595257028 ], [ 110.47255411876705, -7.073366595257028 ] ] ], [ [ [ 110.489613811179026, -7.073366595257028 ], [ 110.491409568275117, -7.074264473804988 ], [ 110.491409568275117, -7.075162352353004 ], [ 110.4905116897271, -7.075162352353004 ], [ 110.4905116897271, -7.076060230900964 ], [ 110.489923580374239, -7.076370000096063 ], [ 110.48901856384515, -7.078088212139278 ], [ 110.487508284887952, -7.077169248461189 ], [ 110.489304041983871, -7.074852583157849 ], [ 110.489613811179026, -7.073366595257028 ] ] ], [ [ [ 110.460881697643003, -7.074264473804988 ], [ 110.46121019547553, -7.07263726074433 ], [ 110.462677454739094, -7.073366595257028 ], [ 110.462677454739094, -7.074264473804988 ], [ 110.460881697643003, -7.074264473804988 ] ] ], [ [ [ 110.469214708199956, -7.072019777434946 ], [ 110.468064726027023, -7.072468716708954 ], [ 110.468064726027023, -7.071570838160937 ], [ 110.469214708199956, -7.072019777434946 ] ] ], [ [ [ 110.489613811179026, -7.073366595257028 ], [ 110.48871593263101, -7.073366595257028 ], [ 110.48871593263101, -7.071570838160937 ], [ 110.489613811179026, -7.071570838160937 ], [ 110.489613811179026, -7.073366595257028 ] ] ], [ [ [ 110.48871593263101, -7.071570838160937 ], [ 110.487818054082936, -7.071570838160937 ], [ 110.487818054082936, -7.070672959612978 ], [ 110.48871593263101, -7.070672959612978 ], [ 110.48871593263101, -7.071570838160937 ] ] ], [ [ [ 110.468064726027023, -7.069775081065018 ], [ 110.467166847479007, -7.071570838160937 ], [ 110.465058361871343, -7.070271670814861 ], [ 110.467166847479007, -7.069775081065018 ], [ 110.468064726027023, -7.069775081065018 ] ] ], [ [ [ 110.487818054082936, -7.070672959612978 ], [ 110.48692017553509, -7.070672959612978 ], [ 110.48692017553509, -7.069775081065018 ], [ 110.487818054082936, -7.069775081065018 ], [ 110.487818054082936, -7.070672959612978 ] ] ], [ [ [ 110.461779576191077, -7.068877202517001 ], [ 110.461779576191077, -7.070672959612978 ], [ 110.460526853673514, -7.069775081065018 ], [ 110.461779576191077, -7.068877202517001 ] ] ], [ [ [ 110.468064726027023, -7.069775081065018 ], [ 110.468064726027023, -7.068877202517001 ], [ 110.468962604575097, -7.068877202517001 ], [ 110.468962604575097, -7.069775081065018 ], [ 110.468064726027023, -7.069775081065018 ] ] ], [ [ [ 110.477043511506963, -7.068877202517001 ], [ 110.477043511506963, -7.070672959612978 ], [ 110.47474045083942, -7.070107278043054 ], [ 110.47434987586297, -7.070672959612978 ], [ 110.473451997315124, -7.070672959612978 ], [ 110.473451997315124, -7.068877202517001 ], [ 110.477043511506963, -7.068877202517001 ] ] ], [ [ [ 110.501577478368915, -7.066632506146959 ], [ 110.499490475206983, -7.067081445420968 ], [ 110.499490475206983, -7.066183566873008 ], [ 110.501577478368915, -7.066632506146959 ] ] ], [ [ [ 110.464473211835013, -7.059898417036948 ], [ 110.468513555696802, -7.060403213409927 ], [ 110.471008122503804, -7.060092923594425 ], [ 110.471378379580187, -7.063069530178439 ], [ 110.466668243749837, -7.063889206047804 ], [ 110.464473211835013, -7.065285688324991 ], [ 110.463922792665926, -7.063044745902744 ], [ 110.464124916723335, -7.062143113406989 ], [ 110.463918024878183, -7.061220245075219 ], [ 110.464473211835013, -7.059898417036948 ] ] ], [ [ [ 110.29356891782686, -7.055212188647886 ], [ 110.293876287714966, -7.056306902844938 ], [ 110.292781573517971, -7.055999531244254 ], [ 110.29356891782686, -7.055212188647886 ] ] ], [ [ [ 110.47794139005498, -7.053613267201001 ], [ 110.477043511506963, -7.054865989718621 ], [ 110.47614563295906, -7.053613267201001 ], [ 110.47794139005498, -7.053613267201001 ] ] ], [ [ [ 110.465371090383087, -7.053613267201001 ], [ 110.464473211835013, -7.053613267201001 ], [ 110.464473211835013, -7.052715388652985 ], [ 110.465371090383087, -7.052715388652985 ], [ 110.465371090383087, -7.053613267201001 ] ] ], [ [ [ 110.465371090383087, -7.051817510105025 ], [ 110.464473211835013, -7.051817510105025 ], [ 110.464473211835013, -7.050919631556951 ], [ 110.465371090383087, -7.050919631556951 ], [ 110.465371090383087, -7.051817510105025 ] ] ], [ [ [ 110.373787478487088, -7.049123874460975 ], [ 110.372889599939015, -7.050376596978595 ], [ 110.371991721390998, -7.049123874460975 ], [ 110.373787478487088, -7.049123874460975 ] ] ], [ [ [ 110.478839268603053, -7.050021753008991 ], [ 110.47794139005498, -7.050021753008991 ], [ 110.47794139005498, -7.044634481721005 ], [ 110.47973714715107, -7.044634481721005 ], [ 110.480630299012887, -7.046431293758474 ], [ 110.478839268603053, -7.050021753008991 ] ] ], [ [ [ 110.377378992679098, -7.044634481721005 ], [ 110.376481114131025, -7.044634481721005 ], [ 110.376481114131025, -7.043736603172931 ], [ 110.377378992679098, -7.043736603172931 ], [ 110.377378992679098, -7.044634481721005 ] ] ], [ [ [ 110.477043511506963, -7.039247210433018 ], [ 110.476736139906222, -7.04034192463007 ], [ 110.475948797309968, -7.039554582033702 ], [ 110.477043511506963, -7.039247210433018 ] ] ], [ [ [ 110.474651506937789, -7.035354065166302 ], [ 110.477043511506963, -7.036553574789025 ], [ 110.477043511506963, -7.037451453336985 ], [ 110.47614563295906, -7.037451453336985 ], [ 110.473915459160708, -7.037958037630347 ], [ 110.473003058041115, -7.03784454921248 ], [ 110.472105179493042, -7.03795623600945 ], [ 110.465476310525332, -7.037131703298996 ], [ 110.463575333286997, -7.034757817692935 ], [ 110.471645868910798, -7.036034262694557 ], [ 110.473451997315124, -7.033859939144975 ], [ 110.474048244788378, -7.03416157021968 ], [ 110.474651506937789, -7.035354065166302 ] ] ], [ [ [ 110.402519592023111, -7.032962060597015 ], [ 110.402519592023111, -7.033859939144975 ], [ 110.401369609850178, -7.033410999870966 ], [ 110.402519592023111, -7.032962060597015 ] ] ], [ [ [ 110.46472531545993, -7.033410999870966 ], [ 110.463575333286997, -7.033859939144975 ], [ 110.463575333286997, -7.032962060597015 ], [ 110.46472531545993, -7.033410999870966 ] ] ], [ [ [ 110.403589494543269, -7.031522935391024 ], [ 110.402519592023111, -7.032064182048998 ], [ 110.401449689502726, -7.029911793062922 ], [ 110.402519592023111, -7.029370546404948 ], [ 110.403589494543269, -7.031522935391024 ] ] ], [ [ [ 110.458188061999067, -7.027574789309028 ], [ 110.459387571621733, -7.028171036782282 ], [ 110.462508910703832, -7.028801165689401 ], [ 110.461779576191077, -7.030268424952965 ], [ 110.45875707280004, -7.029792070899703 ], [ 110.458188061999067, -7.027574789309028 ] ] ], [ [ [ 110.274375062855881, -7.02712585003502 ], [ 110.273225081110979, -7.027574789309028 ], [ 110.273225081110979, -7.026676910761012 ], [ 110.274375062855881, -7.02712585003502 ] ] ], [ [ [ 110.400920122554567, -7.026967197789077 ], [ 110.399210884364663, -7.028617640114305 ], [ 110.398928077831101, -7.026676910761012 ], [ 110.400920122554567, -7.026967197789077 ] ] ], [ [ [ 110.458188061999067, -7.027574789309028 ], [ 110.457038079826134, -7.02712585003502 ], [ 110.458188061999067, -7.026676910761012 ], [ 110.458188061999067, -7.027574789309028 ] ] ], [ [ [ 110.378276871227115, -7.026676910761012 ], [ 110.379476380849781, -7.026080663287644 ], [ 110.380970506871108, -7.025779032212938 ], [ 110.379541478962665, -7.027941518496505 ], [ 110.379174749775018, -7.029370546404948 ], [ 110.378276871227115, -7.029370546404948 ], [ 110.378276871227115, -7.026676910761012 ] ] ], [ [ [ 110.458188061999067, -7.026676910761012 ], [ 110.458188061999067, -7.025779032212938 ], [ 110.459983819094987, -7.025779032212938 ], [ 110.459983819094987, -7.026676910761012 ], [ 110.458188061999067, -7.026676910761012 ] ] ], [ [ [ 110.468064726027023, -7.025779032212938 ], [ 110.468064726027023, -7.026676910761012 ], [ 110.467166847479007, -7.026676910761012 ], [ 110.467166847479007, -7.025779032212938 ], [ 110.468064726027023, -7.025779032212938 ] ] ], [ [ [ 110.459983819094987, -7.025779032212938 ], [ 110.459983819094987, -7.024881153664978 ], [ 110.461779576191077, -7.024881153664978 ], [ 110.461779576191077, -7.025779032212938 ], [ 110.459983819094987, -7.025779032212938 ] ] ], [ [ [ 110.49589896101503, -7.027574789309028 ], [ 110.49589896101503, -7.028472667856988 ], [ 110.494699451392364, -7.029068915330242 ], [ 110.489613811179026, -7.029370546404948 ], [ 110.488890477502537, -7.029004625549305 ], [ 110.489915442253846, -7.026978541835661 ], [ 110.4905116897271, -7.026676910761012 ], [ 110.491206307072957, -7.027895190122649 ], [ 110.49442924935488, -7.025207199100862 ], [ 110.49769471811112, -7.024881153664978 ], [ 110.49769471811112, -7.025779032212938 ], [ 110.49769471811112, -7.026676910761012 ], [ 110.49769471811112, -7.027574789309028 ], [ 110.49589896101503, -7.027574789309028 ] ] ], [ [ [ 110.468064726027023, -7.025779032212938 ], [ 110.468064726027023, -7.023085396569002 ], [ 110.468962604575097, -7.023085396569002 ], [ 110.468962604575097, -7.025779032212938 ], [ 110.468064726027023, -7.025779032212938 ] ] ], [ [ [ 110.462677454739094, -7.023983275117018 ], [ 110.461779576191077, -7.023983275117018 ], [ 110.462228515465085, -7.022833292944085 ], [ 110.462677454739094, -7.023983275117018 ] ] ], [ [ [ 110.378276871227115, -7.026676910761012 ], [ 110.377378992679098, -7.026676910761012 ], [ 110.377012263491451, -7.026145761400471 ], [ 110.374327581149942, -7.024292153777026 ], [ 110.373787478487088, -7.022187518020928 ], [ 110.377378992679098, -7.023085396569002 ], [ 110.377975240152352, -7.024284906191724 ], [ 110.378276871227115, -7.026676910761012 ] ] ], [ [ [ 110.394438685091075, -7.022187518020928 ], [ 110.395336563639091, -7.022187518020928 ], [ 110.395336563639091, -7.023085396569002 ], [ 110.394438685091075, -7.023085396569002 ], [ 110.394438685091075, -7.022187518020928 ] ] ], [ [ [ 110.468962604575097, -7.023085396569002 ], [ 110.468962604575097, -7.022187518020928 ], [ 110.469860483123114, -7.022187518020928 ], [ 110.469860483123114, -7.023085396569002 ], [ 110.468962604575097, -7.023085396569002 ] ] ], [ [ [ 110.367502328650971, -7.021289639472968 ], [ 110.368400207198988, -7.021289639472968 ], [ 110.36795126792498, -7.022439621645844 ], [ 110.367502328650971, -7.021289639472968 ] ] ], [ [ [ 110.394438685091075, -7.022187518020928 ], [ 110.392642927994984, -7.022187518020928 ], [ 110.393540806543001, -7.020934788653051 ], [ 110.394438685091075, -7.022187518020928 ] ] ], [ [ [ 110.367502328650971, -7.021289639472968 ], [ 110.365706571555052, -7.021289639472968 ], [ 110.365706571555052, -7.020391760925008 ], [ 110.367502328650971, -7.020391760925008 ], [ 110.367502328650971, -7.021289639472968 ] ] ], [ [ [ 110.469860483123114, -7.022187518020928 ], [ 110.469860483123114, -7.020391760925008 ], [ 110.471656240219033, -7.020391760925008 ], [ 110.471656240219033, -7.022187518020928 ], [ 110.469860483123114, -7.022187518020928 ] ] ], [ [ [ 110.47794139005498, -7.020391760925008 ], [ 110.478839268603053, -7.020391760925008 ], [ 110.478839268603053, -7.021289639472968 ], [ 110.47794139005498, -7.021289639472968 ], [ 110.47794139005498, -7.020391760925008 ] ] ], [ [ [ 110.47794139005498, -7.020391760925008 ], [ 110.477043511506963, -7.020391760925008 ], [ 110.477043511506963, -7.019493882376992 ], [ 110.47794139005498, -7.019493882376992 ], [ 110.47794139005498, -7.020391760925008 ] ] ], [ [ [ 110.466268968931104, -7.018596003828918 ], [ 110.465907576103632, -7.021461896354424 ], [ 110.464473211835013, -7.022187518020928 ], [ 110.462367685543938, -7.02107850046076 ], [ 110.46339245848759, -7.018969788794323 ], [ 110.466268968931104, -7.018596003828918 ] ] ], [ [ [ 110.385459899610964, -7.019493882376992 ], [ 110.384562021063118, -7.019493882376992 ], [ 110.385010960337127, -7.018343900204115 ], [ 110.385459899610964, -7.019493882376992 ] ] ], [ [ [ 110.397132320735011, -7.019493882376992 ], [ 110.396234442186994, -7.019493882376992 ], [ 110.396683381461003, -7.018343900204115 ], [ 110.397132320735011, -7.019493882376992 ] ] ], [ [ [ 110.371991721390998, -7.017698125280958 ], [ 110.371400645871461, -7.02079406356296 ], [ 110.369764143844918, -7.019027824279078 ], [ 110.369298085747062, -7.018596003828918 ], [ 110.369298085747062, -7.017698125280958 ], [ 110.371991721390998, -7.017698125280958 ] ] ], [ [ [ 110.466268968931104, -7.018596003828918 ], [ 110.466268968931104, -7.017698125280958 ], [ 110.468064726027023, -7.017698125280958 ], [ 110.468064726027023, -7.018596003828918 ], [ 110.466268968931104, -7.018596003828918 ] ] ], [ [ [ 110.491409568275117, -7.017698125280958 ], [ 110.491785237064562, -7.019162007361615 ], [ 110.492760140044766, -7.018943463207904 ], [ 110.495001082467127, -7.019493882376992 ], [ 110.495604344616538, -7.0206863773235 ], [ 110.497393087036301, -7.021591270547674 ], [ 110.49769471811112, -7.023085396569002 ], [ 110.49769471811112, -7.023983275117018 ], [ 110.494450992110956, -7.021839729829082 ], [ 110.49230744682302, -7.021289639472968 ], [ 110.491918680317951, -7.020726567855718 ], [ 110.48862222094175, -7.021465561248704 ], [ 110.490802661782084, -7.018117156277526 ], [ 110.491409568275117, -7.017698125280958 ] ] ], [ [ [ 110.367502328650971, -7.017698125280958 ], [ 110.367053389377077, -7.018848107453834 ], [ 110.366604450103068, -7.017698125280958 ], [ 110.367053389377077, -7.016548143108025 ], [ 110.367502328650971, -7.017698125280958 ] ] ], [ [ [ 110.491409568275117, -7.017698125280958 ], [ 110.492314461499291, -7.015909382861082 ], [ 110.49410320391911, -7.015004489637022 ], [ 110.49589896101503, -7.017698125280958 ], [ 110.495001082467127, -7.017698125280958 ], [ 110.495001082467127, -7.018596003828918 ], [ 110.494469926256215, -7.018229274641499 ], [ 110.493712628942831, -7.017132443711034 ], [ 110.491409568275117, -7.017698125280958 ] ] ], [ [ [ 110.466268968931104, -7.014106611088948 ], [ 110.468064726027023, -7.014106611088948 ], [ 110.468064726027023, -7.015004489637022 ], [ 110.466268968931104, -7.015004489637022 ], [ 110.466268968931104, -7.014106611088948 ] ] ], [ [ [ 110.499490475206983, -7.017698125280958 ], [ 110.499490475206983, -7.018596003828918 ], [ 110.49769471811112, -7.017698125280958 ], [ 110.497996349185712, -7.015306120711728 ], [ 110.498592596659137, -7.014106611088948 ], [ 110.499490475206983, -7.014106611088948 ], [ 110.499490475206983, -7.017698125280958 ] ] ], [ [ [ 110.466268968931104, -7.014106611088948 ], [ 110.465371090383087, -7.014106611088948 ], [ 110.465371090383087, -7.013208732540932 ], [ 110.466268968931104, -7.013208732540932 ], [ 110.466268968931104, -7.014106611088948 ] ] ], [ [ [ 110.49410320391911, -7.015004489637022 ], [ 110.49410320391911, -7.013208732540932 ], [ 110.495302713541719, -7.013804980014299 ], [ 110.496796839563046, -7.014106611088948 ], [ 110.496420362441768, -7.015573630593167 ], [ 110.49410320391911, -7.015004489637022 ] ] ], [ [ [ 110.391242828775489, -7.016722509872579 ], [ 110.389949292350991, -7.018596003828918 ], [ 110.388744055902748, -7.017908812175392 ], [ 110.390008012862836, -7.014555550363013 ], [ 110.389111696176201, -7.012177636798469 ], [ 110.391296110173073, -7.011354248083023 ], [ 110.392071094882908, -7.013780565653065 ], [ 110.39378659421925, -7.014758695110402 ], [ 110.394438685091075, -7.015902368184982 ], [ 110.391242828775489, -7.016722509872579 ] ] ], [ [ [ 110.459085940546913, -7.011412975445012 ], [ 110.459085940546913, -7.012310853992972 ], [ 110.456844998124893, -7.011760434823884 ], [ 110.455870095144519, -7.011978978977595 ], [ 110.455494426355131, -7.010515096896995 ], [ 110.457886430924304, -7.010816727971644 ], [ 110.459085940546913, -7.011412975445012 ] ] ], [ [ [ 110.438434733942984, -7.009617218348922 ], [ 110.440230491039074, -7.009617218348922 ], [ 110.440230491039074, -7.010515096896995 ], [ 110.438434733942984, -7.010515096896995 ], [ 110.438434733942984, -7.009617218348922 ] ] ], [ [ [ 110.452099747812213, -7.009924589949719 ], [ 110.451312405215788, -7.010711932546087 ], [ 110.451005033615047, -7.009617218348922 ], [ 110.452099747812213, -7.009924589949719 ] ] ], [ [ [ 110.491409568275117, -7.009617218348922 ], [ 110.492609077897782, -7.012030349149995 ], [ 110.490210058652281, -7.013431517011611 ], [ 110.490813320801692, -7.009918849423684 ], [ 110.491409568275117, -7.009617218348922 ] ] ], [ [ [ 110.397132320735011, -7.012310853992972 ], [ 110.396234442186994, -7.012310853992972 ], [ 110.396234442186994, -7.008719339800962 ], [ 110.397132320735011, -7.008719339800962 ], [ 110.397132320735011, -7.012310853992972 ] ] ], [ [ [ 110.465371090383087, -7.013208732540932 ], [ 110.464221108210097, -7.01365767181494 ], [ 110.465371090383087, -7.014106611088948 ], [ 110.464861978340082, -7.014843987818324 ], [ 110.463126394012932, -7.01445490620074 ], [ 110.461524102233511, -7.014814106941969 ], [ 110.460881697643003, -7.012310853992972 ], [ 110.461593317358336, -7.011950858620537 ], [ 110.460892164855181, -7.01051514484891 ], [ 110.459085940546913, -7.011412975445012 ], [ 110.459085940546913, -7.009617218348922 ], [ 110.458188061999067, -7.009617218348922 ], [ 110.458188061999067, -7.008719339800962 ], [ 110.459682188020395, -7.009020970875667 ], [ 110.462227213913877, -7.010286044429563 ], [ 110.463237313579839, -7.009792742809054 ], [ 110.463876964361759, -7.012009222918266 ], [ 110.465069459308268, -7.012612485067677 ], [ 110.465371090383087, -7.013208732540932 ] ] ], [ [ [ 110.438434733942984, -7.009617218348922 ], [ 110.434509762323444, -7.008950461049892 ], [ 110.433945341203071, -7.006923582704985 ], [ 110.437141197518656, -7.007743724392583 ], [ 110.438434733942984, -7.009617218348922 ] ] ], [ [ [ 110.491409568275117, -7.009617218348922 ], [ 110.491409568275117, -7.006923582704985 ], [ 110.49230744682302, -7.006923582704985 ], [ 110.492876594629422, -7.0092407412277 ], [ 110.491409568275117, -7.009617218348922 ] ] ], [ [ [ 110.49589896101503, -7.007821461253002 ], [ 110.49410320391911, -7.007821461253002 ], [ 110.49410320391911, -7.006923582704985 ], [ 110.49589896101503, -7.006923582704985 ], [ 110.49589896101503, -7.007821461253002 ] ] ], [ [ [ 110.49230744682302, -7.006923582704985 ], [ 110.491409568275117, -7.005127825608952 ], [ 110.493619506376604, -7.005793185453058 ], [ 110.49230744682302, -7.006923582704985 ] ] ], [ [ [ 110.462677454739094, -7.006025704157025 ], [ 110.461779576191077, -7.006025704157025 ], [ 110.462228515465085, -7.004875721984035 ], [ 110.462677454739094, -7.006025704157025 ] ] ], [ [ [ 110.4539507728839, -7.004678886334943 ], [ 110.452800790710967, -7.005127825608952 ], [ 110.452800790710967, -7.004229947060992 ], [ 110.4539507728839, -7.004678886334943 ] ] ], [ [ [ 110.47434987586297, -7.004229947060992 ], [ 110.47434987586297, -7.006025704157025 ], [ 110.472722662802312, -7.005697206324612 ], [ 110.473451997315124, -7.004229947060992 ], [ 110.47434987586297, -7.004229947060992 ] ] ], [ [ [ 110.491409568275117, -7.005127825608952 ], [ 110.490314854077951, -7.004820454008268 ], [ 110.491102196674262, -7.0040331114119 ], [ 110.491409568275117, -7.005127825608952 ] ] ], [ [ [ 110.458188061999067, -7.002434189965015 ], [ 110.459338044172, -7.002883129239024 ], [ 110.458188061999067, -7.003332068512975 ], [ 110.458188061999067, -7.002434189965015 ] ] ], [ [ [ 110.391745049447081, -7.004229947060992 ], [ 110.390847170899065, -7.004229947060992 ], [ 110.38971221821788, -7.001946697373228 ], [ 110.391745049447081, -7.001536311416942 ], [ 110.391745049447081, -7.004229947060992 ] ] ], [ [ [ 110.433945341203071, -7.001536311416942 ], [ 110.433945341203071, -7.002434189965015 ], [ 110.432795359030138, -7.001985250691007 ], [ 110.433945341203071, -7.001536311416942 ] ] ], [ [ [ 110.451902912163121, -7.004229947060992 ], [ 110.449209276519127, -7.004229947060992 ], [ 110.449209276519127, -7.001536311416942 ], [ 110.451005033615047, -7.001536311416942 ], [ 110.451306664689639, -7.003030437438269 ], [ 110.451902912163121, -7.004229947060992 ] ] ], [ [ [ 110.432401687731897, -7.001087372142933 ], [ 110.431251705559134, -7.001536311416942 ], [ 110.431251705559134, -7.000638432868925 ], [ 110.432401687731897, -7.001087372142933 ] ] ], [ [ [ 110.42855806991497, -7.000638432868925 ], [ 110.427660191367124, -7.000638432868925 ], [ 110.428109130641133, -6.999488450696049 ], [ 110.42855806991497, -7.000638432868925 ] ] ], [ [ [ 110.424966555723017, -6.998842675773005 ], [ 110.424068677175114, -6.998842675773005 ], [ 110.424068677175114, -6.997944797224989 ], [ 110.424966555723017, -6.997944797224989 ], [ 110.424966555723017, -6.998842675773005 ] ] ], [ [ [ 110.430353827011061, -6.999740554320965 ], [ 110.429455948463044, -6.999740554320965 ], [ 110.429455948463044, -6.997944797224989 ], [ 110.430353827011061, -6.997944797224989 ], [ 110.430353827011061, -6.999740554320965 ] ] ], [ [ [ 110.395336563639091, -6.997046918677029 ], [ 110.395336563639091, -6.997944797224989 ], [ 110.393249574177673, -6.997495857950923 ], [ 110.395336563639091, -6.997046918677029 ] ] ], [ [ [ 110.343259607854975, -6.997944797224989 ], [ 110.342361729307129, -6.997944797224989 ], [ 110.342361729307129, -6.996149040128955 ], [ 110.343259607854975, -6.996149040128955 ], [ 110.343259607854975, -6.997944797224989 ] ] ], [ [ [ 110.398030199283085, -6.996149040128955 ], [ 110.397581260009019, -6.997299022301831 ], [ 110.397132320735011, -6.996149040128955 ], [ 110.398030199283085, -6.996149040128955 ] ] ], [ [ [ 110.426382999685984, -6.995105353590702 ], [ 110.426762312819108, -6.997046918677029 ], [ 110.423775184220744, -6.996681648596848 ], [ 110.424531495095493, -6.994059790078666 ], [ 110.426382999685984, -6.995105353590702 ] ] ], [ [ [ 110.398030199283085, -6.996149040128955 ], [ 110.398030199283085, -6.993455404485019 ], [ 110.398928077831101, -6.993455404485019 ], [ 110.399817571648896, -6.995244845632271 ], [ 110.398030199283085, -6.996149040128955 ] ] ], [ [ [ 110.491409568275117, -6.993455404485019 ], [ 110.492731396313275, -6.994010591441793 ], [ 110.4940221926297, -6.993721222349791 ], [ 110.493205325371036, -6.997046918677029 ], [ 110.491409568275117, -6.997046918677029 ], [ 110.491409568275117, -6.993455404485019 ] ] ], [ [ [ 110.458188061999067, -7.002434189965015 ], [ 110.456653409782177, -7.002785081328966 ], [ 110.457224927782079, -7.004449347498394 ], [ 110.453364485702821, -7.0029188602457 ], [ 110.454610111341026, -6.999291615047014 ], [ 110.453458361798482, -6.995937716159517 ], [ 110.452466607154747, -6.997610620519026 ], [ 110.451005033615047, -6.997944797224989 ], [ 110.451481771283397, -6.994919868838508 ], [ 110.453751553341021, -6.993441820400221 ], [ 110.455239555221112, -6.997418552657564 ], [ 110.45996396701338, -6.998630961338108 ], [ 110.458188061999067, -7.002434189965015 ] ] ], [ [ [ 110.408070776563932, -6.99309466928338 ], [ 110.404804581679286, -6.995940661775478 ], [ 110.403417470570957, -6.995251161580995 ], [ 110.402163213593042, -6.992130904841645 ], [ 110.406111106215121, -6.991659647388985 ], [ 110.406412737289713, -6.99225589486224 ], [ 110.408070776563932, -6.99309466928338 ] ] ], [ [ [ 110.398928077831101, -6.993455404485019 ], [ 110.399304938567525, -6.991391041464396 ], [ 110.399825956378947, -6.992557525936945 ], [ 110.399825956378947, -6.993455404485019 ], [ 110.398928077831101, -6.993455404485019 ] ] ], [ [ [ 110.420477162983104, -6.989863890293009 ], [ 110.420477162983104, -6.991659647388985 ], [ 110.419284668036426, -6.991056385239517 ], [ 110.418681405887014, -6.989863890293009 ], [ 110.420477162983104, -6.989863890293009 ] ] ], [ [ [ 110.472952338644234, -6.998250956327922 ], [ 110.473451997315124, -7.003332068512975 ], [ 110.470369170449317, -7.001294853111176 ], [ 110.468558918182509, -7.003916752731072 ], [ 110.467166847479007, -7.003332068512975 ], [ 110.467582398538525, -7.0010539839285 ], [ 110.469875348208291, -6.999078489456622 ], [ 110.471651020313629, -6.995895922664204 ], [ 110.469115187481918, -6.993711173004158 ], [ 110.47255411876705, -6.989719596212296 ], [ 110.473867548374642, -6.991244096329467 ], [ 110.476888900920187, -6.993136517580922 ], [ 110.475639973452076, -6.99593544186996 ], [ 110.472952338644234, -6.998250956327922 ] ] ], [ [ [ 110.498592596659137, -6.988966011744935 ], [ 110.499365074170271, -6.990690430132531 ], [ 110.496005578612426, -6.991736829377544 ], [ 110.497167398051317, -6.988327573460765 ], [ 110.498592596659137, -6.988966011744935 ] ] ], [ [ [ 110.431251705559134, -6.986272376100999 ], [ 110.430944333958223, -6.987367090298051 ], [ 110.430156991361969, -6.986579747701683 ], [ 110.431251705559134, -6.986272376100999 ] ] ], [ [ [ 110.471225248651592, -6.986064593720869 ], [ 110.471656240219033, -6.988068133196919 ], [ 110.469542575807509, -6.986909557360775 ], [ 110.471225248651592, -6.986064593720869 ] ] ], [ [ [ 110.446033313386636, -6.99034621778145 ], [ 110.448826510850211, -6.992095735557086 ], [ 110.446931191934539, -6.994768834092554 ], [ 110.445617762326947, -7.000638432868925 ], [ 110.444719883779101, -7.000638432868925 ], [ 110.444719883779101, -7.001536311416942 ], [ 110.444213141929367, -7.001927448115396 ], [ 110.442757939140506, -7.003812745086464 ], [ 110.444885221888171, -7.007339380374219 ], [ 110.448311397971111, -7.008719339800962 ], [ 110.447995737544034, -7.009343317165929 ], [ 110.446066701601012, -7.010285407354502 ], [ 110.44516752150173, -7.009846270816411 ], [ 110.443822005231027, -7.010515096896995 ], [ 110.443218743081673, -7.00932260195043 ], [ 110.442026248134937, -7.008719339800962 ], [ 110.440229162086609, -7.004934319190966 ], [ 110.441466389294419, -7.000531753619214 ], [ 110.439636147940746, -6.999360069791919 ], [ 110.440033874598612, -6.997944797224989 ], [ 110.439500320793343, -6.996046197030239 ], [ 110.437087916121072, -6.996724140819765 ], [ 110.436148867452175, -6.996460247880691 ], [ 110.43446037187897, -6.99761653230172 ], [ 110.433945341203071, -6.999740554320965 ], [ 110.43341418499233, -6.999373825133489 ], [ 110.431762639773694, -6.996480346571957 ], [ 110.429455948463044, -6.997046918677029 ], [ 110.429871499522562, -6.995666712640514 ], [ 110.430836154499445, -6.99483561052142 ], [ 110.43412864071928, -6.991014016321571 ], [ 110.438312415527662, -6.988679738974838 ], [ 110.440464194839535, -6.991177319900544 ], [ 110.441610697075419, -6.99034621778145 ], [ 110.442630606327612, -6.985856825041367 ], [ 110.445042188967705, -6.987054313834562 ], [ 110.446033313386636, -6.99034621778145 ] ] ], [ [ [ 110.368400207198988, -6.985374497552925 ], [ 110.36795126792498, -6.986524479725915 ], [ 110.367502328650971, -6.985374497552925 ], [ 110.368400207198988, -6.985374497552925 ] ] ], [ [ [ 110.327097793991072, -6.985374497552925 ], [ 110.325302036894982, -6.985374497552925 ], [ 110.325302036894982, -6.984476619005022 ], [ 110.327097793991072, -6.984476619005022 ], [ 110.327097793991072, -6.985374497552925 ] ] ], [ [ [ 110.491409568275117, -6.985374497552925 ], [ 110.491716939875687, -6.984279783355873 ], [ 110.492504282472112, -6.985067125952241 ], [ 110.491409568275117, -6.985374497552925 ] ] ], [ [ [ 110.49589896101503, -6.983578740456949 ], [ 110.495535019887257, -6.985643579571331 ], [ 110.494758911733186, -6.98406660638841 ], [ 110.49589896101503, -6.983578740456949 ] ] ], [ [ [ 110.389949292350991, -6.984476619005022 ], [ 110.388153535255071, -6.984476619005022 ], [ 110.388153535255071, -6.983578740456949 ], [ 110.389620794518692, -6.982849402519093 ], [ 110.389949292350991, -6.984476619005022 ] ] ], [ [ [ 110.343259607854975, -6.982680861908989 ], [ 110.342810668581137, -6.984767854795393 ], [ 110.342361729307129, -6.982680861908989 ], [ 110.343259607854975, -6.982680861908989 ] ] ], [ [ [ 110.44651564087502, -6.982680861908989 ], [ 110.447715150497856, -6.985093992709949 ], [ 110.445919393401766, -6.985072866478276 ], [ 110.445617762326947, -6.982680861908989 ], [ 110.44651564087502, -6.982680861908989 ] ] ], [ [ [ 110.43974861566835, -6.982369054758692 ], [ 110.440230491039074, -6.984476619005022 ], [ 110.437202671838691, -6.984047778422223 ], [ 110.43974861566835, -6.982369054758692 ] ] ], [ [ [ 110.322608401250989, -6.983578740456949 ], [ 110.321710522703142, -6.983578740456949 ], [ 110.321710522703142, -6.981782983361029 ], [ 110.322903017649651, -6.98238624551044 ], [ 110.323506279799062, -6.983578740456949 ], [ 110.322608401250989, -6.983578740456949 ] ] ], [ [ [ 110.462589442474098, -6.981423436681212 ], [ 110.461779576191077, -6.983578740456949 ], [ 110.458678527607788, -6.981002812996906 ], [ 110.462589442474098, -6.981423436681212 ] ] ], [ [ [ 110.335178700923109, -6.982680861908989 ], [ 110.334702792137307, -6.984762302651859 ], [ 110.334280822375035, -6.981782983361029 ], [ 110.334280822375035, -6.980885104813012 ], [ 110.335178700923109, -6.980885104813012 ], [ 110.336076579471126, -6.980885104813012 ], [ 110.336076579471126, -6.981782983361029 ], [ 110.335178700923109, -6.981782983361029 ], [ 110.335178700923109, -6.982680861908989 ] ] ], [ [ [ 110.317221129963059, -6.981782983361029 ], [ 110.315425372866969, -6.981782983361029 ], [ 110.315425372866969, -6.980885104813012 ], [ 110.316892632130589, -6.9801557668751 ], [ 110.317221129963059, -6.981782983361029 ] ] ], [ [ [ 110.373787478487088, -6.981782983361029 ], [ 110.373380175152192, -6.984740642099155 ], [ 110.370936656554761, -6.985661691684356 ], [ 110.368400207198988, -6.984476619005022 ], [ 110.368400207198988, -6.982680861908989 ], [ 110.369298085747062, -6.980885104813012 ], [ 110.371093842842924, -6.979987226264939 ], [ 110.371093842842924, -6.980885104813012 ], [ 110.370292840808986, -6.98306631630868 ], [ 110.373787478487088, -6.981782983361029 ] ] ], [ [ [ 110.397025388025213, -6.982690664644849 ], [ 110.394438685091075, -6.984476619005022 ], [ 110.394438685091075, -6.983578740456949 ], [ 110.394438685091075, -6.981782983361029 ], [ 110.395210025457402, -6.98066581740494 ], [ 110.39839692162036, -6.979951385654033 ], [ 110.397025388025213, -6.982690664644849 ] ] ], [ [ [ 110.388436876109722, -6.978735726520483 ], [ 110.389051413803145, -6.980885104813012 ], [ 110.386856381888322, -6.980257510505623 ], [ 110.388436876109722, -6.978735726520483 ] ] ], [ [ [ 110.425864434271034, -6.987170254648959 ], [ 110.425429469547225, -6.989448517340406 ], [ 110.423636849874811, -6.988499953647079 ], [ 110.420908990283465, -6.987636312746929 ], [ 110.417580060628836, -6.985874810424434 ], [ 110.416885648790924, -6.988068133196919 ], [ 110.415987770243078, -6.988068133196919 ], [ 110.415089891695004, -6.988068133196919 ], [ 110.411001157528347, -6.987018856838745 ], [ 110.410600498954977, -6.984476619005022 ], [ 110.411498377503051, -6.984476619005022 ], [ 110.411986240009355, -6.985616664861652 ], [ 110.413563213192106, -6.984840556707638 ], [ 110.411498377503051, -6.984476619005022 ], [ 110.411049438228986, -6.983326636832032 ], [ 110.410600498954977, -6.984476619005022 ], [ 110.407906863311041, -6.984476619005022 ], [ 110.407507588492308, -6.983978015275738 ], [ 110.405711831396218, -6.982539996388311 ], [ 110.407984997487119, -6.978965738025693 ], [ 110.413417247645782, -6.978290047974838 ], [ 110.416394018636424, -6.983190953540486 ], [ 110.417334588064989, -6.983073961209641 ], [ 110.418257840012018, -6.98318879913063 ], [ 110.422293594193036, -6.981637528159638 ], [ 110.423698598205704, -6.984027679730957 ], [ 110.422223735142722, -6.986536683481347 ], [ 110.425864434271034, -6.987170254648959 ] ] ], [ [ [ 110.344157486402992, -6.979987226264939 ], [ 110.342361729307129, -6.979987226264939 ], [ 110.342361729307129, -6.979089347716979 ], [ 110.343259607854975, -6.979089347716979 ], [ 110.343259607854975, -6.978191469169019 ], [ 110.344157486402992, -6.978191469169019 ], [ 110.344157486402992, -6.979089347716979 ], [ 110.344157486402992, -6.979987226264939 ] ] ], [ [ [ 110.329791429635009, -6.976395712072929 ], [ 110.328893551086935, -6.97764844144092 ], [ 110.327995672539089, -6.976395712072929 ], [ 110.329791429635009, -6.976395712072929 ] ] ], [ [ [ 110.353772641385831, -6.977909090777246 ], [ 110.353136271883102, -6.981782983361029 ], [ 110.352450518786156, -6.981570857909958 ], [ 110.351904696147869, -6.979806317492887 ], [ 110.350776333426211, -6.981066013585064 ], [ 110.350442636238995, -6.979987226264939 ], [ 110.352672262015801, -6.976004575374532 ], [ 110.353772641385831, -6.977909090777246 ] ] ], [ [ [ 110.300413541175828, -6.975048894250961 ], [ 110.299263559003066, -6.975497833524969 ], [ 110.299263559003066, -6.974599954976952 ], [ 110.300413541175828, -6.975048894250961 ] ] ], [ [ [ 110.317413619116053, -6.973205582582864 ], [ 110.318119008510962, -6.974599954976952 ], [ 110.316130762262048, -6.974198570275121 ], [ 110.315425372866969, -6.972804197880919 ], [ 110.317413619116053, -6.973205582582864 ] ] ], [ [ [ 110.322608401250989, -6.972804197880919 ], [ 110.324404158347079, -6.972804197880919 ], [ 110.323506279799062, -6.97405692724891 ], [ 110.322608401250989, -6.972804197880919 ] ] ], [ [ [ 110.373787478487088, -6.981782983361029 ], [ 110.374685357034934, -6.979987226264939 ], [ 110.375583235583008, -6.979987226264939 ], [ 110.375583235583008, -6.977293590621002 ], [ 110.374685357034934, -6.977293590621002 ], [ 110.374685357034934, -6.976395712072929 ], [ 110.373787478487088, -6.976395712072929 ], [ 110.37418585592053, -6.974050614725343 ], [ 110.37770468875118, -6.975433944484791 ], [ 110.37789427681497, -6.974151015703001 ], [ 110.377644974950329, -6.97246400321302 ], [ 110.380970506871108, -6.974599954976952 ], [ 110.379681491624524, -6.977800332470622 ], [ 110.376872250829535, -6.982174120059426 ], [ 110.376481114131025, -6.984476619005022 ], [ 110.376481114131025, -6.986272376100999 ], [ 110.375583235583008, -6.986272376100999 ], [ 110.37492757572079, -6.983602983561354 ], [ 110.375251360567688, -6.982158655575518 ], [ 110.373787478487088, -6.981782983361029 ] ] ], [ [ [ 110.491409568275117, -6.972804197880919 ], [ 110.491409568275117, -6.974599954976952 ], [ 110.490259586102184, -6.975048894250961 ], [ 110.491409568275117, -6.975497833524969 ], [ 110.490563011947529, -6.977513381523806 ], [ 110.494634360129851, -6.978558194931395 ], [ 110.495367804804232, -6.979620500502563 ], [ 110.496796839563046, -6.979987226264939 ], [ 110.496796839563046, -6.982680861908989 ], [ 110.49769471811112, -6.982680861908989 ], [ 110.49769471811112, -6.983578740456949 ], [ 110.49589896101503, -6.983578740456949 ], [ 110.495055391405117, -6.980549379946069 ], [ 110.49304035717654, -6.98315995949531 ], [ 110.489613811179026, -6.983578740456949 ], [ 110.487019189333125, -6.978135800452378 ], [ 110.488241113038271, -6.972040755875526 ], [ 110.491409568275117, -6.972804197880919 ] ] ], [ [ [ 110.370195964295078, -6.971906319332959 ], [ 110.370195964295078, -6.972804197880919 ], [ 110.36719429257414, -6.972355258607024 ], [ 110.370195964295078, -6.971906319332959 ] ] ], [ [ [ 110.338885820266171, -6.974484353250887 ], [ 110.339668093663136, -6.975497833524969 ], [ 110.336531814142973, -6.97499223909557 ], [ 110.332485065278945, -6.975497833524969 ], [ 110.335364994006966, -6.971766731387675 ], [ 110.338885820266171, -6.974484353250887 ] ] ], [ [ [ 110.286693259330946, -6.970110562236982 ], [ 110.28868150558003, -6.970511946938814 ], [ 110.289386894975109, -6.971906319332959 ], [ 110.289386894975109, -6.972804197880919 ], [ 110.287243349687174, -6.972254107524805 ], [ 110.286693259330946, -6.970110562236982 ] ] ], [ [ [ 110.365706571555052, -6.971008440784942 ], [ 110.366375397635579, -6.972353957055702 ], [ 110.365717025066488, -6.973702052453064 ], [ 110.369298085747062, -6.975497833524969 ], [ 110.369298085747062, -6.976395712072929 ], [ 110.367189606989768, -6.977694875993905 ], [ 110.369298085747062, -6.978191469169019 ], [ 110.369298085747062, -6.980885104813012 ], [ 110.365706571555052, -6.981782983361029 ], [ 110.364808693006978, -6.980530253993038 ], [ 110.363910814459132, -6.981782983361029 ], [ 110.362741439172737, -6.980975603725824 ], [ 110.364495498677115, -6.976799401890617 ], [ 110.363347742841881, -6.976006945567917 ], [ 110.363562519347283, -6.975048894250961 ], [ 110.363352243468967, -6.974110910799084 ], [ 110.36447128982411, -6.972392438445695 ], [ 110.363910814459132, -6.970110562236982 ], [ 110.365706571555052, -6.971008440784942 ] ] ], [ [ [ 110.365706571555052, -6.971008440784942 ], [ 110.365706571555052, -6.970110562236982 ], [ 110.366604450103068, -6.970110562236982 ], [ 110.366604450103068, -6.971008440784942 ], [ 110.365706571555052, -6.971008440784942 ] ] ], [ [ [ 110.343259607854975, -6.975497833524969 ], [ 110.342361729307129, -6.975497833524969 ], [ 110.34292220467205, -6.973215957316313 ], [ 110.341788594643617, -6.971475122257402 ], [ 110.342361729307129, -6.970110562236982 ], [ 110.343259607854975, -6.970110562236982 ], [ 110.343259607854975, -6.969212683689022 ], [ 110.344776901488444, -6.969518990072743 ], [ 110.346176233477763, -6.972384290049945 ], [ 110.344753733876303, -6.975196202450206 ], [ 110.343259607854975, -6.975497833524969 ] ] ], [ [ [ 110.363910814459132, -6.970110562236982 ], [ 110.363012935911058, -6.970110562236982 ], [ 110.363012935911058, -6.969212683689022 ], [ 110.363910814459132, -6.969212683689022 ], [ 110.363910814459132, -6.970110562236982 ] ] ], [ [ [ 110.286693259330946, -6.970110562236982 ], [ 110.285598545134008, -6.969803190636298 ], [ 110.28638588944284, -6.96901584803993 ], [ 110.286693259330946, -6.970110562236982 ] ] ], [ [ [ 110.366604450103068, -6.970110562236982 ], [ 110.366604450103068, -6.968314805141006 ], [ 110.368747995390834, -6.968864895497177 ], [ 110.369298085747062, -6.971008440784942 ], [ 110.367803959725734, -6.970706809710236 ], [ 110.366604450103068, -6.970110562236982 ] ] ], [ [ [ 110.4075994917103, -6.968117969491857 ], [ 110.407906863311041, -6.969212683689022 ], [ 110.406812149113875, -6.968905312088225 ], [ 110.4075994917103, -6.968117969491857 ] ] ], [ [ [ 110.322608401250989, -6.972804197880919 ], [ 110.318715255984387, -6.972447257728845 ], [ 110.319379023140812, -6.967244292946702 ], [ 110.320812644155069, -6.966519048044972 ], [ 110.323788415006334, -6.967369865240244 ], [ 110.322098518552821, -6.968723115465536 ], [ 110.322608401250989, -6.972804197880919 ] ] ], [ [ [ 110.366604450103068, -6.968314805141006 ], [ 110.363910814459132, -6.968314805141006 ], [ 110.363910814459132, -6.966519048044972 ], [ 110.366302819028306, -6.967718557667638 ], [ 110.366604450103068, -6.968314805141006 ] ] ], [ [ [ 110.374685357034934, -6.966519048044972 ], [ 110.374354489009363, -6.968157988767416 ], [ 110.371827171062989, -6.966879464708938 ], [ 110.374685357034934, -6.966519048044972 ] ] ], [ [ [ 110.305622917810467, -6.970642276744684 ], [ 110.304650830290996, -6.974599954976952 ], [ 110.302568392833848, -6.974193114035302 ], [ 110.304011361041148, -6.971468659028005 ], [ 110.301516366092415, -6.970714947830629 ], [ 110.300765823144786, -6.973408583474679 ], [ 110.299263559003066, -6.973702076428992 ], [ 110.297998952980151, -6.972828944480227 ], [ 110.298732406217482, -6.966885773807348 ], [ 110.29979471178865, -6.966152322282596 ], [ 110.301034569499734, -6.96435656518662 ], [ 110.301774251344909, -6.965332505982758 ], [ 110.300973889810905, -6.968902719261223 ], [ 110.305622917810467, -6.970642276744684 ] ] ], [ [ [ 110.308242344483006, -6.969212683689022 ], [ 110.309337058680171, -6.968905312088225 ], [ 110.308549716083689, -6.968117969491857 ], [ 110.308242344483006, -6.969212683689022 ], [ 110.307344465935103, -6.969212683689022 ], [ 110.307344465935103, -6.966519048044972 ], [ 110.308242344483006, -6.966519048044972 ], [ 110.308242344483006, -6.965621169497012 ], [ 110.309140223031022, -6.965621169497012 ], [ 110.309140223031022, -6.964723290948996 ], [ 110.310935980127113, -6.963825412400922 ], [ 110.310038101579096, -6.971008440784942 ], [ 110.30884560663236, -6.970405178635531 ], [ 110.308242344483006, -6.969212683689022 ] ] ], [ [ [ 110.324404158347079, -6.972804197880919 ], [ 110.324954580941153, -6.970563255458728 ], [ 110.324742294508837, -6.969616301578696 ], [ 110.326731068228582, -6.967050200830556 ], [ 110.327097793991072, -6.964723290948996 ], [ 110.327097793991072, -6.963825412400922 ], [ 110.329791429635009, -6.963825412400922 ], [ 110.329791429635009, -6.965621169497012 ], [ 110.331587186731099, -6.965621169497012 ], [ 110.332485065278945, -6.965621169497012 ], [ 110.332485065278945, -6.966519048044972 ], [ 110.335178700923109, -6.966519048044972 ], [ 110.33474571592717, -6.969493164556013 ], [ 110.33192950155734, -6.970452877063337 ], [ 110.331587186731099, -6.971008440784942 ], [ 110.329791429635009, -6.971008440784942 ], [ 110.329791429635009, -6.971906319332959 ], [ 110.327097793991072, -6.971906319332959 ], [ 110.327097793991072, -6.976395712072929 ], [ 110.324856851568825, -6.97694613466723 ], [ 110.323379734767173, -6.976614999481001 ], [ 110.322608401250989, -6.975497833524969 ], [ 110.324528483891413, -6.97513507406876 ], [ 110.325587395154116, -6.973355435657254 ], [ 110.324404158347079, -6.972804197880919 ] ] ], [ [ [ 110.394707763684266, -6.963426915087837 ], [ 110.39390044570149, -6.96496799285751 ], [ 110.393540806543001, -6.962927533852962 ], [ 110.394707763684266, -6.963426915087837 ] ] ], [ [ [ 110.417476155738257, -6.96273069820387 ], [ 110.417783527338997, -6.963825412400922 ], [ 110.416688813142002, -6.963518040800238 ], [ 110.417476155738257, -6.96273069820387 ] ] ], [ [ [ 110.388153535255071, -6.962029655305003 ], [ 110.387088907442319, -6.964737779269399 ], [ 110.392642927994984, -6.963825412400922 ], [ 110.391727992275605, -6.969610197988459 ], [ 110.395486379037038, -6.967457627470253 ], [ 110.397539733674307, -6.971042777761738 ], [ 110.396211274574966, -6.974714179798809 ], [ 110.392152462386207, -6.975905246464094 ], [ 110.390368652160646, -6.97692690253507 ], [ 110.389325643798998, -6.973372609283444 ], [ 110.387665480941166, -6.973203390496508 ], [ 110.387255656707055, -6.974599954976952 ], [ 110.384279015871527, -6.973814646910739 ], [ 110.385277093314301, -6.968763744415014 ], [ 110.384505540589487, -6.964859214 ], [ 110.386357778158981, -6.962029655305003 ], [ 110.388153535255071, -6.962029655305003 ] ] ], [ [ [ 110.389051413803145, -6.962029655305003 ], [ 110.39014612800014, -6.962337026905743 ], [ 110.389358785403829, -6.963124369502111 ], [ 110.389051413803145, -6.962029655305003 ] ] ], [ [ [ 110.366789852652062, -6.962417024355091 ], [ 110.367502328650971, -6.963825412400922 ], [ 110.363731529200834, -6.963479689565418 ], [ 110.362876067522791, -6.96172802423024 ], [ 110.366789852652062, -6.962417024355091 ] ] ], [ [ [ 110.392642927994984, -6.960233898209026 ], [ 110.393540806543001, -6.962029655305003 ], [ 110.391330868441514, -6.961364295460896 ], [ 110.392642927994984, -6.960233898209026 ] ] ], [ [ [ 110.42376130557443, -6.960037062559934 ], [ 110.424068677175114, -6.961131776756986 ], [ 110.422973962977949, -6.960824405156245 ], [ 110.42376130557443, -6.960037062559934 ] ] ], [ [ [ 110.310935980127113, -6.963825412400922 ], [ 110.310281745120847, -6.959842761510515 ], [ 110.313122873921543, -6.960922268109016 ], [ 110.311442721976675, -6.963434275702525 ], [ 110.310935980127113, -6.963825412400922 ] ] ], [ [ [ 110.416393813128252, -6.962885034779902 ], [ 110.415089891695004, -6.966519048044972 ], [ 110.410176809775066, -6.96446939255344 ], [ 110.411922066682962, -6.962453341059756 ], [ 110.412870445419003, -6.961605969550192 ], [ 110.414474942985464, -6.959810212454158 ], [ 110.416393813128252, -6.962885034779902 ] ] ], [ [ [ 110.304474226913385, -6.959680738931979 ], [ 110.303752951742922, -6.961131776756986 ], [ 110.30165556357241, -6.96070836158782 ], [ 110.302598718977777, -6.959034388586304 ], [ 110.304474226913385, -6.959680738931979 ] ] ], [ [ [ 110.396617440765056, -6.963310535856181 ], [ 110.396234442186994, -6.964723290948996 ], [ 110.394995173599114, -6.963801436457118 ], [ 110.396921839348749, -6.958953017657791 ], [ 110.398368657407502, -6.960480908658383 ], [ 110.396617440765056, -6.963310535856181 ] ] ], [ [ [ 110.389051413803145, -6.962029655305003 ], [ 110.388153535255071, -6.962029655305003 ], [ 110.388153535255071, -6.961131776756986 ], [ 110.385459899610964, -6.961131776756986 ], [ 110.385459899610964, -6.960233898209026 ], [ 110.386357778158981, -6.960233898209026 ], [ 110.386357778158981, -6.959336019660952 ], [ 110.388592199124389, -6.957859454306003 ], [ 110.392276205657652, -6.958804866875312 ], [ 110.392642927994984, -6.959336019660952 ], [ 110.390847170899065, -6.959336019660952 ], [ 110.390847170899065, -6.961131776756986 ], [ 110.389051413803145, -6.961131776756986 ], [ 110.389051413803145, -6.962029655305003 ] ] ], [ [ [ 110.398030199283085, -6.957540262564976 ], [ 110.397530814623053, -6.958707223131285 ], [ 110.395989736853437, -6.957899901723408 ], [ 110.398030199283085, -6.957540262564976 ] ] ], [ [ [ 110.439499978279969, -6.961130670438365 ], [ 110.437704330788279, -6.964159592532042 ], [ 110.435448783591085, -6.963234196450799 ], [ 110.437202671838691, -6.960797596625866 ], [ 110.437536855395081, -6.957540262564976 ], [ 110.438453640687385, -6.958083759536578 ], [ 110.439499978279969, -6.961130670438365 ] ] ], [ [ [ 110.385459899610964, -6.957540262564976 ], [ 110.384562021063118, -6.957540262564976 ], [ 110.384562021063118, -6.956642384017016 ], [ 110.385459899610964, -6.956642384017016 ], [ 110.385459899610964, -6.957540262564976 ] ] ], [ [ [ 110.419149334108511, -6.961475817851351 ], [ 110.417157357887788, -6.961922373231403 ], [ 110.417517476565024, -6.960315940463886 ], [ 110.415089891695004, -6.956642384017016 ], [ 110.415987770243078, -6.956642384017016 ], [ 110.415987770243078, -6.955744505468999 ], [ 110.418379774812252, -6.956046136543648 ], [ 110.419579284435088, -6.956642384017016 ], [ 110.419149334108511, -6.961475817851351 ] ] ], [ [ [ 110.317221129963059, -6.955744505468999 ], [ 110.316323251415042, -6.955744505468999 ], [ 110.316774218368948, -6.954593817718262 ], [ 110.318325016671338, -6.955311881824798 ], [ 110.317221129963059, -6.955744505468999 ] ] ], [ [ [ 110.451902912163121, -6.953050869825006 ], [ 110.45369866925904, -6.953050869825006 ], [ 110.45369866925904, -6.954846626920926 ], [ 110.451902912163121, -6.954846626920926 ], [ 110.451902912163121, -6.953050869825006 ] ] ], [ [ [ 110.507571382139076, -6.957540262564976 ], [ 110.505775625042986, -6.957540262564976 ], [ 110.504780965884891, -6.953490648575837 ], [ 110.507571382139076, -6.953050869825006 ], [ 110.507571382139076, -6.953948748372966 ], [ 110.506678764598121, -6.955744505468999 ], [ 110.507571382139076, -6.957540262564976 ] ] ], [ [ [ 110.451902912163121, -6.953050869825006 ], [ 110.451005033615047, -6.953050869825006 ], [ 110.449209276519127, -6.953050869825006 ], [ 110.449209276519127, -6.951255112729029 ], [ 110.451224817667537, -6.950408556401499 ], [ 110.451902912163121, -6.953050869825006 ] ] ], [ [ [ 110.306144956312266, -6.95364711729826 ], [ 110.305548708839012, -6.953948748372966 ], [ 110.305548708839012, -6.951255112729029 ], [ 110.307344465935103, -6.950357234180956 ], [ 110.308057733140231, -6.951792161884214 ], [ 110.306748218461848, -6.952454622351638 ], [ 110.306144956312266, -6.95364711729826 ] ] ], [ [ [ 110.424966555723017, -6.953050869825006 ], [ 110.423170798627098, -6.953050869825006 ], [ 110.423170798627098, -6.952152991276989 ], [ 110.423170798627098, -6.950357234180956 ], [ 110.425562803196271, -6.951556743803735 ], [ 110.425864434271034, -6.952152991276989 ], [ 110.425864434271034, -6.953050869825006 ], [ 110.424966555723017, -6.953050869825006 ] ] ], [ [ [ 110.491409568275117, -6.985374497552925 ], [ 110.491776290612279, -6.985905650338623 ], [ 110.493886954605728, -6.986695407655077 ], [ 110.492762839051125, -6.989699627676259 ], [ 110.491042845937841, -6.992190796749412 ], [ 110.4905116897271, -6.992557525936945 ], [ 110.48708632197588, -6.992985962353771 ], [ 110.487818054082936, -6.998842675773005 ], [ 110.486022296987016, -6.998842675773005 ], [ 110.485515555137511, -6.998451539074608 ], [ 110.482952924050949, -6.995131514770662 ], [ 110.486104102907632, -6.992699216915128 ], [ 110.482430782795063, -6.989863890293009 ], [ 110.481913614835037, -6.987631976526245 ], [ 110.482125932093538, -6.98619519753754 ], [ 110.478994893029608, -6.981972067929917 ], [ 110.479507608314407, -6.97850251251424 ], [ 110.47794139005498, -6.977293590621002 ], [ 110.477533977115854, -6.975905246464094 ], [ 110.474978347004935, -6.972354227641404 ], [ 110.469494404711099, -6.970744955436999 ], [ 110.474543861799987, -6.969263183877047 ], [ 110.475661647705408, -6.970608833728079 ], [ 110.477741608790041, -6.970396824731665 ], [ 110.479520897837688, -6.966294191367695 ], [ 110.476634687412172, -6.962283851687289 ], [ 110.475247754411043, -6.961131776756986 ], [ 110.473750148452837, -6.958145309209669 ], [ 110.47255411876705, -6.957540262564976 ], [ 110.471950856617696, -6.956347767618468 ], [ 110.47075836167096, -6.955744505468999 ], [ 110.471165774610256, -6.954356161312205 ], [ 110.474731888002225, -6.952809565650227 ], [ 110.474844574938629, -6.951704052002924 ], [ 110.474667563969945, -6.949967433285167 ], [ 110.476535440705163, -6.949777043739857 ], [ 110.476640332034549, -6.950806173454964 ], [ 110.476278487089246, -6.954356161312205 ], [ 110.477863872403304, -6.95332723368 ], [ 110.479891141213557, -6.950886689812307 ], [ 110.481042438638269, -6.95354133543384 ], [ 110.48153290424699, -6.953948748372966 ], [ 110.48153290424699, -6.954846626920926 ], [ 110.482430782795063, -6.954846626920926 ], [ 110.482430782795063, -6.955744505468999 ], [ 110.484226539890926, -6.955744505468999 ], [ 110.484226539890926, -6.957540262564976 ], [ 110.48332866134308, -6.957540262564976 ], [ 110.48332866134308, -6.958438141112936 ], [ 110.482430782795063, -6.958438141112936 ], [ 110.482430782795063, -6.959336019660952 ], [ 110.48153290424699, -6.959336019660952 ], [ 110.48153290424699, -6.962029655305003 ], [ 110.482430782795063, -6.962029655305003 ], [ 110.482430782795063, -6.962927533852962 ], [ 110.48332866134308, -6.962927533852962 ], [ 110.48377365486175, -6.96640530959229 ], [ 110.486403062377121, -6.970996243879767 ], [ 110.483728264974673, -6.973218094600441 ], [ 110.484052159426028, -6.976395712072929 ], [ 110.483441457883714, -6.982387242224604 ], [ 110.484226539890926, -6.984476619005022 ], [ 110.483076557718164, -6.984925558278917 ], [ 110.484226539890926, -6.985374497552925 ], [ 110.484226539890926, -6.986272376100999 ], [ 110.485124418439, -6.986272376100999 ], [ 110.48581161009264, -6.987477619399385 ], [ 110.489127277624959, -6.986227821946954 ], [ 110.489613811179026, -6.985374497552925 ], [ 110.491409568275117, -6.985374497552925 ] ] ], [ [ [ 110.390847170899065, -6.951255112729029 ], [ 110.38993163235574, -6.953064899177264 ], [ 110.386806717433046, -6.954618218378869 ], [ 110.385459899610964, -6.953948748372966 ], [ 110.383297413327568, -6.953417597299961 ], [ 110.380970506871108, -6.953050869825006 ], [ 110.380970506871108, -6.949459355632996 ], [ 110.381868385419125, -6.949459355632996 ], [ 110.385459899610964, -6.949459355632996 ], [ 110.386763601835696, -6.951765307114499 ], [ 110.390847170899065, -6.951255112729029 ] ] ], [ [ [ 110.403417470570957, -6.949459355632996 ], [ 110.403417470570957, -6.948561477084979 ], [ 110.404315349119031, -6.948561477084979 ], [ 110.404315349119031, -6.949459355632996 ], [ 110.403417470570957, -6.949459355632996 ] ] ], [ [ [ 110.460881697643003, -6.952152991276989 ], [ 110.458578636975346, -6.952718672846913 ], [ 110.458188061999067, -6.952152991276989 ], [ 110.458188061999067, -6.949459355632996 ], [ 110.459085940546913, -6.949459355632996 ], [ 110.459085940546913, -6.947663598537019 ], [ 110.460278435493649, -6.948266860686374 ], [ 110.460881697643003, -6.949459355632996 ], [ 110.460881697643003, -6.952152991276989 ] ] ], [ [ [ 110.47434987586297, -6.949459355632996 ], [ 110.47255411876705, -6.949459355632996 ], [ 110.47255411876705, -6.947663598537019 ], [ 110.47434987586297, -6.947663598537019 ], [ 110.47434987586297, -6.949459355632996 ] ] ], [ [ [ 110.498592596659137, -6.988966011744935 ], [ 110.498242136861961, -6.987520707595706 ], [ 110.496464985098442, -6.986382994255791 ], [ 110.49769471811112, -6.983578740456949 ], [ 110.498844700283883, -6.983129801182997 ], [ 110.49769471811112, -6.982680861908989 ], [ 110.49769471811112, -6.979987226264939 ], [ 110.496796839563046, -6.979987226264939 ], [ 110.496796839563046, -6.979089347716979 ], [ 110.496796839563046, -6.978191469169019 ], [ 110.49589896101503, -6.978191469169019 ], [ 110.49589896101503, -6.976395712072929 ], [ 110.497811446706407, -6.975428221084485 ], [ 110.495530019190369, -6.972556317447356 ], [ 110.493200064363975, -6.973694208894187 ], [ 110.491409568275117, -6.972804197880919 ], [ 110.492822518600576, -6.970757748315577 ], [ 110.495532238677868, -6.969743836474606 ], [ 110.4968685344856, -6.967808405804817 ], [ 110.493137562503364, -6.965232402991887 ], [ 110.494443826728855, -6.959405505371478 ], [ 110.490503647510423, -6.9579311834799 ], [ 110.489247088841751, -6.956111232943954 ], [ 110.48871593263101, -6.955744505468999 ], [ 110.48871593263101, -6.954846626920926 ], [ 110.487818054082936, -6.954846626920926 ], [ 110.487818054082936, -6.953948748372966 ], [ 110.485124418439, -6.953948748372966 ], [ 110.485124418439, -6.953050869825006 ], [ 110.484226539890926, -6.953050869825006 ], [ 110.484226539890926, -6.952152991276989 ], [ 110.48332866134308, -6.952152991276989 ], [ 110.482797505132339, -6.949990506706001 ], [ 110.482430782795063, -6.947663598537019 ], [ 110.487035780686313, -6.948445875358914 ], [ 110.488226727471783, -6.952722716218602 ], [ 110.4905116897271, -6.951255112729029 ], [ 110.4905116897271, -6.952152991276989 ], [ 110.4905116897271, -6.954846626920926 ], [ 110.493205325371036, -6.954846626920926 ], [ 110.497638148584088, -6.955574814013517 ], [ 110.500891629368255, -6.9542957984483 ], [ 110.501286232302903, -6.959336019660952 ], [ 110.501286232302903, -6.960233898209026 ], [ 110.500779504153854, -6.960625034907423 ], [ 110.499483912648714, -6.968251673055534 ], [ 110.502557971169324, -6.96960382038742 ], [ 110.503081989398993, -6.966519048044972 ], [ 110.504658620068426, -6.966923655798666 ], [ 110.507323731189331, -6.968763744415014 ], [ 110.506673503591003, -6.969212683689022 ], [ 110.504363811862277, -6.968645371754803 ], [ 110.503613131909276, -6.970223071066243 ], [ 110.506673503591003, -6.971008440784942 ], [ 110.507386781071659, -6.971369271890296 ], [ 110.506077256117749, -6.974003707503698 ], [ 110.505775625042986, -6.977293590621002 ], [ 110.500074967617593, -6.977700099324579 ], [ 110.49913189099027, -6.98124836776401 ], [ 110.501286232302903, -6.982680861908989 ], [ 110.50029927284794, -6.98849076058508 ], [ 110.498592596659137, -6.988966011744935 ] ] ], [ [ [ 110.385459899610964, -6.948561477084979 ], [ 110.384562021063118, -6.948561477084979 ], [ 110.384562021063118, -6.946765719988946 ], [ 110.386189234123719, -6.947094219533938 ], [ 110.385459899610964, -6.948561477084979 ] ] ], [ [ [ 110.390847170899065, -6.951255112729029 ], [ 110.389051413803145, -6.948561477084979 ], [ 110.389949292350991, -6.948561477084979 ], [ 110.389949292350991, -6.947663598537019 ], [ 110.391745049447081, -6.946765719988946 ], [ 110.392111771784244, -6.948194749610025 ], [ 110.393540806543001, -6.950357234180956 ], [ 110.392636612046317, -6.952144599696567 ], [ 110.390847170899065, -6.951255112729029 ] ] ], [ [ [ 110.408804741859058, -6.958438141112936 ], [ 110.408497370258374, -6.957343426915884 ], [ 110.407710027661892, -6.95813077122483 ], [ 110.408804741859058, -6.958438141112936 ], [ 110.408417537215428, -6.95906656430293 ], [ 110.405010870700664, -6.960127657376461 ], [ 110.404484619282925, -6.958438141112936 ], [ 110.40532362661321, -6.955744505468999 ], [ 110.404594127694168, -6.953402435940518 ], [ 110.407008984763138, -6.953050869825006 ], [ 110.407906863311041, -6.953050869825006 ], [ 110.408384697022655, -6.953995438098559 ], [ 110.40910637293365, -6.951872486433956 ], [ 110.407906863311041, -6.949459355632996 ], [ 110.408511906530634, -6.94826333279758 ], [ 110.411498377503051, -6.946765719988946 ], [ 110.412302325153178, -6.948070497705942 ], [ 110.41633009191969, -6.949443084529889 ], [ 110.415645448566465, -6.951810674738056 ], [ 110.41453433482377, -6.952495307815923 ], [ 110.413720632389641, -6.954883056655206 ], [ 110.411947316777059, -6.955435399037412 ], [ 110.410428173570779, -6.954962225221891 ], [ 110.409360298730348, -6.958095824574002 ], [ 110.408804741859058, -6.958438141112936 ] ] ], [ [ [ 110.465918509134099, -6.947116172935694 ], [ 110.466619428728109, -6.954496173974178 ], [ 110.468389319205698, -6.957080722498688 ], [ 110.465721550180092, -6.958788594059683 ], [ 110.465371090383087, -6.961131776756986 ], [ 110.464473211835013, -6.961131776756986 ], [ 110.464473211835013, -6.962029655305003 ], [ 110.458054454338992, -6.962831606101474 ], [ 110.454892767168644, -6.955328432076328 ], [ 110.455494426355131, -6.954846626920926 ], [ 110.45685164288642, -6.954324939495507 ], [ 110.459875872545297, -6.956102666681659 ], [ 110.461289973716248, -6.954336788749515 ], [ 110.462274768485884, -6.95445928184688 ], [ 110.462677454739094, -6.953050869825006 ], [ 110.464783898966346, -6.95256924620179 ], [ 110.463594240031398, -6.949104974056581 ], [ 110.462677454739094, -6.948561477084979 ], [ 110.463280716888505, -6.947368982138357 ], [ 110.464473211835013, -6.946765719988946 ], [ 110.465918509134099, -6.947116172935694 ] ] ], [ [ [ 110.491409568275117, -6.947663598537019 ], [ 110.4905116897271, -6.947663598537019 ], [ 110.4905116897271, -6.946765719988946 ], [ 110.491409568275117, -6.946765719988946 ], [ 110.491409568275117, -6.947663598537019 ] ] ], [ [ [ 110.403417470570957, -6.949459355632996 ], [ 110.403417470570957, -6.950357234180956 ], [ 110.400723834927021, -6.950357234180956 ], [ 110.400723834927021, -6.944969962892969 ], [ 110.401320082400275, -6.945271593967732 ], [ 110.402023098176869, -6.948753966237916 ], [ 110.403417470570957, -6.949459355632996 ] ] ], [ [ [ 110.424068677175114, -6.946765719988946 ], [ 110.423170798627098, -6.946765719988946 ], [ 110.423170798627098, -6.944969962892969 ], [ 110.424068677175114, -6.944969962892969 ], [ 110.424068677175114, -6.946765719988946 ] ] ], [ [ [ 110.436638976847064, -6.951255112729029 ], [ 110.437404658890671, -6.949432115535615 ], [ 110.434843219750974, -6.947663598537019 ], [ 110.434843219750974, -6.946765719988946 ], [ 110.436148045419827, -6.943526111000949 ], [ 110.437536855395081, -6.944072084345009 ], [ 110.437536855395081, -6.944969962892969 ], [ 110.437536855395081, -6.946765719988946 ], [ 110.438434733942984, -6.946765719988946 ], [ 110.438434733942984, -6.947663598537019 ], [ 110.438434733942984, -6.949459355632996 ], [ 110.439332557688772, -6.951265576515937 ], [ 110.437984493117881, -6.951923937096979 ], [ 110.436638976847064, -6.951255112729029 ] ] ], [ [ [ 110.47075836167096, -6.944072084345009 ], [ 110.47075836167096, -6.945867841440929 ], [ 110.471656240219033, -6.945867841440929 ], [ 110.471325372193235, -6.947506782163373 ], [ 110.469264235649689, -6.946464088914297 ], [ 110.468962604575097, -6.945867841440929 ], [ 110.469952454843849, -6.945530145408895 ], [ 110.468955165182138, -6.94449732339848 ], [ 110.470420670776718, -6.943082230651044 ], [ 110.47075836167096, -6.944072084345009 ] ] ], [ [ [ 110.436638976847064, -6.951255112729029 ], [ 110.436259403403767, -6.952734205833451 ], [ 110.433578618865795, -6.954479899445971 ], [ 110.430880078428629, -6.955489630909995 ], [ 110.430353827011061, -6.957540262564976 ], [ 110.428718736140183, -6.958802342550996 ], [ 110.427835503468657, -6.964779185724467 ], [ 110.433178097297855, -6.963989678442886 ], [ 110.435257099344824, -6.965243753888728 ], [ 110.437916058923747, -6.964850822419692 ], [ 110.435798791270315, -6.96836085950406 ], [ 110.43626317105219, -6.971503345368546 ], [ 110.434452083052633, -6.972901276477842 ], [ 110.43546205941368, -6.974589398711373 ], [ 110.438681850571641, -6.977074666277247 ], [ 110.437030113545347, -6.981276241511409 ], [ 110.436151470554819, -6.985440023807598 ], [ 110.431251705559134, -6.986272376100999 ], [ 110.430710465751304, -6.985202473580728 ], [ 110.427358560292362, -6.986868623574253 ], [ 110.425864434271034, -6.987170254648959 ], [ 110.426330526620291, -6.985622193029371 ], [ 110.428950288956059, -6.983365142197954 ], [ 110.429871499522562, -6.981300655872587 ], [ 110.430836154499445, -6.97957167520542 ], [ 110.431667256618653, -6.975386355661328 ], [ 110.428973620974489, -6.974184403917434 ], [ 110.426639624488985, -6.970458035316369 ], [ 110.423653126115425, -6.971023367522662 ], [ 110.427244640307435, -6.974117627488511 ], [ 110.428973620974489, -6.976603768463804 ], [ 110.424484228234633, -6.978607020228537 ], [ 110.422755247567579, -6.97957167520542 ], [ 110.420354858268126, -6.980642776522927 ], [ 110.417229943345433, -6.980391683312803 ], [ 110.417514106232431, -6.976855255564487 ], [ 110.41377783214142, -6.975730352228823 ], [ 110.415719719190236, -6.97405733141477 ], [ 110.418219629207726, -6.974258201872715 ], [ 110.419994835494606, -6.971423991844574 ], [ 110.424551004663499, -6.967899254081374 ], [ 110.425382106782536, -6.965138842008571 ], [ 110.426486726469591, -6.964187154592139 ], [ 110.426277300024879, -6.961580716030994 ], [ 110.426421594105591, -6.959784958935018 ], [ 110.424484228234633, -6.958920468601377 ], [ 110.423653126115425, -6.95757848878236 ], [ 110.427244640307435, -6.955328956121946 ], [ 110.428075742426643, -6.953284571912945 ], [ 110.426762312819108, -6.952152991276989 ], [ 110.426762312819108, -6.951255112729029 ], [ 110.427998211074282, -6.950463911718145 ], [ 110.426583671486242, -6.945430405482341 ], [ 110.425317015520022, -6.944619509946222 ], [ 110.424616095926012, -6.941728901647707 ], [ 110.423170798627098, -6.941378448700959 ], [ 110.423868649300346, -6.939227912712909 ], [ 110.42810015678765, -6.943632124061935 ], [ 110.429455948463044, -6.944072084345009 ], [ 110.429455948463044, -6.944969962892969 ], [ 110.43214958410698, -6.944969962892969 ], [ 110.433047462655054, -6.944969962892969 ], [ 110.433047462655054, -6.946765719988946 ], [ 110.431897480482064, -6.947214659263011 ], [ 110.433047462655054, -6.947663598537019 ], [ 110.433375535770722, -6.949288694864379 ], [ 110.434483224378596, -6.948747730779928 ], [ 110.435446481900499, -6.950651850579561 ], [ 110.436638976847064, -6.951255112729029 ] ], [ [ 110.436442141197915, -6.977884097568221 ], [ 110.437536855395081, -6.978191469169019 ], [ 110.437229483794397, -6.977096754971853 ], [ 110.436442141197915, -6.977884097568221 ] ] ], [ [ [ 110.46387348442471, -6.939289859701717 ], [ 110.465371090383087, -6.942276327248919 ], [ 110.465371090383087, -6.943174205796936 ], [ 110.462677454739094, -6.943174205796936 ], [ 110.462325761893396, -6.940206061864842 ], [ 110.461779576191077, -6.941378448700959 ], [ 110.459990833771087, -6.940473555476785 ], [ 110.459085940546913, -6.938684813057023 ], [ 110.460278435493649, -6.938081550907498 ], [ 110.460881697643003, -6.936889055960989 ], [ 110.461477945116258, -6.937190687035695 ], [ 110.46208120726584, -6.938383181982203 ], [ 110.46387348442471, -6.939289859701717 ] ] ] ] } }
]
}
