{
"type": "FeatureCollection",
"name": "garpan24",
"crs": { "type": "name", "properties": { "name": "urn:ogc:def:crs:OGC:1.3:CRS84" } },
"features": [
{ "type": "Feature", "properties": { "OBJECTID": 1, "NAMOBJ": "Garis Pantai", "THNSBDATA": "2021", "SBDATA": 6, "SKL": 4, "THNPBL": "2024", "Panjang": 2.3164007247244882, "SHAPE_Length": 0.020954608915331165 }, "geometry": { "type": "MultiLineString", "coordinates": [ [ [ 110.381669474000034, -6.949077043999978 ], [ 110.381712507000088, -6.94887121599993 ], [ 110.381653752000034, -6.948748958999943 ], [ 110.381601324000087, -6.948561305999931 ], [ 110.381637348000083, -6.948568412999975 ], [ 110.381715614000086, -6.948789572999942 ], [ 110.381736853000064, -6.948754767999958 ], [ 110.381750078000039, -6.948691511999925 ], [ 110.381793741000081, -6.948473755999942 ], [ 110.381726322000077, -6.948496899999952 ], [ 110.381722753000076, -6.948421946999929 ], [ 110.381769152000061, -6.948368408999954 ], [ 110.381786998000052, -6.948304162999932 ], [ 110.381837404000066, -6.948256 ], [ 110.381925636000062, -6.948122883999929 ], [ 110.382006406000073, -6.948045710999963 ], [ 110.382072533000041, -6.948047181999925 ], [ 110.382274260000088, -6.947798632999934 ], [ 110.382585120000044, -6.947529343999975 ], [ 110.382764957000063, -6.947551063999981 ], [ 110.383093322000036, -6.947579616999974 ], [ 110.383225382000035, -6.947518940999942 ], [ 110.383396703000074, -6.94749752599995 ], [ 110.383500210000079, -6.947443987999975 ], [ 110.383635839000078, -6.947401157999934 ], [ 110.38381073000005, -6.947297650999928 ], [ 110.383928513000058, -6.947190575999969 ], [ 110.38414266500007, -6.947211990999961 ], [ 110.384338970000044, -6.947187005999979 ], [ 110.384453184000051, -6.947144175999938 ], [ 110.384542950000082, -6.947029354999927 ], [ 110.384581302000072, -6.947012696999934 ], [ 110.384718215000078, -6.946926927999925 ], [ 110.384824380000055, -6.946962146999965 ], [ 110.385020686000075, -6.946922885999925 ], [ 110.385236967000083, -6.946743431999948 ], [ 110.385251252000046, -6.946714916999952 ], [ 110.38540615800008, -6.946651627999927 ], [ 110.38555606400007, -6.946680180999977 ], [ 110.385648863000085, -6.946673042999976 ], [ 110.385788062000074, -6.946640919999936 ], [ 110.385877292000089, -6.946615935999944 ], [ 110.385928431000082, -6.946565233999934 ], [ 110.386029398000062, -6.946552364999945 ], [ 110.386263495000037, -6.946603265999954 ], [ 110.386312733000068, -6.946776548999935 ], [ 110.386266333000037, -6.946972854999956 ], [ 110.386345866000056, -6.947170638999978 ], [ 110.386406178000072, -6.947252783999943 ], [ 110.386535577000075, -6.947375916999931 ], [ 110.386581033000084, -6.947416454999939 ], [ 110.386655375000089, -6.947572478999973 ], [ 110.386638188000063, -6.947628250999969 ], [ 110.386607901000048, -6.947603165999965 ], [ 110.386412670000084, -6.94754392599998 ], [ 110.386362702000042, -6.947529648999932 ], [ 110.386294887000076, -6.947540355999934 ], [ 110.386259195000036, -6.947561771999972 ], [ 110.386152119000087, -6.947547494999981 ], [ 110.386050065000063, -6.947522188999926 ], [ 110.386030767000079, -6.947468972999957 ], [ 110.385959383000056, -6.947476110999958 ], [ 110.385834461000059, -6.947558201999925 ], [ 110.385752370000034, -6.947668846999932 ], [ 110.385663140000077, -6.947736661999954 ], [ 110.385495388000038, -6.947772353999937 ], [ 110.385432773000048, -6.947757572999933 ], [ 110.385367443000064, -6.947711841999933 ], [ 110.385337972000059, -6.947686727999951 ], [ 110.385303131000057, -6.947671604999925 ], [ 110.385249344000044, -6.947698808999974 ], [ 110.385120623000034, -6.947765214999947 ], [ 110.385131331000082, -6.947850875999961 ], [ 110.385213714000088, -6.948114919999966 ], [ 110.385227292000081, -6.948166888999936 ], [ 110.385271891000059, -6.948355692999939 ], [ 110.385461710000072, -6.949340967999944 ], [ 110.385490338000068, -6.949494082999934 ], [ 110.385582921000037, -6.949681514999952 ], [ 110.385659747000034, -6.949784664999981 ], [ 110.385662062000051, -6.94985096299996 ], [ 110.385714947000054, -6.949939749999942 ], [ 110.385754981000048, -6.949968283999965 ], [ 110.385775138000042, -6.949981865999973 ], [ 110.385903076000034, -6.949972496999976 ], [ 110.385944552000069, -6.949970448999977 ], [ 110.386010859000066, -6.949988557999973 ], [ 110.386120930000061, -6.949976308999965 ], [ 110.386218338000049, -6.949947349999945 ], [ 110.386307927000075, -6.949846588999947 ], [ 110.386360961000037, -6.949809798999979 ], [ 110.386430516000075, -6.949803223999936 ], [ 110.386456783000085, -6.949780206999947 ], [ 110.386612545000048, -6.949713993999978 ], [ 110.386913849000052, -6.949346030999948 ], [ 110.387005496000086, -6.949233034999963 ], [ 110.387146854000036, -6.94909329799998 ], [ 110.387194883000063, -6.949088352999979 ], [ 110.387208908000048, -6.949115639999945 ], [ 110.387215702000049, -6.949146447999965 ], [ 110.387137998000071, -6.949237394999955 ], [ 110.386805632000062, -6.949615822999931 ], [ 110.386678630000063, -6.949768946999939 ], [ 110.386606199000084, -6.949823762999927 ], [ 110.386546425000063, -6.949866698999926 ], [ 110.386515011000085, -6.949902925999936 ], [ 110.386308239000073, -6.949999644999934 ], [ 110.38622637900005, -6.950012107999953 ], [ 110.38588843000008, -6.95010474999998 ], [ 110.385833895000076, -6.950137370999926 ], [ 110.385839704000034, -6.950159213999939 ], [ 110.385887999000033, -6.950549184999943 ], [ 110.385929174000069, -6.950550512999939 ], [ 110.385962855000059, -6.950584773999935 ], [ 110.386027737000063, -6.950641330999929 ], [ 110.386074670000085, -6.950768773999926 ], [ 110.386098945000072, -6.950879034999957 ], [ 110.386105198000052, -6.950894338999944 ], [ 110.386151292000079, -6.950904166999976 ], [ 110.386164614000052, -6.950934746999962 ], [ 110.386155677000033, -6.950959567999973 ], [ 110.386125248000042, -6.95097981999993 ], [ 110.386106118000043, -6.95113122999993 ], [ 110.386105260000079, -6.951204797999935 ], [ 110.386102833000052, -6.95134130699995 ], [ 110.386118557000088, -6.951393860999929 ], [ 110.386169795000058, -6.951457429999948 ], [ 110.386322694000057, -6.951558616999932 ], [ 110.386379172000034, -6.95158521899998 ], [ 110.386467748000086, -6.951618240999949 ], [ 110.386570687000074, -6.951657264999938 ], [ 110.38659881500007, -6.951668669999947 ], [ 110.386627550000071, -6.951673493999976 ], [ 110.386703579000084, -6.951685557999951 ], [ 110.386734115000081, -6.95168941299994 ], [ 110.38714443300006, -6.951708636999967 ], [ 110.387287589000039, -6.951695659999928 ], [ 110.387381959000038, -6.95165646199996 ], [ 110.387507970000058, -6.951552332999938 ], [ 110.387634701000081, -6.951525966999952 ], [ 110.387746678000042, -6.951534023999955 ], [ 110.388037765000036, -6.951587685999925 ], [ 110.388298109000061, -6.951560642999937 ], [ 110.388342271000056, -6.951556384999947 ], [ 110.388457963000064, -6.95148325599996 ], [ 110.388518167000086, -6.951465197999937 ], [ 110.388757824000038, -6.951416936999976 ], [ 110.388964406000071, -6.951449614999945 ], [ 110.38902315200005, -6.951475486999925 ], [ 110.388989627000058, -6.951534281999955 ], [ 110.389007473000049, -6.951616372999979 ], [ 110.389057441000034, -6.951637787999971 ], [ 110.389118117000066, -6.951687756999945 ], [ 110.389128825000057, -6.951730586999929 ], [ 110.389175225000088, -6.951766278999969 ], [ 110.389225193000073, -6.951748432999977 ], [ 110.389235901000063, -6.951673479999954 ], [ 110.38919664000008, -6.95159138899993 ], [ 110.389239470000064, -6.951527142999964 ], [ 110.389228762000073, -6.951487881999981 ], [ 110.389192463000086, -6.951474529999928 ], [ 110.389192440000045, -6.951418331999946 ], [ 110.389343001000043, -6.951324697999951 ] ] ] } },
{ "type": "Feature", "properties": { "OBJECTID": 2, "NAMOBJ": "Garis Pantai", "THNSBDATA": "2021", "SBDATA": 6, "SKL": 4, "THNPBL": "2024", "Panjang": 5.0319633752037163, "SHAPE_Length": 0.045514403992326855 }, "geometry": { "type": "MultiLineString", "coordinates": [ [ [ 110.411295884000083, -6.946350030999952 ], [ 110.411431513000082, -6.946294708999972 ], [ 110.411631388000046, -6.946205478999957 ], [ 110.411752740000054, -6.946155509999926 ], [ 110.411938338000084, -6.946027018999928 ], [ 110.411999015000049, -6.94594492799996 ], [ 110.412016860000051, -6.945834282999954 ], [ 110.41199787100004, -6.945767707999948 ], [ 110.41200500900004, -6.945662416999937 ], [ 110.412031137000042, -6.945623700999931 ], [ 110.412023999000041, -6.945516624999925 ], [ 110.41200972200005, -6.945388133999927 ], [ 110.411995445000059, -6.945316749999961 ], [ 110.412002584000049, -6.945238227999937 ], [ 110.41200972200005, -6.94515970599997 ], [ 110.411995445000059, -6.945066906999955 ], [ 110.411995445000059, -6.94497767699994 ], [ 110.411981169000057, -6.944895584999927 ], [ 110.411933817000033, -6.944822157999965 ], [ 110.411995445000059, -6.944656449999968 ], [ 110.41200615300005, -6.944510112999978 ], [ 110.411988307000058, -6.944349498999941 ], [ 110.411981169000057, -6.944249561999925 ], [ 110.411959753000076, -6.944071101999953 ], [ 110.411945477000074, -6.943914057999962 ], [ 110.411945477000074, -6.943849811999939 ], [ 110.411952615000075, -6.94374987499998 ], [ 110.411977599000068, -6.943567845999951 ], [ 110.411991876000059, -6.943446493999943 ], [ 110.411970461000067, -6.943346555999938 ], [ 110.412027568000042, -6.943189511999947 ], [ 110.411991876000059, -6.943053882999948 ], [ 110.411977599000068, -6.942968221999934 ], [ 110.411995445000059, -6.942718378999928 ], [ 110.411990092000053, -6.942654132999962 ], [ 110.41200972200005, -6.942414996999958 ], [ 110.412056122000081, -6.942104477999976 ], [ 110.412027568000042, -6.941897464999954 ], [ 110.411995445000059, -6.94181537299994 ], [ 110.411949046000075, -6.941818941999941 ], [ 110.411899077000044, -6.941761834999966 ], [ 110.411885485000084, -6.941746700999943 ], [ 110.411859083000081, -6.941680413999961 ], [ 110.411872127000038, -6.941550339999935 ], [ 110.411934769000084, -6.941469161999976 ], [ 110.411922496000045, -6.941421614999967 ], [ 110.411955301000035, -6.94139311999993 ], [ 110.412023999000041, -6.94136565499997 ], [ 110.412138213000048, -6.941372792999971 ], [ 110.412248858000055, -6.941376362999961 ], [ 110.412391626000044, -6.941354946999979 ], [ 110.412458453000056, -6.941337887999964 ], [ 110.412472349000041, -6.941343012999937 ], [ 110.41247173000005, -6.94137091999994 ], [ 110.412416610000037, -6.941458453999928 ], [ 110.412355934000061, -6.941604790999975 ], [ 110.412330949000079, -6.941708296999934 ], [ 110.41233808800007, -6.941786819999948 ], [ 110.412316673000078, -6.94185106499998 ], [ 110.412316673000078, -6.94196170999993 ], [ 110.41234522600007, -6.942036662999953 ], [ 110.41234165700007, -6.942097338999929 ], [ 110.412327380000079, -6.942161584999951 ], [ 110.41234522600007, -6.942222260999927 ], [ 110.412388056000054, -6.942536349999955 ], [ 110.412420179000037, -6.942654132999962 ], [ 110.412466579000068, -6.942786192999961 ], [ 110.412470148000068, -6.942868284999975 ], [ 110.412477286000069, -6.942946806999942 ], [ 110.412484425000059, -6.943046743999957 ], [ 110.412562947000083, -6.943189511999947 ], [ 110.412712853000073, -6.943310863999955 ], [ 110.412902020000047, -6.943364401999929 ], [ 110.413137587000051, -6.943421508999961 ], [ 110.413287493000041, -6.943407232999959 ], [ 110.413730072000078, -6.943392955999968 ], [ 110.41397203300005, -6.943426257999931 ], [ 110.413982439000051, -6.943460056999925 ], [ 110.413977303000081, -6.943473199999971 ], [ 110.413924221000059, -6.943463144999953 ], [ 110.413876409000068, -6.943500031999974 ], [ 110.413844287000074, -6.943503600999975 ], [ 110.413801456000044, -6.94355356899996 ], [ 110.413772903000051, -6.943646367999975 ], [ 110.413722934000077, -6.943667783999956 ], [ 110.413633704000063, -6.943692767999949 ], [ 110.413604318000068, -6.943751590999966 ], [ 110.413507018000075, -6.943741719999935 ], [ 110.413476660000072, -6.94370704499994 ], [ 110.413437399000088, -6.943667783999956 ], [ 110.413476660000072, -6.943635660999973 ], [ 110.413498075000064, -6.943642798999974 ], [ 110.413498075000064, -6.943592830999933 ], [ 110.413551613000038, -6.94356070799995 ], [ 110.413630135000062, -6.943603537999934 ], [ 110.413630135000062, -6.943574984999941 ], [ 110.413626566000062, -6.943535722999968 ], [ 110.413615858000071, -6.943489323999927 ], [ 110.413551613000038, -6.943482185999926 ], [ 110.413526628000056, -6.943442924999943 ], [ 110.412570144000085, -6.943497500999968 ], [ 110.412388056000054, -6.943475046999936 ], [ 110.412380918000053, -6.943582122999942 ], [ 110.412384487000054, -6.943653506999965 ], [ 110.412373780000053, -6.943724890999931 ], [ 110.412384487000054, -6.943821258999947 ], [ 110.412388056000054, -6.94389621199997 ], [ 110.412388056000054, -6.943989010999928 ], [ 110.412395195000045, -6.944078240999943 ], [ 110.412398764000045, -6.944249561999925 ], [ 110.412388056000054, -6.944399467999972 ], [ 110.412380918000053, -6.94449583599993 ], [ 110.412388056000054, -6.944549373999962 ], [ 110.412384487000054, -6.944602911999937 ], [ 110.412377349000053, -6.944645741999977 ], [ 110.412391626000044, -6.944709986999953 ], [ 110.412405902000046, -6.944806355999958 ], [ 110.412430887000085, -6.944899154999973 ], [ 110.412459440000077, -6.94497410799994 ], [ 110.412438025000085, -6.945088321999947 ], [ 110.412434456000085, -6.94515613599998 ], [ 110.412445163000086, -6.945259642999929 ], [ 110.412441594000086, -6.945356010999944 ], [ 110.412448733000076, -6.94545594899995 ], [ 110.412463009000078, -6.945577300999958 ], [ 110.412484425000059, -6.94575576099993 ], [ 110.412484425000059, -6.945834282999954 ], [ 110.412523686000043, -6.945980619999943 ], [ 110.412548670000035, -6.946069848999969 ], [ 110.412545101000035, -6.946137663999934 ], [ 110.412555808000036, -6.946205478999957 ], [ 110.412516849000042, -6.946252165999965 ], [ 110.412352760000033, -6.946265011999969 ], [ 110.412309534000087, -6.946262585999932 ], [ 110.412313103000088, -6.946366091999948 ], [ 110.412670023000089, -6.946337538999956 ], [ 110.412848482000072, -6.946308984999973 ], [ 110.413251801000058, -6.946305415999973 ], [ 110.413437399000088, -6.946312553999974 ], [ 110.413505213000064, -6.946337538999956 ], [ 110.413580166000088, -6.946333969999955 ], [ 110.413830010000083, -6.946301846999972 ], [ 110.414236751000033, -6.946215493999944 ], [ 110.414815107000038, -6.946187632999965 ], [ 110.415107780000085, -6.946180493999975 ], [ 110.415193368000075, -6.946170767999945 ], [ 110.415846603000034, -6.946112679999942 ], [ 110.416042908000065, -6.946066279999968 ], [ 110.41627847500007, -6.946027018999928 ], [ 110.416396258000077, -6.945973480999953 ], [ 110.416449796000052, -6.945912804999978 ], [ 110.416459995000082, -6.945692153999971 ], [ 110.416462526000089, -6.94563312899993 ], [ 110.416544619000035, -6.945649754999977 ], [ 110.416518769000049, -6.946058194999978 ], [ 110.416440683000076, -6.946120124999936 ], [ 110.416230858000063, -6.946149266999953 ], [ 110.416088090000073, -6.946155215999966 ], [ 110.416218960000037, -6.94789579199994 ], [ 110.416266550000046, -6.947976693999976 ], [ 110.416376005000075, -6.94801952399996 ], [ 110.416480701000069, -6.948076630999935 ], [ 110.416499737000038, -6.948152773999936 ], [ 110.416490219000082, -6.948343130999945 ], [ 110.41655684400007, -6.948419272999956 ], [ 110.416951834000088, -6.94846210399993 ], [ 110.417199298000071, -6.948395478999942 ], [ 110.417337307000082, -6.948314576999962 ], [ 110.417418209000061, -6.94822415799996 ], [ 110.417518146000077, -6.94814325599998 ], [ 110.417351584000073, -6.947015390999979 ], [ 110.416690094000046, -6.946972560999939 ], [ 110.416747201000078, -6.94557343799994 ], [ 110.416775754000071, -6.944259975999955 ], [ 110.416799549000075, -6.944236180999951 ], [ 110.416913763000082, -6.944236180999951 ], [ 110.416951834000088, -6.944207626999969 ], [ 110.416930419000039, -6.94415289899996 ], [ 110.416909102000034, -6.944071306999945 ], [ 110.416938560000062, -6.944006499999944 ], [ 110.416959698000085, -6.94398920499998 ], [ 110.417152990000034, -6.943970932999946 ], [ 110.417202896000049, -6.943953318999945 ], [ 110.417274280000072, -6.943853381999929 ], [ 110.417306402000065, -6.943778428999963 ], [ 110.417306402000065, -6.94370704499994 ], [ 110.417306402000065, -6.943614245999981 ], [ 110.417320679000056, -6.943453631999944 ], [ 110.417367079000087, -6.943385816999978 ], [ 110.417388494000079, -6.943310863999955 ], [ 110.417413478000071, -6.943235910999931 ], [ 110.417434893000063, -6.943178803999956 ], [ 110.41740634000007, -6.94311455899998 ], [ 110.417516985000077, -6.943096712999932 ], [ 110.41770461200008, -6.943103821999955 ], [ 110.41769901300006, -6.943171665999955 ], [ 110.417966703000047, -6.943203788999938 ], [ 110.418141593000087, -6.943171665999955 ], [ 110.418449740000085, -6.943020357999956 ], [ 110.418473851000044, -6.943013337999957 ], [ 110.418472514000086, -6.94308646099995 ], [ 110.418436234000069, -6.943082573999959 ], [ 110.418373412000051, -6.943105984999931 ], [ 110.418319825000083, -6.943141262999973 ], [ 110.418253345000039, -6.943226098999958 ], [ 110.418138024000086, -6.943307294999954 ], [ 110.418120178000038, -6.94336797099993 ], [ 110.418095194000045, -6.943442924999943 ], [ 110.418109470000047, -6.94356427699995 ], [ 110.418163008000079, -6.943789135999964 ], [ 110.418234392000045, -6.943967595999936 ], [ 110.418287930000076, -6.944106793999936 ], [ 110.418370021000044, -6.944267407999973 ], [ 110.418402144000083, -6.944306668999957 ], [ 110.418617732000087, -6.944431431999931 ], [ 110.417026641000064, -6.944410800999947 ], [ 110.41700641500006, -6.945271927999954 ], [ 110.418644849000088, -6.945334595999952 ], [ 110.41864333400008, -6.94539249099995 ], [ 110.418680541000072, -6.945420256999967 ], [ 110.418687679000072, -6.945448809999959 ], [ 110.418566327000065, -6.945498778999934 ], [ 110.418559189000064, -6.945777175999979 ], [ 110.41867774900004, -6.945821107999961 ], [ 110.418678106000073, -6.945838596999977 ], [ 110.418665257000043, -6.945859654999936 ], [ 110.418598677000034, -6.945822005999958 ], [ 110.418562358000088, -6.945959483999957 ], [ 110.418444974000067, -6.946023449999927 ], [ 110.418529259000081, -6.946292686999925 ], [ 110.41850471500004, -6.946365733999926 ], [ 110.418247519000033, -6.946359509999979 ], [ 110.418202269000062, -6.946351815999947 ], [ 110.418198700000062, -6.94672658099995 ], [ 110.418396236000035, -6.94674361899996 ], [ 110.418550882000034, -6.946747710999944 ], [ 110.41857550900005, -6.946742714999971 ], [ 110.418527066000081, -6.947979366999959 ], [ 110.418548481000073, -6.948236348999956 ], [ 110.418587827000067, -6.948237540999969 ], [ 110.418584405000047, -6.949414756999943 ], [ 110.418549026000051, -6.950745617999928 ], [ 110.418528467000044, -6.951579952999964 ], [ 110.418531323000082, -6.951658474999931 ], [ 110.418805233000057, -6.95252043399995 ] ] ] } },
{ "type": "Feature", "properties": { "OBJECTID": 3, "NAMOBJ": "Garis Penutup Sungai", "THNSBDATA": "2021", "SBDATA": 6, "SKL": 4, "THNPBL": "2024", "Panjang": 0.055346594105706963, "SHAPE_Length": 0.00050082330509660928 }, "geometry": { "type": "MultiLineString", "coordinates": [ [ [ 110.381181027000082, -6.949187691999953 ], [ 110.38164163600004, -6.949083176999977 ], [ 110.381661922000035, -6.949078707999945 ], [ 110.381669474000034, -6.949077043999978 ] ] ] } },
{ "type": "Feature", "properties": { "OBJECTID": 4, "NAMOBJ": "Garis Penutup Sungai", "THNSBDATA": "2021", "SBDATA": 6, "SKL": 4, "THNPBL": "2024", "Panjang": 0.20625431665969068, "SHAPE_Length": 0.0018661915073776706 }, "geometry": { "type": "MultiLineString", "coordinates": [ [ [ 110.394252794000067, -6.948927080999965 ], [ 110.394277759000033, -6.948915734999957 ], [ 110.395848468000054, -6.948201912999934 ], [ 110.395872223000083, -6.948191866999935 ], [ 110.395952042000033, -6.948155592999967 ] ] ] } },
{ "type": "Feature", "properties": { "OBJECTID": 5, "NAMOBJ": "Garis Pantai", "THNSBDATA": "2021", "SBDATA": 6, "SKL": 4, "THNPBL": "2024", "Panjang": 8.7902384823232804, "SHAPE_Length": 0.079507232689826582 }, "geometry": { "type": "MultiLineString", "coordinates": [ [ [ 110.41911271400005, -6.952430686999946 ], [ 110.419132887000046, -6.951727091999942 ], [ 110.419122372000061, -6.951604003999933 ], [ 110.419100841000045, -6.951600739999947 ], [ 110.41910473300004, -6.951328882999974 ], [ 110.419115581000085, -6.951256222999973 ], [ 110.419138758000088, -6.951229981999973 ], [ 110.419169040000043, -6.951215538999975 ], [ 110.419199602000049, -6.951209117999952 ], [ 110.419233118000079, -6.951210623999941 ], [ 110.419271151000089, -6.951251616999969 ], [ 110.419487384000035, -6.951588845999936 ], [ 110.419503802000065, -6.951627035999934 ], [ 110.419646189000048, -6.951996851999979 ], [ 110.419625964000033, -6.952004941999974 ], [ 110.419832303000078, -6.95253504599998 ], [ 110.419919949000075, -6.952824216999943 ], [ 110.420189923000066, -6.953751629999942 ], [ 110.420256593000033, -6.953777889999969 ], [ 110.420333289000041, -6.95376377599996 ], [ 110.420369511000047, -6.953736781999964 ], [ 110.420381993000035, -6.953684886999952 ], [ 110.420271985000056, -6.953320648999977 ], [ 110.420275257000071, -6.953312617999927 ], [ 110.420291616000043, -6.953293284999972 ], [ 110.42028627500008, -6.953262337999945 ], [ 110.42030922400005, -6.953239211999971 ], [ 110.420292567000047, -6.953168303999973 ], [ 110.420392029000084, -6.953111672999967 ], [ 110.420467201000065, -6.953095849999954 ], [ 110.420464708000054, -6.953024465999931 ], [ 110.420501129000058, -6.953003181999975 ], [ 110.420583436000072, -6.952986013999976 ], [ 110.420598873000074, -6.952936874999978 ], [ 110.42050738000006, -6.952642310999977 ], [ 110.420369958000038, -6.95235043699995 ], [ 110.420341405000045, -6.952250498999945 ], [ 110.420402081000077, -6.952246929999944 ], [ 110.42056318300007, -6.952298498999937 ], [ 110.420569833000059, -6.952257637999935 ], [ 110.420626940000034, -6.952257637999935 ], [ 110.420707023000034, -6.95234989599993 ], [ 110.420791123000072, -6.952518188999932 ], [ 110.42077327700008, -6.95253603499998 ], [ 110.420776846000081, -6.952589572999955 ], [ 110.420848570000089, -6.952540410999973 ], [ 110.420872726000084, -6.952584779999938 ], [ 110.420961619000082, -6.952979169999935 ], [ 110.420629258000076, -6.953070178999951 ], [ 110.420598387000041, -6.953089258999967 ], [ 110.420630509000034, -6.953178488999981 ], [ 110.421166502000062, -6.953094561999933 ], [ 110.421211252000035, -6.953185642999927 ], [ 110.421226094000076, -6.953281319999974 ], [ 110.421157521000055, -6.953291853999929 ], [ 110.421104598000056, -6.953313693999974 ], [ 110.421055243000069, -6.953324825999971 ], [ 110.421181713000067, -6.953856581999958 ], [ 110.421148871000071, -6.953865657999927 ], [ 110.421094504000052, -6.953899465999939 ], [ 110.42106238100007, -6.953931588999978 ], [ 110.421087366000052, -6.953999402999955 ], [ 110.421205240000063, -6.953981948999967 ], [ 110.421460314000058, -6.953922582999951 ], [ 110.421544278000056, -6.954135519999966 ], [ 110.421563359000061, -6.954145392999976 ], [ 110.421567850000088, -6.954193541999928 ], [ 110.421369981000055, -6.95453189899996 ], [ 110.421262841000043, -6.954712841999935 ], [ 110.421163799000055, -6.95488166399997 ], [ 110.421106868000038, -6.954978308999955 ], [ 110.421157306000055, -6.955054135999944 ], [ 110.421450781000033, -6.955229181999925 ], [ 110.421472657000038, -6.955237979999936 ], [ 110.421631380000065, -6.954975753999975 ], [ 110.421612959000072, -6.954962174999935 ], [ 110.421922464000033, -6.95443613599997 ], [ 110.421944408000059, -6.954440326999929 ], [ 110.424173067000083, -6.955743690999952 ], [ 110.424228323000079, -6.955649006999977 ], [ 110.424110471000063, -6.955569847999925 ], [ 110.425180988000079, -6.953787687999977 ], [ 110.424959889000036, -6.953658870999959 ], [ 110.424888555000052, -6.95380309799998 ], [ 110.424682585000085, -6.953658145999952 ], [ 110.424200559000042, -6.953375364999943 ], [ 110.422634265000056, -6.952490808999926 ], [ 110.422736038000039, -6.952310955999963 ], [ 110.422707329000048, -6.95228411599993 ], [ 110.422884984000063, -6.951920486999938 ], [ 110.422975468000061, -6.951793642999974 ], [ 110.422921621000057, -6.951713685999948 ], [ 110.42292427600006, -6.951692671999979 ], [ 110.42284638700005, -6.951705935999939 ], [ 110.422788060000073, -6.951764691999927 ], [ 110.422696289000044, -6.951861208999958 ], [ 110.422617733000038, -6.951917012999957 ], [ 110.422583766000059, -6.951917977999926 ], [ 110.422448859000042, -6.952123338999968 ], [ 110.422388517000059, -6.952088013999969 ], [ 110.422900515000038, -6.951229710999939 ], [ 110.422757747000048, -6.951136911999981 ], [ 110.422197188000041, -6.951976007999974 ], [ 110.422139722000054, -6.951942366999958 ], [ 110.422095249000051, -6.951946464999935 ], [ 110.421879894000085, -6.951777473999925 ], [ 110.421563941000045, -6.951611950999961 ], [ 110.421553879000044, -6.951563933999978 ], [ 110.421382558000062, -6.951450908999959 ], [ 110.421348045000059, -6.951434223999968 ], [ 110.421583483000063, -6.951061958999958 ], [ 110.421390747000089, -6.950962020999953 ], [ 110.421081624000067, -6.951377307999962 ], [ 110.420886402000065, -6.951233080999941 ], [ 110.420900789000086, -6.951219934999926 ], [ 110.42092236700006, -6.951202011999953 ], [ 110.420936755000071, -6.951187669999968 ], [ 110.420979939000063, -6.951144868999961 ], [ 110.42096743500008, -6.951092012999936 ], [ 110.420941996000067, -6.951050266999971 ], [ 110.420911512000089, -6.951016691999939 ], [ 110.420876542000087, -6.951007253999933 ], [ 110.420845432000078, -6.951039277999939 ], [ 110.420573899000033, -6.95082171599995 ], [ 110.420961572000067, -6.950316758999975 ], [ 110.421070780000036, -6.950147956999956 ], [ 110.421047229000067, -6.950069672999973 ], [ 110.420974285000057, -6.950007686999925 ], [ 110.42088853000007, -6.949996108999926 ], [ 110.420821441000044, -6.950042167999925 ], [ 110.420741471000042, -6.950170421999928 ], [ 110.420371974000034, -6.950653077999959 ], [ 110.420255194000049, -6.950474010999926 ], [ 110.420255811000061, -6.950357527999927 ], [ 110.420188247000056, -6.950265600999955 ], [ 110.419545197000048, -6.94923112999993 ], [ 110.419646999000065, -6.947941223999976 ], [ 110.419627487000071, -6.947920284999952 ], [ 110.419675552000058, -6.947845093999945 ], [ 110.419733611000083, -6.947789890999957 ], [ 110.419799284000078, -6.947744204999935 ], [ 110.419893035000086, -6.947712319999937 ], [ 110.420065179000062, -6.947721807999926 ], [ 110.420157264000068, -6.947773917999939 ], [ 110.420227934000081, -6.947833880999951 ], [ 110.420256514000073, -6.94785888499996 ], [ 110.420255988000065, -6.947859276999964 ], [ 110.420422728000062, -6.948010676999957 ], [ 110.420886916000086, -6.948431819999939 ], [ 110.420798876000049, -6.948537110999951 ], [ 110.421874987000081, -6.949444279999966 ], [ 110.421948433000068, -6.949524645999929 ], [ 110.421865450000041, -6.949602158999937 ], [ 110.422924329000068, -6.950262219999956 ], [ 110.422983816000055, -6.950208681999925 ], [ 110.423037354000087, -6.950208086999965 ], [ 110.423642021000035, -6.950543904999961 ], [ 110.42367207500007, -6.950561436999976 ], [ 110.423758925000072, -6.950413315999981 ], [ 110.42518362800007, -6.951205675999972 ], [ 110.425105105000057, -6.951343446999942 ], [ 110.426193590000082, -6.951965080999969 ], [ 110.426235825000049, -6.951941880999925 ], [ 110.426672456000063, -6.951205437999931 ], [ 110.426756332000082, -6.951254811999945 ], [ 110.427152116000059, -6.950553639999953 ], [ 110.427082160000055, -6.950475474999962 ], [ 110.427059375000056, -6.950494772999946 ], [ 110.42702704900006, -6.950524554999959 ], [ 110.427006268000071, -6.950504087999946 ], [ 110.426853522000044, -6.950631993999934 ], [ 110.426839750000056, -6.950619151999945 ], [ 110.426752964000059, -6.950690130999931 ], [ 110.426587194000035, -6.950521386999981 ], [ 110.426661818000071, -6.950445502999969 ], [ 110.426614623000034, -6.950391193999963 ], [ 110.426569486000062, -6.950423866999927 ], [ 110.426409367000076, -6.950230985999951 ], [ 110.426539243000036, -6.950103751999961 ], [ 110.426455166000039, -6.949998783999945 ], [ 110.426352183000063, -6.950083591999942 ], [ 110.425170311000045, -6.948756361999926 ], [ 110.423649026000078, -6.947051984999973 ], [ 110.423403246000078, -6.946777587999975 ], [ 110.423444800000084, -6.943916825999963 ], [ 110.42340734000004, -6.943877175999944 ], [ 110.423533866000071, -6.938263850999931 ], [ 110.423544, -6.937466098999948 ], [ 110.423553677000086, -6.935896463999939 ], [ 110.423907009000061, -6.935896707999973 ], [ 110.424310355000046, -6.935894494999957 ], [ 110.42446740400004, -6.935916688999953 ], [ 110.424549482000089, -6.935939293999979 ], [ 110.426155615000084, -6.935939925999946 ], [ 110.426162756000053, -6.936289074999934 ], [ 110.426173464000044, -6.936970790999965 ], [ 110.426184171000045, -6.937117126999965 ], [ 110.426184171000045, -6.937295586999937 ], [ 110.426184171000045, -6.937488322999968 ], [ 110.426187740000046, -6.93781311999993 ], [ 110.426223285000049, -6.937984462999964 ], [ 110.426222961000065, -6.938195355999937 ], [ 110.426217061000045, -6.93826508899997 ], [ 110.426107284000068, -6.938288438999962 ], [ 110.426137772000061, -6.93858763399993 ], [ 110.426133011000047, -6.93886852199995 ], [ 110.426100149000035, -6.940387215999976 ], [ 110.426082165000082, -6.940982067999926 ], [ 110.426130842000077, -6.94108609999995 ], [ 110.426498260000074, -6.942067595999958 ], [ 110.426546141000074, -6.942218816999969 ], [ 110.427452706000054, -6.941908597999941 ], [ 110.428343950000055, -6.944464118999974 ], [ 110.430267983000078, -6.943808814999954 ], [ 110.430271790000063, -6.943762653999954 ], [ 110.43033620600005, -6.943672507999963 ], [ 110.43059848300004, -6.943578346999971 ], [ 110.430636851000088, -6.943565306999972 ], [ 110.431505510000079, -6.943280297999934 ], [ 110.431749096000033, -6.943312631999959 ], [ 110.431813741000042, -6.943350801999941 ], [ 110.431930836000049, -6.943479106999973 ], [ 110.432148290000043, -6.94412344999995 ], [ 110.432263775000081, -6.94410359699998 ], [ 110.432447515000035, -6.944709621999948 ], [ 110.432491546000051, -6.944877475999931 ], [ 110.432523055000047, -6.94505500899993 ], [ 110.432829022000078, -6.945752897999967 ], [ 110.432878903000073, -6.94586981599997 ], [ 110.43299537200005, -6.946141342999965 ] ] ] } },
{ "type": "Feature", "properties": { "OBJECTID": 6, "NAMOBJ": "Garis Penutup Sungai", "THNSBDATA": "2021", "SBDATA": 6, "SKL": 4, "THNPBL": "2024", "Panjang": 0.047409645244628602, "SHAPE_Length": 0.00042902027160005067 }, "geometry": { "type": "MultiLineString", "coordinates": [ [ [ 110.359504220000076, -6.953881070999955 ], [ 110.359931387000074, -6.953841236999949 ] ] ] } },
{ "type": "Feature", "properties": { "OBJECTID": 7, "NAMOBJ": "Garis Pantai", "THNSBDATA": "2021", "SBDATA": 6, "SKL": 4, "THNPBL": "2024", "Panjang": 2.1519741680687203, "SHAPE_Length": 0.019467652033914335 }, "geometry": { "type": "MultiLineString", "coordinates": [ [ [ 110.395952042000033, -6.948155592999967 ], [ 110.395960719000072, -6.948118520999969 ], [ 110.395736850000048, -6.947494816999949 ], [ 110.395693892000054, -6.947389034999958 ], [ 110.39562698800006, -6.947243772999968 ], [ 110.395514122000066, -6.946916544999965 ], [ 110.395408280000083, -6.946678018999933 ], [ 110.395296053000038, -6.946409826999968 ], [ 110.395272200000079, -6.946333211999956 ], [ 110.395237570000063, -6.946256581999933 ], [ 110.395127757000068, -6.94597403399996 ], [ 110.395106267000074, -6.945922549999977 ], [ 110.395077613000069, -6.945854304999955 ], [ 110.395065670000065, -6.94582915999996 ], [ 110.395071529000063, -6.945662961999972 ], [ 110.39503940600008, -6.945595146999949 ], [ 110.395010853000088, -6.945466655999951 ], [ 110.394990852000035, -6.945366647999947 ], [ 110.395018764000042, -6.945325799999978 ], [ 110.39503583700008, -6.945341733999953 ], [ 110.395153620000087, -6.945373856999936 ], [ 110.395249988000046, -6.945441671999959 ], [ 110.395285680000086, -6.945505916999934 ], [ 110.395292819000076, -6.945563023999966 ], [ 110.395339218000061, -6.945623700999931 ], [ 110.395424879000075, -6.945659391999925 ], [ 110.395678291000081, -6.945677237999973 ], [ 110.395956688000069, -6.945691514999965 ], [ 110.396152994000033, -6.945695083999965 ], [ 110.396484929000053, -6.945670099999973 ], [ 110.396795448000034, -6.945666530999972 ], [ 110.397077415000069, -6.945659391999925 ], [ 110.397273720000044, -6.94564511599998 ], [ 110.398458692000077, -6.945395271999928 ], [ 110.400182611000048, -6.945027645999971 ], [ 110.400700144000041, -6.944984814999941 ], [ 110.400803650000057, -6.94497053799995 ], [ 110.401007094000079, -6.94497410799994 ], [ 110.401074909000044, -6.94497053799995 ], [ 110.401153431000068, -6.94497410799994 ], [ 110.401260507000075, -6.944999091999932 ], [ 110.401399705000074, -6.94500979999998 ], [ 110.401624565000077, -6.945006229999933 ], [ 110.401749486000085, -6.94497410799994 ], [ 110.401767332000077, -6.945099028999948 ], [ 110.401717363000046, -6.945241796999937 ], [ 110.401706656000044, -6.945409548999976 ], [ 110.401760194000076, -6.945670099999973 ], [ 110.401778040000067, -6.945737914999938 ], [ 110.401763763000076, -6.945773606999978 ], [ 110.401763763000076, -6.945823574999963 ], [ 110.401774552000063, -6.94594572699998 ], [ 110.401598390000061, -6.945919942999979 ], [ 110.401444916000059, -6.946009172999936 ], [ 110.401419931000078, -6.946055572999967 ], [ 110.40145205400006, -6.946123386999943 ], [ 110.401494884000044, -6.946166217999973 ], [ 110.401519868000037, -6.946355384999947 ], [ 110.401551991000076, -6.946562397999969 ], [ 110.401587683000059, -6.94671587299996 ], [ 110.401612667000052, -6.946840794999957 ], [ 110.401609098000051, -6.946901470999933 ], [ 110.401639482000064, -6.947077589999935 ], [ 110.40159482100006, -6.947344050999959 ], [ 110.401616236000052, -6.947436849999974 ], [ 110.401609098000051, -6.94750109499995 ], [ 110.401634082000044, -6.947608170999956 ], [ 110.401612667000052, -6.947711677999962 ], [ 110.401669774000084, -6.947761645999947 ], [ 110.401691189000076, -6.947840167999971 ], [ 110.401712605000057, -6.947947243999977 ], [ 110.401751866000041, -6.948000781999951 ], [ 110.401762573000042, -6.948061457999927 ], [ 110.401780419000033, -6.948114995999958 ], [ 110.401819680000074, -6.94813998099994 ], [ 110.401841095000066, -6.948297024999931 ], [ 110.401873218000048, -6.948400531999937 ], [ 110.401944602000071, -6.94846477699997 ], [ 110.402195727000048, -6.948685117999958 ], [ 110.402340346000074, -6.948792491999939 ], [ 110.402619179000055, -6.948907356999939 ], [ 110.402794070000084, -6.948989447999963 ], [ 110.402983237000058, -6.949057262999929 ], [ 110.403126004000057, -6.949092954999969 ], [ 110.403310332000046, -6.949160659999961 ], [ 110.403325879000079, -6.949214306999977 ], [ 110.403386434000083, -6.949188612999933 ], [ 110.403519505000077, -6.94916098799996 ], [ 110.403618553000058, -6.949164337999946 ], [ 110.403739905000066, -6.949142922999954 ], [ 110.403864827000064, -6.949125076999962 ], [ 110.403921934000039, -6.94910366199997 ], [ 110.403932642000086, -6.949014431999956 ], [ 110.404082548000076, -6.949057262999929 ], [ 110.404200331000084, -6.94906083199993 ], [ 110.404268146000049, -6.949057262999929 ], [ 110.40442519000004, -6.949057262999929 ], [ 110.404450174000033, -6.949089384999979 ], [ 110.404560819000039, -6.949085815999979 ], [ 110.404739279000069, -6.949092954999969 ], [ 110.404824940000083, -6.949085815999979 ], [ 110.404974846000073, -6.949071539999977 ], [ 110.405131890000064, -6.949042985999938 ], [ 110.405274658000053, -6.949028708999947 ], [ 110.405410287000052, -6.949035847999937 ], [ 110.405495948000066, -6.949050123999939 ], [ 110.405667269000048, -6.949085815999979 ], [ 110.405824313000039, -6.949185753999927 ], [ 110.405945666000036, -6.949257136999961 ], [ 110.406059880000043, -6.949321382999926 ], [ 110.406116987000075, -6.949392766999949 ], [ 110.406134833000067, -6.949460580999926 ], [ 110.406283453000071, -6.949569413999939 ], [ 110.406299016000048, -6.949660455999947 ], [ 110.406330645000082, -6.949647665999976 ], [ 110.40638557300008, -6.949955651999971 ], [ 110.406415612000046, -6.950146052999969 ] ] ] } },
{ "type": "Feature", "properties": { "OBJECTID": 8, "NAMOBJ": "Garis Penutup Sungai", "THNSBDATA": "2021", "SBDATA": 6, "SKL": 4, "THNPBL": "2024", "Panjang": 0.064224305937372606, "SHAPE_Length": 0.00058117217966296107 }, "geometry": { "type": "MultiLineString", "coordinates": [ [ [ 110.406415612000046, -6.950146052999969 ], [ 110.406992231000061, -6.950073446999966 ] ] ] } },
{ "type": "Feature", "properties": { "OBJECTID": 9, "NAMOBJ": "Garis Penutup Sungai", "THNSBDATA": "2021", "SBDATA": 6, "SKL": 4, "THNPBL": "2024", "Panjang": 0.035398514189692656, "SHAPE_Length": 0.00032031092608032774 }, "geometry": { "type": "MultiLineString", "coordinates": [ [ [ 110.418805233000057, -6.95252043399995 ], [ 110.418865868000069, -6.952502735999929 ], [ 110.419090674000074, -6.952437119999956 ], [ 110.41911271400005, -6.952430686999946 ] ] ] } },
{ "type": "Feature", "properties": { "OBJECTID": 10, "NAMOBJ": "Garis Pantai", "THNSBDATA": "2017", "SBDATA": 1, "SKL": 4, "THNPBL": "2024", "Panjang": 2.3742943841356356, "SHAPE_Length": 0.021482278951283972 }, "geometry": { "type": "MultiLineString", "coordinates": [ [ [ 110.361290690000033, -6.953168095999956 ], [ 110.361360515000058, -6.953143986999976 ], [ 110.36142476100008, -6.953072602999953 ], [ 110.361442607000072, -6.953022634999968 ], [ 110.361631774000045, -6.952908419999972 ], [ 110.361728142000061, -6.95289057399998 ], [ 110.361795956000037, -6.952837036999938 ], [ 110.361942293000084, -6.952776359999973 ], [ 110.362038661000042, -6.95270854599994 ], [ 110.36206814500008, -6.952630715999931 ], [ 110.362158238000063, -6.952511827999956 ], [ 110.362213552000071, -6.952526516999967 ], [ 110.362270659000046, -6.952490824999927 ], [ 110.362317058000087, -6.952472978999936 ], [ 110.362332837000054, -6.952424470999972 ], [ 110.362416996000036, -6.952373041999977 ], [ 110.362531210000043, -6.952280242999962 ], [ 110.36268093700005, -6.952141715999971 ], [ 110.363521697000067, -6.951442853999936 ], [ 110.363584034000041, -6.951385380999966 ], [ 110.363979981000057, -6.95108696099993 ], [ 110.364033520000078, -6.951048682999954 ], [ 110.364351334000048, -6.950778914999944 ], [ 110.364735887000052, -6.950456950999978 ], [ 110.364989114000082, -6.950256441999954 ], [ 110.36502607500006, -6.950285064999946 ], [ 110.365043921000051, -6.950263648999965 ], [ 110.365058422000061, -6.95020156399994 ], [ 110.365242341000055, -6.950055933999977 ], [ 110.367109664000054, -6.948554013999967 ], [ 110.367387664000034, -6.948304334999932 ], [ 110.367774496000038, -6.947991952999928 ], [ 110.368630330000087, -6.947332140999947 ], [ 110.370910826000056, -6.947141212999952 ], [ 110.371720419000042, -6.947081835999938 ], [ 110.371751652000057, -6.947079860999963 ], [ 110.371960565000052, -6.947038283999973 ], [ 110.372010983000052, -6.947065653999971 ], [ 110.372171596000044, -6.947033530999931 ], [ 110.372231398000054, -6.946991317999959 ], [ 110.372477667000055, -6.946969885999977 ], [ 110.372921126000051, -6.94702282399993 ], [ 110.373185705000083, -6.946914471999946 ], [ 110.373283260000051, -6.94690434599994 ], [ 110.373345860000086, -6.946947870999963 ], [ 110.373517181000068, -6.946919316999981 ], [ 110.373645672000066, -6.946947870999963 ], [ 110.374216743000034, -6.946890763999932 ], [ 110.376762596000049, -6.946685698999943 ], [ 110.37703997300008, -6.946694457999968 ], [ 110.377133310000033, -6.94661767599996 ], [ 110.377561075000074, -6.946651627999927 ], [ 110.378274914000087, -6.946587381999962 ], [ 110.379576488000055, -6.946369800999946 ], [ 110.380009541000049, -6.946483875999945 ], [ 110.380412215000035, -6.946635491999928 ] ] ] } },
{ "type": "Feature", "properties": { "OBJECTID": 11, "NAMOBJ": "Garis Pantai", "THNSBDATA": "2021", "SBDATA": 6, "SKL": 4, "THNPBL": "2024", "Panjang": 1.3758021349255667, "SHAPE_Length": 0.012443099765962033 }, "geometry": { "type": "MultiLineString", "coordinates": [ [ [ 110.439874148000058, -6.950238673999934 ], [ 110.439987125000073, -6.950195175999966 ], [ 110.440092141000036, -6.949983333999967 ], [ 110.440299022000033, -6.949481247999927 ], [ 110.440445709000073, -6.949371589999942 ], [ 110.440527800000041, -6.949225252999952 ], [ 110.440575355000078, -6.949066369999969 ], [ 110.440481401000056, -6.949028946999931 ], [ 110.440759798000045, -6.948047418999977 ], [ 110.441034625000043, -6.947315734999961 ], [ 110.441127424000058, -6.947337149999953 ], [ 110.441198808000081, -6.947315734999961 ], [ 110.441263054000046, -6.947287181999968 ], [ 110.441298746000086, -6.947258627999929 ], [ 110.441390181000088, -6.947264016999952 ], [ 110.441480099000046, -6.947105779999958 ], [ 110.441127424000058, -6.947037337999973 ], [ 110.441034625000043, -6.946987369999931 ], [ 110.440991795000059, -6.946880293999925 ], [ 110.441095302000065, -6.946891000999926 ], [ 110.441166685000042, -6.946962384999949 ], [ 110.441245208000055, -6.94697666199994 ], [ 110.441348714000071, -6.946915985999965 ], [ 110.441395114000045, -6.946869585999934 ], [ 110.441602884000076, -6.946866255999964 ], [ 110.441659234000042, -6.946634019999976 ], [ 110.441684218000034, -6.946437713999956 ], [ 110.441759171000058, -6.946298515999956 ], [ 110.441759171000058, -6.946141470999976 ], [ 110.441880524000055, -6.946048671999961 ], [ 110.441862678000064, -6.945845227999939 ], [ 110.441996719000088, -6.945386956999926 ], [ 110.442050336000079, -6.945193564999954 ], [ 110.442056884000067, -6.945083003999969 ], [ 110.44209580100005, -6.944885960999954 ], [ 110.442201751000084, -6.944806593999942 ], [ 110.442216028000075, -6.944720932999928 ], [ 110.44227313500005, -6.944692378999946 ], [ 110.442287412000042, -6.944649548999962 ], [ 110.442344519000073, -6.94459244199993 ], [ 110.44241947200004, -6.94447465899998 ], [ 110.442398057000048, -6.944367582999973 ], [ 110.442465871000081, -6.944285491999949 ], [ 110.442551532000039, -6.944160569999951 ], [ 110.442587224000079, -6.943935710999938 ], [ 110.442615777000071, -6.943835773999979 ], [ 110.442658608000045, -6.943757250999965 ], [ 110.442687161000038, -6.943671590999941 ], [ 110.44274783700007, -6.943571652999935 ], [ 110.442789212000037, -6.943460734999974 ], [ 110.442827430000079, -6.943303269999944 ], [ 110.442746097000054, -6.943239494999943 ], [ 110.442683186000068, -6.943166748999943 ], [ 110.442823563000047, -6.942938997999931 ], [ 110.442839094000078, -6.942921903999945 ], [ 110.442908451000051, -6.942864952999969 ], [ 110.442872759000068, -6.94272932399997 ], [ 110.442958420000082, -6.942665078999937 ], [ 110.443026234000058, -6.94258298699998 ], [ 110.443076203000089, -6.942490187999965 ], [ 110.443108326000072, -6.942436649999934 ], [ 110.443154725000056, -6.942379542999959 ], [ 110.443215401000089, -6.942208221999977 ], [ 110.44322967800008, -6.942129699999953 ], [ 110.443186848000039, -6.942072592999978 ], [ 110.443153020000068, -6.942015792999939 ], [ 110.443146923000086, -6.941950941999949 ], [ 110.443197582000039, -6.941950876999954 ], [ 110.443229705000078, -6.941990137999937 ], [ 110.443283243000053, -6.941897338999979 ], [ 110.443322504000037, -6.941811678999954 ], [ 110.443343919000085, -6.941704602999948 ], [ 110.443368903000078, -6.941579680999951 ], [ 110.44340102600006, -6.941554696999958 ], [ 110.443468841000083, -6.941444051999952 ], [ 110.443511671000067, -6.941322699999944 ], [ 110.443529517000059, -6.94124060799993 ], [ 110.443554501000051, -6.941151377999972 ], [ 110.443572347000043, -6.941104978999931 ], [ 110.443572347000043, -6.941055009999957 ], [ 110.443618747000073, -6.940958641999941 ], [ 110.443665146000058, -6.940833719999944 ], [ 110.443690131000039, -6.940783751999959 ], [ 110.443722253000033, -6.940740920999929 ], [ 110.443722253000033, -6.940690952999944 ], [ 110.443711546000088, -6.940637414999969 ], [ 110.44372939200008, -6.940591014999939 ], [ 110.443736530000081, -6.940512492999972 ], [ 110.443750807000072, -6.940469662999931 ] ] ] } },
{ "type": "Feature", "properties": { "OBJECTID": 12, "NAMOBJ": "Garis Penutup Sungai", "THNSBDATA": "2021", "SBDATA": 6, "SKL": 4, "THNPBL": "2024", "Panjang": 0.062864447511245161, "SHAPE_Length": 0.00056885746119737671 }, "geometry": { "type": "MultiLineString", "coordinates": [ [ [ 110.444381126000053, -6.938468773999944 ], [ 110.444948627000088, -6.938508034999927 ] ] ] } },
{ "type": "Feature", "properties": { "OBJECTID": 13, "NAMOBJ": "Garis Pantai", "THNSBDATA": "2021", "SBDATA": 6, "SKL": 4, "THNPBL": "2024", "Panjang": 2.2774303398129003, "SHAPE_Length": 0.020600992271730224 }, "geometry": { "type": "MultiLineString", "coordinates": [ [ [ 110.444948627000088, -6.938508034999927 ], [ 110.444991458000061, -6.93842594399996 ], [ 110.445009304000052, -6.938347421999936 ], [ 110.445009304000052, -6.938297452999961 ], [ 110.445030719000044, -6.938268898999979 ], [ 110.445077118000086, -6.93824391499993 ], [ 110.445098534000067, -6.938322436999954 ], [ 110.445077118000086, -6.938415235999969 ], [ 110.445121343000039, -6.938413988999969 ], [ 110.445173487000034, -6.938397389999977 ], [ 110.445255578000058, -6.938393820999977 ], [ 110.445369792000065, -6.938386682999976 ], [ 110.44542689900004, -6.938365267999927 ], [ 110.445484006000072, -6.938443789999951 ], [ 110.445351946000073, -6.938443789999951 ], [ 110.445262716000059, -6.938465204999943 ], [ 110.445205609000084, -6.938508034999927 ], [ 110.445169917000044, -6.938543726999967 ], [ 110.445071646000088, -6.938642879999975 ], [ 110.444981332000054, -6.939081430999977 ], [ 110.444898659000046, -6.939179042999967 ], [ 110.444898659000046, -6.939332517999958 ], [ 110.444895090000045, -6.939403901999981 ], [ 110.444866536000063, -6.939432455999963 ], [ 110.444895090000045, -6.93951097799993 ], [ 110.445027520000053, -6.939507788999947 ], [ 110.445051858000056, -6.939549821999947 ], [ 110.44504253100007, -6.939610182999957 ], [ 110.445026595000058, -6.939645045999953 ], [ 110.444952197000077, -6.93965017599993 ], [ 110.444887951000055, -6.93969657599996 ], [ 110.444884382000055, -6.939782236999974 ], [ 110.444916505000037, -6.939850050999951 ], [ 110.445056581000074, -6.939766927999926 ], [ 110.445341346000077, -6.939571159999957 ], [ 110.445413029000065, -6.939577232999966 ], [ 110.445380460000081, -6.939626970999939 ], [ 110.445121493000045, -6.939824696999949 ], [ 110.445060968000064, -6.939892563999933 ], [ 110.444993736000072, -6.93993207699998 ], [ 110.444990319000055, -6.939997948999974 ], [ 110.445044906000078, -6.940087525999957 ], [ 110.445061675000034, -6.94015841099997 ], [ 110.445088670000075, -6.940194632999976 ], [ 110.445154642000034, -6.940200905999973 ], [ 110.445267360000059, -6.940154086999939 ], [ 110.445317161000048, -6.940106606999962 ], [ 110.445382934000065, -6.94010716899993 ], [ 110.445392697000045, -6.94014113399993 ], [ 110.445377260000043, -6.940190272999928 ], [ 110.445299078000062, -6.940407415999971 ], [ 110.445304426000064, -6.940478699999971 ], [ 110.445421930000066, -6.940568937999956 ], [ 110.445452442000033, -6.940542142999959 ], [ 110.44549653200005, -6.94049486199998 ], [ 110.44555639500004, -6.940489912999965 ], [ 110.445640596000032, -6.94052699599996 ], [ 110.445678713000063, -6.940554253999949 ], [ 110.445748202000061, -6.940497508999954 ], [ 110.445804013000043, -6.940458394999951 ], [ 110.445842130000074, -6.940485652999939 ], [ 110.445669151000061, -6.940699321999944 ], [ 110.445628332000069, -6.940727973999969 ], [ 110.445631981000076, -6.94079555299993 ], [ 110.445707957000081, -6.94086206299994 ], [ 110.445828400000039, -6.940967499999942 ], [ 110.445842247000087, -6.940980226999955 ], [ 110.445910314000059, -6.941046461999974 ], [ 110.445979540000053, -6.941064056999949 ], [ 110.446022470000059, -6.941065415999958 ], [ 110.446044552000046, -6.941124680999962 ], [ 110.44635284800006, -6.941602775999968 ], [ 110.446480614000052, -6.941741255999943 ], [ 110.446664381000062, -6.941600472999937 ], [ 110.44717223400005, -6.941288434999933 ], [ 110.447641492000059, -6.940950350999969 ], [ 110.448682002000055, -6.940278353999929 ], [ 110.448926048000033, -6.940013457999953 ], [ 110.448971217000064, -6.939956133999942 ], [ 110.449000531000081, -6.939895073999935 ], [ 110.448989636000078, -6.939746794999962 ], [ 110.448865750000039, -6.939473814999928 ], [ 110.448772910000059, -6.939271219999966 ], [ 110.448709195000049, -6.939247715999954 ], [ 110.448677650000036, -6.939163051999969 ], [ 110.448656529000061, -6.939049435999948 ], [ 110.44870719100004, -6.938944748999972 ], [ 110.44876615700008, -6.938914101999956 ], [ 110.44881964700005, -6.938972268999976 ], [ 110.448804210000048, -6.939021408999963 ], [ 110.448756955000079, -6.939086243999952 ], [ 110.448867600000085, -6.939246857999933 ], [ 110.448871169000086, -6.939314671999966 ], [ 110.448913999000069, -6.939478854999948 ], [ 110.448960399000043, -6.939539531999969 ], [ 110.448999660000084, -6.939550238999971 ], [ 110.449031783000066, -6.939610914999946 ], [ 110.449091731000067, -6.939723217999926 ], [ 110.449164998000072, -6.93987825399995 ], [ 110.449124582000081, -6.940071340999964 ], [ 110.449060336000059, -6.940132016999939 ], [ 110.449113874000034, -6.940224815999954 ], [ 110.449181689000056, -6.94017841699997 ], [ 110.449287621000053, -6.940152292999926 ], [ 110.449308947000077, -6.940212840999948 ], [ 110.449274488000071, -6.940299768999978 ], [ 110.449315554000066, -6.940396783999972 ], [ 110.449327136000079, -6.940460197999926 ], [ 110.44934175700007, -6.940510038999946 ], [ 110.449328025000057, -6.940549612999973 ], [ 110.449370856000087, -6.940560319999975 ], [ 110.44940654800007, -6.940613857999949 ], [ 110.449449378000054, -6.94062813499994 ], [ 110.449527900000078, -6.940642411999931 ], [ 110.449581438000052, -6.940674533999925 ], [ 110.449620699000036, -6.940742348999947 ], [ 110.44961911200005, -6.940802516999952 ], [ 110.449557761000051, -6.940870489999952 ], [ 110.449495840000054, -6.940898381999943 ], [ 110.449459818000037, -6.940931086999967 ], [ 110.449441027000034, -6.940966049999929 ], [ 110.449446973000079, -6.941054465999969 ], [ 110.449473269000066, -6.941070700999944 ], [ 110.449481074000062, -6.941130463999968 ], [ 110.449477956000067, -6.941204901999981 ], [ 110.449479651000047, -6.941253442999937 ], [ 110.449449837000088, -6.941300225999953 ], [ 110.449398940000037, -6.941316296999958 ], [ 110.449287182000035, -6.941308764999974 ], [ 110.449225425000066, -6.941259461999948 ], [ 110.449155863000044, -6.941150396999944 ], [ 110.449145502000079, -6.941099298999973 ], [ 110.449129032000087, -6.941036979999978 ], [ 110.44907388200005, -6.941013176999945 ], [ 110.449017773000037, -6.94104372399994 ], [ 110.448885166000082, -6.941094095999972 ], [ 110.448805715000049, -6.941111164999938 ], [ 110.44863147500007, -6.941197296999974 ], [ 110.448552622000079, -6.941231497999979 ], [ 110.448475328000086, -6.94122847899996 ], [ 110.44841410500004, -6.941276358999971 ], [ 110.448323532000074, -6.941302391999955 ], [ 110.448310651000043, -6.941342865999957 ], [ 110.448305176000076, -6.941431680999926 ], [ 110.448162644000035, -6.94152528199993 ], [ 110.44805208300005, -6.941552013999967 ], [ 110.447974689000034, -6.941546139999957 ], [ 110.447710374000053, -6.941672581999967 ], [ 110.447455822000052, -6.941832989999966 ], [ 110.446671878000075, -6.942306343999974 ], [ 110.446526210000059, -6.942266393999944 ], [ 110.446466691000069, -6.942324944999939 ], [ 110.446427078000056, -6.942254856999966 ], [ 110.446402325000065, -6.942221414999949 ], [ 110.446379873000069, -6.942116487999954 ], [ 110.446311597000033, -6.942082098999947 ], [ 110.446197173000087, -6.941811188999964 ], [ 110.446109908000039, -6.941522634999956 ], [ 110.446041905000072, -6.941376350999974 ], [ 110.445909688000086, -6.941192284999943 ], [ 110.445813573000066, -6.941159510999967 ], [ 110.445787387000053, -6.941095698999959 ], [ 110.445194730000082, -6.940993447999972 ], [ 110.445149550000053, -6.940982567999981 ] ] ] } },
{ "type": "Feature", "properties": { "OBJECTID": 14, "NAMOBJ": "Garis Pantai", "THNSBDATA": "2021", "SBDATA": 6, "SKL": 4, "THNPBL": "2024", "Panjang": 3.8448019673959739, "SHAPE_Length": 0.01803850190302158 }, "geometry": { "type": "MultiLineString", "coordinates": [ [ [ 110.304572940000071, -6.956229568999959 ], [ 110.304479773000082, -6.956375763999972 ], [ 110.304151195000088, -6.956816063999952 ], [ 110.303702532000045, -6.956623739999941 ], [ 110.302472407000039, -6.956114629999945 ], [ 110.301584828000045, -6.955741488999934 ], [ 110.301455786000076, -6.955843709999954 ], [ 110.301127570000062, -6.955638803999932 ], [ 110.299849893000044, -6.955027340999948 ], [ 110.299794519000045, -6.954993673999979 ], [ 110.297790717000055, -6.953810474999955 ], [ 110.297041181000054, -6.953414739999971 ], [ 110.297062856000082, -6.953365812999948 ], [ 110.297150226000042, -6.953212059999942 ], [ 110.296679901000061, -6.952924044999975 ], [ 110.296452264000038, -6.952804407999963 ], [ 110.296736200000055, -6.952415734999931 ], [ 110.297197514000061, -6.951670830999944 ], [ 110.296540319000087, -6.95118081499993 ], [ 110.295965328000079, -6.950737421999975 ], [ 110.296638972000039, -6.949535219999973 ], [ 110.297130469000081, -6.948574890999964 ], [ 110.297069247000081, -6.948479995999946 ], [ 110.296979682000085, -6.948441357999968 ], [ 110.296616866000079, -6.948255421999932 ], [ 110.296405865000054, -6.948153751999939 ], [ 110.296148883000058, -6.948000275999959 ], [ 110.295949008000036, -6.947878923999951 ], [ 110.295596691000071, -6.947607732999927 ], [ 110.295563801000071, -6.947586012999977 ], [ 110.294928, -6.947062177999953 ], [ 110.29477324000004, -6.946887475999972 ] ] ] } },
{ "type": "Feature", "properties": { "OBJECTID": 15, "NAMOBJ": "Garis Pantai", "THNSBDATA": "2021", "SBDATA": 6, "SKL": 4, "THNPBL": "2024", "Panjang": 0.28306856602559255, "SHAPE_Length": 0.0025601312033958021 }, "geometry": { "type": "MultiLineString", "coordinates": [ [ [ 110.305009149000057, -6.954075505999981 ], [ 110.304852858000061, -6.954346437999959 ], [ 110.304665314000033, -6.954580583999928 ], [ 110.304547261000039, -6.954854650999948 ], [ 110.304577146000042, -6.95494294599996 ], [ 110.304564286000073, -6.955086336999955 ], [ 110.304289302000086, -6.955654305999929 ], [ 110.304539047000048, -6.955770657999949 ], [ 110.304504445000077, -6.95580313499994 ], [ 110.304479036000089, -6.956098839999981 ], [ 110.304572940000071, -6.956229568999959 ] ] ] } },
{ "type": "Feature", "properties": { "OBJECTID": 16, "NAMOBJ": "Garis Pantai", "THNSBDATA": "2021", "SBDATA": 6, "SKL": 4, "THNPBL": "2024", "Panjang": 0.23207266498214169, "SHAPE_Length": 0.0020988286632712726 }, "geometry": { "type": "MultiLineString", "coordinates": [ [ [ 110.30597122100005, -6.952216164999925 ], [ 110.305885312000044, -6.952494054999931 ], [ 110.305691768000088, -6.952835832999938 ], [ 110.305009149000057, -6.954075505999981 ] ] ] } },
{ "type": "Feature", "properties": { "OBJECTID": 17, "NAMOBJ": "Garis Pantai", "THNSBDATA": "2021", "SBDATA": 6, "SKL": 4, "THNPBL": "2024", "Panjang": 0.40220919969461927, "SHAPE_Length": 0.0036381652848150826 }, "geometry": { "type": "MultiLineString", "coordinates": [ [ [ 110.306638448000058, -6.950253293999936 ], [ 110.306449014000066, -6.950845734999973 ], [ 110.306415937000054, -6.950799089999975 ], [ 110.306328026000074, -6.950781160999952 ], [ 110.306273192000049, -6.950809877999973 ], [ 110.306096078000053, -6.950726723999935 ], [ 110.306065683000043, -6.950879660999931 ], [ 110.30630251000008, -6.951009865999936 ], [ 110.306172872000047, -6.951135 ], [ 110.306086390000075, -6.951088882999954 ], [ 110.306020711000087, -6.951166961999945 ], [ 110.306002865000039, -6.951141977999953 ], [ 110.305999908000047, -6.951042766999933 ], [ 110.305857976000084, -6.951199599999939 ], [ 110.305960024000058, -6.951307708999934 ], [ 110.305940209000084, -6.951379871999961 ], [ 110.306100724000089, -6.951499340999931 ], [ 110.305958168000075, -6.951638326999955 ], [ 110.306072198000038, -6.951705815999958 ], [ 110.305900750000035, -6.951912814999957 ], [ 110.305794042000059, -6.952055015999974 ], [ 110.305981637000059, -6.952182472999937 ], [ 110.30597122100005, -6.952216164999925 ] ] ] } },
{ "type": "Feature", "properties": { "OBJECTID": 18, "NAMOBJ": "Garis Pantai", "THNSBDATA": "2021", "SBDATA": 6, "SKL": 4, "THNPBL": "2024", "Panjang": 5.0982502960652187, "SHAPE_Length": 0.046115414642495439 }, "geometry": { "type": "MultiLineString", "coordinates": [ [ [ 110.307185220000065, -6.951351013999954 ], [ 110.307613523000043, -6.950244563999945 ], [ 110.307634938000035, -6.950130349999938 ], [ 110.307773973000053, -6.950095246999979 ], [ 110.308102502000054, -6.950019704999931 ], [ 110.308263115000045, -6.95000185899994 ], [ 110.308405883000034, -6.949959028999956 ], [ 110.308416591000082, -6.949844814999949 ], [ 110.308462990000066, -6.949773430999926 ], [ 110.308670003000088, -6.949484325999947 ], [ 110.309490917000062, -6.948267231999978 ], [ 110.309544455000037, -6.948231539999938 ], [ 110.30961940800006, -6.948285077999969 ], [ 110.309665808000034, -6.948277939999969 ], [ 110.309733622000067, -6.948206555999946 ], [ 110.309248212000057, -6.94780323699996 ], [ 110.309023353000043, -6.947606931999928 ], [ 110.308949828000038, -6.947489504999965 ], [ 110.308944936000046, -6.947450972999945 ], [ 110.309038791000035, -6.947140593999961 ], [ 110.309445615000072, -6.946798346999969 ], [ 110.309588236000081, -6.946540665999976 ], [ 110.309661643000084, -6.946502905999978 ], [ 110.309768532000078, -6.946388217999981 ], [ 110.30980201400007, -6.946311288999937 ], [ 110.30990544000008, -6.946175065999967 ], [ 110.309987539000076, -6.946078263999937 ], [ 110.310086098000056, -6.946012474999975 ], [ 110.310576784000034, -6.946158196999932 ], [ 110.310639245000061, -6.94617604299998 ], [ 110.310785582000051, -6.946258133999947 ], [ 110.311466897000059, -6.946347912999954 ], [ 110.311790243000075, -6.946583858999929 ], [ 110.311830915000087, -6.946598017999975 ], [ 110.31203479900006, -6.946725697999966 ], [ 110.312101594000069, -6.94669224699993 ], [ 110.31219715800006, -6.946241259999965 ], [ 110.312325681000061, -6.945712251999964 ], [ 110.312434548000056, -6.945130269999936 ], [ 110.312635469000043, -6.944718980999937 ], [ 110.312922490000062, -6.943982399999925 ], [ 110.312959420000084, -6.943808197999942 ], [ 110.313032738000061, -6.943630950999932 ], [ 110.313302934000035, -6.943165463999946 ], [ 110.313371982000035, -6.94302762999996 ], [ 110.31343406700006, -6.942890093999949 ], [ 110.313526681000042, -6.942688724999925 ], [ 110.313487420000058, -6.942656601999943 ], [ 110.313301822000085, -6.942574509999929 ], [ 110.313141209000037, -6.942520972999944 ], [ 110.313258992000044, -6.942506695999953 ], [ 110.313408898000034, -6.942513833999953 ], [ 110.313523112000041, -6.942424603999939 ], [ 110.313480282000057, -6.942335374999971 ], [ 110.313326807000067, -6.94228897499994 ], [ 110.31321259300006, -6.942278267999939 ], [ 110.312766444000033, -6.942189037999981 ], [ 110.312684352000076, -6.942171191999932 ], [ 110.312598692000051, -6.942160483999942 ], [ 110.312484478000044, -6.942199744999925 ], [ 110.312480908000055, -6.942160483999942 ], [ 110.312552292000078, -6.942131930999949 ], [ 110.312587984000061, -6.942060546999926 ], [ 110.312670075000085, -6.941996300999961 ], [ 110.312841397000057, -6.941917778999937 ], [ 110.313073394000071, -6.941832118999969 ], [ 110.313248284000053, -6.941771441999947 ], [ 110.313398191000033, -6.941714334999972 ], [ 110.313573081000072, -6.941589413999964 ], [ 110.313726556000063, -6.941489475999958 ], [ 110.31351597400004, -6.940925543999981 ], [ 110.313587358000063, -6.94088271399994 ], [ 110.313765817000046, -6.940711392999958 ], [ 110.31393, -6.940557916999978 ], [ 110.314194120000082, -6.940340196999955 ], [ 110.314244089000056, -6.940336626999965 ], [ 110.31433331900007, -6.94028665899998 ], [ 110.314315473000079, -6.940208135999967 ], [ 110.314383287000055, -6.940151028999935 ], [ 110.314451102000078, -6.940065368999967 ], [ 110.314754483000058, -6.939808386999971 ], [ 110.314943650000089, -6.939861924999946 ], [ 110.315079280000077, -6.939926169999978 ], [ 110.31511497200006, -6.939844078999954 ], [ 110.315057865000085, -6.939779833999978 ], [ 110.31511497200006, -6.939776263999931 ], [ 110.31526487800005, -6.939847647999954 ], [ 110.315243463000058, -6.939883339999938 ], [ 110.315175648000036, -6.939983276999953 ], [ 110.315079280000077, -6.940151028999935 ], [ 110.314975773000072, -6.940343765999955 ], [ 110.314843713000073, -6.94054007099993 ], [ 110.314768760000049, -6.940663207999933 ], [ 110.314491593000071, -6.941102436999927 ], [ 110.314526055000044, -6.941182525999977 ], [ 110.314617865000059, -6.941102184999977 ], [ 110.314684924000062, -6.940944797999975 ], [ 110.314699795000081, -6.940891259999944 ], [ 110.314860819000046, -6.940701561999958 ], [ 110.314956665000068, -6.940522365999925 ], [ 110.315177433000088, -6.940154003999965 ], [ 110.315247071000044, -6.940085217999979 ], [ 110.31526742300008, -6.940052549999962 ], [ 110.315369019000059, -6.939894860999971 ], [ 110.315669030000038, -6.940021060999925 ], [ 110.315759106000087, -6.940048918999935 ], [ 110.315830595000079, -6.940032650999967 ], [ 110.315866287000063, -6.940002312999979 ], [ 110.315889526000035, -6.940028704999975 ], [ 110.315957935000085, -6.939936500999977 ], [ 110.315919824000048, -6.939900590999969 ], [ 110.315998347000061, -6.939857760999928 ], [ 110.316055454000036, -6.939789945999962 ], [ 110.316169668000043, -6.939657885999964 ], [ 110.316266036000059, -6.939543671999957 ], [ 110.316248190000067, -6.939447303999941 ], [ 110.316201790000036, -6.939468718999933 ], [ 110.316044746000046, -6.939643608999972 ], [ 110.315891271000055, -6.939814930999944 ], [ 110.315767578000077, -6.939897834999954 ], [ 110.315693181000086, -6.939866682999934 ], [ 110.315634289000059, -6.939864898999929 ], [ 110.315509367000061, -6.939807791999954 ], [ 110.315412999000046, -6.939797084999952 ], [ 110.315316631000087, -6.939786376999962 ], [ 110.315341615000079, -6.939682869999956 ], [ 110.315359461000071, -6.939500841999973 ], [ 110.315391584000054, -6.939322381999943 ], [ 110.315388015000053, -6.939065399999947 ], [ 110.315298785000039, -6.938911924999957 ], [ 110.315195278000033, -6.938708480999935 ], [ 110.314998973000058, -6.938594266999928 ], [ 110.314902605000043, -6.938490760999969 ], [ 110.314803998000059, -6.938366493999979 ], [ 110.314699161000078, -6.938344423999979 ], [ 110.314602793000063, -6.938273039999956 ], [ 110.314481440000066, -6.938219501999981 ], [ 110.31438150300005, -6.938187378999942 ], [ 110.314256581000052, -6.938108856999975 ], [ 110.31414557800008, -6.938025612999979 ], [ 110.313737698000068, -6.93868090999996 ], [ 110.313596281000059, -6.939026138999964 ], [ 110.313514189000045, -6.939172475999953 ], [ 110.313396406000038, -6.939083245999939 ], [ 110.31330717600008, -6.939043984999955 ], [ 110.313273023000079, -6.939077887999929 ], [ 110.313018679000038, -6.939589299999966 ], [ 110.313189149000038, -6.939674080999964 ], [ 110.31321274000004, -6.939750032999939 ], [ 110.313120257000037, -6.93989983299997 ], [ 110.313059708000083, -6.939964763999967 ], [ 110.313037910000048, -6.94014001499994 ], [ 110.312828224000043, -6.940531213999975 ], [ 110.312729335000085, -6.940597482999976 ], [ 110.312250695000046, -6.940910671999973 ], [ 110.312279249000085, -6.940960640999947 ], [ 110.312182881000069, -6.940967778999948 ], [ 110.312147189000086, -6.940946363999956 ], [ 110.312086513000054, -6.940960640999947 ], [ 110.312016129000085, -6.940932585999974 ], [ 110.311956396000085, -6.940955697999925 ], [ 110.311802802000045, -6.940921002999971 ], [ 110.311422088000086, -6.941129205999971 ], [ 110.31134475500005, -6.941167871999937 ], [ 110.311323935000075, -6.941191666999941 ], [ 110.311243628000057, -6.941251152999939 ], [ 110.311175219000063, -6.941370125999981 ], [ 110.311080312000058, -6.941364193999959 ], [ 110.311074193000081, -6.941444811999929 ], [ 110.311146824000048, -6.941478011999948 ], [ 110.311123015000078, -6.941563714999972 ], [ 110.311170420000053, -6.941636407999965 ], [ 110.310941992000039, -6.94175538099995 ], [ 110.310834420000049, -6.941613994999955 ], [ 110.310685378000073, -6.941695136999954 ], [ 110.310784947000059, -6.941855317999966 ], [ 110.30990220700005, -6.94237842299998 ], [ 110.309503647000042, -6.942619342999933 ], [ 110.308992063000062, -6.942904878999968 ], [ 110.30875659600008, -6.943001212999945 ], [ 110.308481529000062, -6.943166300999962 ], [ 110.30812317200008, -6.943406864999929 ], [ 110.307963619000077, -6.943569446999959 ], [ 110.307900775000064, -6.943667109999978 ], [ 110.307840196000086, -6.943736592999926 ], [ 110.307582193000087, -6.944130082999948 ], [ 110.307547857000088, -6.944113852999976 ], [ 110.307489342000054, -6.944210401999953 ], [ 110.307380351000063, -6.944573978999927 ], [ 110.307338385000037, -6.944800965999946 ], [ 110.307314543000075, -6.945224852999957 ], [ 110.307348948000083, -6.945438975999934 ], [ 110.307349565000038, -6.945474656999977 ], [ 110.307402187000037, -6.945592500999965 ], [ 110.307454139000072, -6.945671638999954 ], [ 110.307484153000075, -6.945961171999954 ], [ 110.307322916000089, -6.945948934999933 ], [ 110.307075226000052, -6.946658892999949 ], [ 110.306519721000086, -6.948147911999968 ], [ 110.305937504000042, -6.949767403999942 ], [ 110.306324209000081, -6.949968312999943 ], [ 110.306310258000053, -6.950080473999947 ], [ 110.306645393000053, -6.950211711999941 ], [ 110.306638448000058, -6.950253293999936 ] ] ] } },
{ "type": "Feature", "properties": { "OBJECTID": 19, "NAMOBJ": "Garis Pantai", "THNSBDATA": "2021", "SBDATA": 6, "SKL": 4, "THNPBL": "2024", "Panjang": 0.18287035062377111, "SHAPE_Length": 0.0016541620956099902 }, "geometry": { "type": "MultiLineString", "coordinates": [ [ [ 110.307600897000043, -6.95249408899997 ], [ 110.30791333500008, -6.951718639999967 ], [ 110.307549277000078, -6.951540180999928 ], [ 110.307249465000041, -6.951404550999939 ], [ 110.307185220000065, -6.951351013999954 ] ] ] } },
{ "type": "Feature", "properties": { "OBJECTID": 20, "NAMOBJ": "Garis Pantai", "THNSBDATA": "2021", "SBDATA": 6, "SKL": 4, "THNPBL": "2024", "Panjang": 1.6983714784453641, "SHAPE_Length": 0.015364498032174554 }, "geometry": { "type": "MultiLineString", "coordinates": [ [ [ 110.31465507200005, -6.954897363999976 ], [ 110.314149902000054, -6.954471676999958 ], [ 110.313977391000037, -6.954370549999965 ], [ 110.312335563000033, -6.954519265999977 ], [ 110.311169627000083, -6.953674556999943 ], [ 110.310901938000086, -6.953686454999968 ], [ 110.310556916000053, -6.954239678999954 ], [ 110.310354662000066, -6.954614443999958 ], [ 110.309973948000049, -6.954965414999947 ], [ 110.309724104000054, -6.955381820999946 ], [ 110.309438569000065, -6.956000479999943 ], [ 110.309367185000042, -6.956089709999958 ], [ 110.309321774000068, -6.956043634999958 ], [ 110.308755664000046, -6.955783948999965 ], [ 110.308802267000033, -6.955700390999937 ], [ 110.308858585000053, -6.955571238999937 ], [ 110.30904251000004, -6.955641591999949 ], [ 110.309101721000047, -6.95549951299995 ], [ 110.307833390000042, -6.954987191999976 ], [ 110.307019725000089, -6.954679250999959 ], [ 110.306089177000047, -6.954287170999976 ], [ 110.306032088000052, -6.954266767999968 ], [ 110.306051591000084, -6.954185681999945 ], [ 110.306176668000035, -6.954185780999978 ], [ 110.306237359000079, -6.954004984999926 ], [ 110.306101177000073, -6.953942735999931 ], [ 110.30615004100008, -6.953807021999978 ], [ 110.306045090000055, -6.953743682999971 ], [ 110.306249581000088, -6.952935402999969 ], [ 110.306276535000052, -6.952824346999932 ], [ 110.306449465000071, -6.952882060999968 ], [ 110.306487003000086, -6.952893236999955 ], [ 110.306571319000057, -6.95253598499994 ], [ 110.306814293000059, -6.952617956999973 ], [ 110.307465784000044, -6.952854287999969 ], [ 110.307512587000076, -6.952693188999945 ], [ 110.307554253000035, -6.95260985699997 ], [ 110.307600897000043, -6.95249408899997 ] ] ] } },
{ "type": "Feature", "properties": { "OBJECTID": 21, "NAMOBJ": "Garis Pantai", "THNSBDATA": "2021", "SBDATA": 6, "SKL": 4, "THNPBL": "2024", "Panjang": 0.46468514094981983, "SHAPE_Length": 0.0042037687981430483 }, "geometry": { "type": "MultiLineString", "coordinates": [ [ [ 110.317795707000073, -6.953287497999952 ], [ 110.31772075400005, -6.95326608299996 ], [ 110.317566581000051, -6.953105426999969 ], [ 110.317470911000044, -6.953091192999977 ], [ 110.31724248200004, -6.953233959999977 ], [ 110.317230578000078, -6.953360627999928 ], [ 110.31709971500004, -6.953498080999964 ], [ 110.317028331000074, -6.953687247999937 ], [ 110.31664642700008, -6.954119119999973 ], [ 110.316275232000066, -6.954404654999962 ], [ 110.315907605000064, -6.954522438999959 ], [ 110.315815582000084, -6.954448869999965 ], [ 110.315614931000084, -6.954351116999931 ], [ 110.31553640900006, -6.954372531999979 ], [ 110.315397210000071, -6.954493884999977 ], [ 110.315290135000055, -6.954501022999978 ], [ 110.315115244000083, -6.954422500999954 ], [ 110.314879678000068, -6.954768712999964 ], [ 110.314776171000062, -6.954804404999948 ], [ 110.31465507200005, -6.954897363999976 ] ] ] } },
{ "type": "Feature", "properties": { "OBJECTID": 22, "NAMOBJ": "Garis Pantai", "THNSBDATA": "2021", "SBDATA": 6, "SKL": 4, "THNPBL": "2024", "Panjang": 3.4785779698748489, "SHAPE_Length": 0.031467523427581093 }, "geometry": { "type": "MultiLineString", "coordinates": [ [ [ 110.325982958000054, -6.947555508999926 ], [ 110.326140003000035, -6.947712553999963 ], [ 110.326197110000066, -6.947912427999938 ], [ 110.326025788000038, -6.948340730999973 ], [ 110.325840190000065, -6.948868971999957 ], [ 110.325654592000035, -6.949368658999958 ], [ 110.325653412000065, -6.949714748999952 ], [ 110.325669145000063, -6.94972460799994 ], [ 110.325685405000058, -6.949695701999929 ], [ 110.325753220000081, -6.949709978999977 ], [ 110.325810327000056, -6.949663578999946 ], [ 110.325899556000081, -6.949502965999955 ], [ 110.326063739000062, -6.949342351999974 ], [ 110.326149400000077, -6.949149615999943 ], [ 110.32640666900005, -6.948816415999943 ], [ 110.326685026000064, -6.948792736999962 ], [ 110.326885342000082, -6.948483001999932 ], [ 110.327040428000089, -6.948336433999941 ], [ 110.327274724000063, -6.948215675999961 ], [ 110.327493963000052, -6.947954637999942 ], [ 110.327505802000076, -6.947889259999954 ], [ 110.32747930000005, -6.94781523499995 ], [ 110.327262873000052, -6.947739143999968 ], [ 110.326954356000044, -6.947787517999927 ], [ 110.326827546000061, -6.947811168999976 ], [ 110.326574633000064, -6.947484705999955 ], [ 110.326538442000071, -6.947450679999974 ], [ 110.326456350000058, -6.946851055999957 ], [ 110.326581505000036, -6.946512344999974 ], [ 110.326651135000077, -6.946399560999964 ], [ 110.326745455000037, -6.946358507999946 ], [ 110.326827546000061, -6.946444167999971 ], [ 110.326963176000049, -6.946451306999961 ], [ 110.32715234300008, -6.946469152999953 ], [ 110.327345079000054, -6.946486998999944 ], [ 110.327679019000072, -6.946374673999969 ], [ 110.327692883000054, -6.946272080999961 ], [ 110.327603578000037, -6.946106935999978 ], [ 110.327616338000041, -6.945976603999952 ], [ 110.327505693000035, -6.945890943999927 ], [ 110.327173758000072, -6.945691068999963 ], [ 110.326199369000051, -6.94517353599997 ], [ 110.325995925000086, -6.945059321999963 ], [ 110.325828173000048, -6.944934399999966 ], [ 110.325724666000042, -6.944852308999941 ], [ 110.32570325100005, -6.944705971999952 ], [ 110.325660421000066, -6.944598895999945 ], [ 110.325610452000035, -6.944556065999961 ], [ 110.325456977000044, -6.944473974999937 ], [ 110.325324917000046, -6.944370467999931 ], [ 110.325167872000065, -6.944252684999981 ], [ 110.324985843000036, -6.944195577999949 ], [ 110.324868060000085, -6.94421342399994 ], [ 110.324739569000087, -6.944231269999932 ], [ 110.324571817000049, -6.944266961999972 ], [ 110.324489726000081, -6.944277668999973 ], [ 110.324368373000084, -6.944363329999931 ], [ 110.324361235000083, -6.944316929999957 ], [ 110.32428628200006, -6.944288376999964 ], [ 110.324132976000044, -6.944304123999927 ], [ 110.324068561000047, -6.944409728999972 ], [ 110.324093546000086, -6.944452559999945 ], [ 110.323975762000089, -6.944473974999937 ], [ 110.323743765000074, -6.944488250999939 ], [ 110.323586720000037, -6.944491820999929 ], [ 110.323290477000057, -6.94450609699993 ], [ 110.323147710000057, -6.944548927999961 ], [ 110.323076326000034, -6.944548927999961 ], [ 110.322888602000035, -6.944528318999971 ], [ 110.322697992000087, -6.944702402999951 ], [ 110.322633746000065, -6.944777355999975 ], [ 110.322533809000049, -6.944809478999957 ], [ 110.322480271000074, -6.944759509999926 ], [ 110.322466210000073, -6.944667685999946 ], [ 110.322220891000086, -6.944981608999967 ], [ 110.322019845000057, -6.945312734999959 ], [ 110.322019845000057, -6.945384118999925 ], [ 110.322080522000078, -6.945426948999966 ], [ 110.321994861000064, -6.945576854999956 ], [ 110.321966307000082, -6.945480486999941 ], [ 110.321887785000058, -6.945459071999949 ], [ 110.32175572500006, -6.94546620999995 ], [ 110.321666495000045, -6.945484055999941 ], [ 110.321580835000077, -6.945519747999981 ], [ 110.321505882000054, -6.945534024999972 ], [ 110.321267334000083, -6.945622253999943 ], [ 110.321231054000066, -6.945708914999955 ], [ 110.321177516000034, -6.945798144999969 ], [ 110.321138255000051, -6.945883804999937 ], [ 110.321109701000069, -6.945933773999968 ], [ 110.321074010000075, -6.946012295999935 ], [ 110.320941949000087, -6.945958757999961 ], [ 110.320752782000056, -6.945926635999967 ], [ 110.320659983000041, -6.945976603999952 ], [ 110.320552908000082, -6.946008726999935 ], [ 110.320389420000083, -6.946024883999939 ], [ 110.320265, -6.946089551999933 ], [ 110.320249526000055, -6.946169340999973 ], [ 110.320099620000065, -6.946187186999964 ], [ 110.32005322100008, -6.946151494999981 ], [ 110.319935437000083, -6.946130079999932 ], [ 110.31986405400005, -6.946162201999925 ], [ 110.319749839000053, -6.946176478999973 ], [ 110.319667748000086, -6.946222878999947 ], [ 110.319503565000048, -6.94628712399998 ], [ 110.319268366000074, -6.94646972399994 ], [ 110.319103399000085, -6.946579168999961 ], [ 110.318968187000053, -6.946747549999941 ], [ 110.318893234000086, -6.946790379999925 ], [ 110.318725482000048, -6.946897455999931 ], [ 110.318645601000071, -6.946882889999927 ], [ 110.318606043000045, -6.946909133999952 ], [ 110.318539884000074, -6.947022376999939 ], [ 110.318504192000034, -6.947108037999953 ], [ 110.318439946000069, -6.947158006999928 ], [ 110.318340009000053, -6.947172282999929 ], [ 110.318275763000088, -6.947250805999943 ], [ 110.318204380000054, -6.947240097999952 ], [ 110.318121115000054, -6.947276272999943 ], [ 110.31813407900006, -6.947403592999933 ], [ 110.318174709000061, -6.947441479999952 ], [ 110.318291825000074, -6.947469715999944 ], [ 110.318373916000041, -6.947473284999944 ], [ 110.318456008000055, -6.947505407999927 ], [ 110.31850954500004, -6.947530391999976 ], [ 110.318595206000055, -6.947523253999975 ], [ 110.318705851000061, -6.947523253999975 ], [ 110.318780804000085, -6.947591068999941 ], [ 110.318880741000044, -6.947687436999956 ], [ 110.318823634000069, -6.947719559999939 ], [ 110.318712989000062, -6.947748112999932 ], [ 110.318702282000061, -6.94772669799994 ], [ 110.318659451000087, -6.947687436999956 ], [ 110.318638036000038, -6.947648175999973 ], [ 110.318534530000079, -6.947612483999933 ], [ 110.318416746000082, -6.947587498999951 ], [ 110.318355744000087, -6.947610297999972 ], [ 110.318313240000066, -6.947662451999975 ], [ 110.318323947000067, -6.947744543999931 ], [ 110.318381055000089, -6.947780235999971 ], [ 110.318513115000087, -6.947808788999964 ], [ 110.31866563300008, -6.947806191999973 ], [ 110.318764934000058, -6.947860030999948 ], [ 110.318816496000068, -6.947823065999955 ], [ 110.318966402000058, -6.947805219999964 ], [ 110.319048493000082, -6.947801650999963 ], [ 110.319098462000056, -6.947819496999955 ], [ 110.319087754000066, -6.94787303499993 ], [ 110.319314863000045, -6.947917998999969 ], [ 110.319383997000045, -6.947901587999979 ], [ 110.319582653000055, -6.947974625999962 ], [ 110.319900812000071, -6.94802894999998 ], [ 110.31987726400007, -6.948291505999975 ], [ 110.319392247000053, -6.949529092999967 ], [ 110.319237660000056, -6.950043102999928 ], [ 110.319116308000048, -6.950239408999948 ], [ 110.31884275200008, -6.95022497399998 ], [ 110.318791512000075, -6.950214423999967 ], [ 110.318672957000047, -6.950402695999969 ], [ 110.317097226000044, -6.95205199399993 ], [ 110.31806414600004, -6.952758199999948 ], [ 110.317983090000041, -6.952814764999971 ], [ 110.317920629000071, -6.953066207999939 ], [ 110.317795707000073, -6.953287497999952 ] ] ] } },
{ "type": "Feature", "properties": { "OBJECTID": 23, "NAMOBJ": "Garis Pantai", "THNSBDATA": "2021", "SBDATA": 6, "SKL": 4, "THNPBL": "2024", "Panjang": 0.49259459557449553, "SHAPE_Length": 0.0044560690944779194 }, "geometry": { "type": "MultiLineString", "coordinates": [ [ [ 110.32038218100007, -6.950905657999954 ], [ 110.320404410000037, -6.950744219999933 ], [ 110.320942119000051, -6.950228668999955 ], [ 110.322370936000084, -6.948654819999945 ], [ 110.322713579000037, -6.948240793999958 ], [ 110.323483214000078, -6.948218056999963 ], [ 110.323597428000085, -6.948203779999972 ] ] ] } },
{ "type": "Feature", "properties": { "OBJECTID": 24, "NAMOBJ": "Garis Pantai", "THNSBDATA": "2021", "SBDATA": 6, "SKL": 4, "THNPBL": "2024", "Panjang": 0.44771818751160958, "SHAPE_Length": 0.0040497328983104056 }, "geometry": { "type": "MultiLineString", "coordinates": [ [ [ 110.323597428000085, -6.948203779999972 ], [ 110.323535780000043, -6.94835132399993 ], [ 110.323628606000057, -6.948711019999962 ], [ 110.323620156000061, -6.948760780999976 ], [ 110.323634571000071, -6.948857890999932 ], [ 110.323657436000076, -6.948905239999931 ], [ 110.32372143200007, -6.949070716999927 ], [ 110.323840133000033, -6.949217429999976 ], [ 110.324075398000048, -6.949356145999957 ], [ 110.324115627000083, -6.949388585999941 ], [ 110.324355407000041, -6.949183060999928 ], [ 110.32452672800008, -6.949068845999932 ], [ 110.324769433000085, -6.948883247999959 ], [ 110.325269120000087, -6.948355007999965 ], [ 110.325982958000054, -6.947555508999926 ] ] ] } },
{ "type": "Feature", "properties": { "OBJECTID": 25, "NAMOBJ": "Garis Pantai", "THNSBDATA": "2021", "SBDATA": 6, "SKL": 4, "THNPBL": "2024", "Panjang": 0.98039333098960402, "SHAPE_Length": 0.0088684764530838067 }, "geometry": { "type": "MultiLineString", "coordinates": [ [ [ 110.317398021000088, -6.955996032999963 ], [ 110.317473168000049, -6.955822570999942 ], [ 110.317491698000083, -6.955774841999926 ], [ 110.317687442000079, -6.955270778999932 ], [ 110.317821872000081, -6.955068590999929 ], [ 110.317934598000079, -6.954773633999935 ], [ 110.317969849000065, -6.954622456999971 ], [ 110.318061411000087, -6.954382875999954 ], [ 110.318117722000068, -6.954294472999948 ], [ 110.318311056000084, -6.954353200999947 ], [ 110.318647554000052, -6.954496263999943 ], [ 110.318760914000052, -6.954489852999927 ], [ 110.319314816000087, -6.954658108999979 ], [ 110.319340497000042, -6.954572115999952 ], [ 110.319497022000064, -6.954039407999971 ], [ 110.31946477300005, -6.954019175999974 ], [ 110.319107225000039, -6.95385822399993 ], [ 110.31862970800006, -6.953678919999959 ], [ 110.318408418000047, -6.953511167999977 ], [ 110.318579740000075, -6.953257754999981 ], [ 110.318821828000068, -6.952955312999961 ], [ 110.319223240000042, -6.952422868999975 ], [ 110.318868844000065, -6.952172720999954 ], [ 110.319075857000087, -6.951979983999934 ], [ 110.319157949000044, -6.951955 ], [ 110.319264988000043, -6.951969314999928 ], [ 110.319307855000034, -6.951976414999933 ], [ 110.319546990000049, -6.951747986999976 ], [ 110.319803972000045, -6.951523127999963 ], [ 110.320296521000046, -6.951073409999935 ], [ 110.320421442000054, -6.950930641999946 ], [ 110.32038218100007, -6.950905657999954 ] ] ] } },
{ "type": "Feature", "properties": { "OBJECTID": 26, "NAMOBJ": "Garis Pantai", "THNSBDATA": "2021", "SBDATA": 6, "SKL": 4, "THNPBL": "2024", "Panjang": 1.7699985747222433, "SHAPE_Length": 0.016014086462117237 }, "geometry": { "type": "MultiLineString", "coordinates": [ [ [ 110.328613770000061, -6.962284119999936 ], [ 110.328379550000079, -6.962227132999942 ], [ 110.328340289000039, -6.962237840999933 ], [ 110.328265336000072, -6.962323500999958 ], [ 110.327662363000059, -6.961989708999965 ], [ 110.325000106000061, -6.960586460999934 ], [ 110.324915054000087, -6.960610289999977 ], [ 110.324508167000033, -6.960567458999947 ], [ 110.324333276000061, -6.960521059999962 ], [ 110.324054879000073, -6.960449675999939 ], [ 110.323644422000086, -6.960406845999955 ], [ 110.323494516000039, -6.960364014999925 ], [ 110.322852062000038, -6.960253369999975 ], [ 110.321999025000082, -6.960103463999928 ], [ 110.321791580000081, -6.960013602999936 ], [ 110.321924838000086, -6.959515961999955 ], [ 110.321995456000082, -6.959271842999954 ], [ 110.321884150000074, -6.959260830999938 ], [ 110.321788443000059, -6.959211165999932 ], [ 110.32163496700008, -6.959096951999925 ], [ 110.321485061000033, -6.959104090999972 ], [ 110.320946114000037, -6.959021998999958 ], [ 110.320681993000051, -6.958982737999975 ], [ 110.320285813000055, -6.958868523999968 ], [ 110.320254520000049, -6.958938548999981 ], [ 110.320160891000057, -6.959089813999981 ], [ 110.318701092000083, -6.958675787999937 ], [ 110.318702993000045, -6.958619455999951 ], [ 110.318561587000033, -6.958551024999963 ], [ 110.31737294900006, -6.95817266499995 ], [ 110.316680930000075, -6.95796551899997 ], [ 110.316641669000035, -6.957904841999948 ], [ 110.316856774000087, -6.957414008999933 ], [ 110.31692363500008, -6.957091066999965 ], [ 110.317398021000088, -6.955996032999963 ] ] ] } },
{ "type": "Feature", "properties": { "OBJECTID": 27, "NAMOBJ": "Garis Pantai", "THNSBDATA": "2021", "SBDATA": 6, "SKL": 4, "THNPBL": "2024", "Panjang": 1.8014723762964557, "SHAPE_Length": 0.016296641719616617 }, "geometry": { "type": "MultiLineString", "coordinates": [ [ [ 110.334689880000042, -6.958961322999926 ], [ 110.334586374000082, -6.958932769999933 ], [ 110.334482867000077, -6.958879231999958 ], [ 110.334022441000059, -6.958768586999952 ], [ 110.333690507000085, -6.958725755999978 ], [ 110.333583431000079, -6.958686494999938 ], [ 110.333479924000073, -6.958661510999946 ], [ 110.333379987000058, -6.958607972999971 ], [ 110.333205097000075, -6.958522311999957 ], [ 110.333026637000046, -6.958483050999973 ], [ 110.332748240000058, -6.958386682999958 ], [ 110.332441290000077, -6.958208223999975 ], [ 110.332358738000039, -6.957896108999932 ], [ 110.331289911000056, -6.957101372999944 ], [ 110.330917831000079, -6.956963603999952 ], [ 110.330798897000079, -6.95727025399998 ], [ 110.330642014000034, -6.957687003999979 ], [ 110.33026361900005, -6.959030699999971 ], [ 110.330263288000083, -6.959069476999957 ], [ 110.330269319000081, -6.959423949999973 ], [ 110.330277769000077, -6.959486050999942 ], [ 110.330259331000036, -6.959532506999949 ], [ 110.330244039000036, -6.959563030999959 ], [ 110.33024140100008, -6.959665782999934 ], [ 110.332465180000042, -6.96024067999997 ], [ 110.332394890000046, -6.96094579399994 ], [ 110.332391321000046, -6.961038591999966 ], [ 110.332440767000037, -6.961103073999936 ], [ 110.33241625900007, -6.961141721999979 ], [ 110.332348491000062, -6.961366957999928 ], [ 110.33214504700004, -6.96127772799997 ], [ 110.332150479000063, -6.961222266999926 ], [ 110.33218349200007, -6.961058431999959 ], [ 110.332155317000058, -6.960983819999967 ], [ 110.331641999000055, -6.960887575999948 ], [ 110.329992824000044, -6.960538905999954 ], [ 110.329923342000086, -6.960783397999933 ], [ 110.32960603500004, -6.961754473999974 ], [ 110.329521691000082, -6.961777414999972 ], [ 110.329507414000034, -6.961841660999937 ], [ 110.329496707000033, -6.961948735999954 ], [ 110.329443169000058, -6.962016550999977 ], [ 110.329414615000076, -6.962120057999925 ], [ 110.329386062000083, -6.962230701999943 ], [ 110.329393200000084, -6.962241409999933 ], [ 110.329399323000075, -6.962387087999957 ], [ 110.329375354000035, -6.962441284999954 ], [ 110.329264709000086, -6.962409161999972 ], [ 110.328922383000076, -6.962313310999946 ], [ 110.328675793000059, -6.962305654999966 ], [ 110.328613770000061, -6.962284119999936 ] ] ] } },
{ "type": "Feature", "properties": { "OBJECTID": 28, "NAMOBJ": "Garis Pantai", "THNSBDATA": "2021", "SBDATA": 6, "SKL": 4, "THNPBL": "2024", "Panjang": 0.99496822273867247, "SHAPE_Length": 0.008999997023692384 }, "geometry": { "type": "MultiLineString", "coordinates": [ [ [ 110.337830066000038, -6.96312267299993 ], [ 110.337923568000065, -6.962823187999959 ], [ 110.338037856000085, -6.962633405999952 ], [ 110.338055349000058, -6.962576651999939 ], [ 110.338212171000066, -6.962162599999942 ], [ 110.33829386900004, -6.961843327999929 ], [ 110.338348631000088, -6.961509277999937 ], [ 110.338472757000034, -6.960722118999968 ], [ 110.338444570000036, -6.960549878999927 ], [ 110.338398270000084, -6.96049250599998 ], [ 110.338408978000075, -6.960371153999972 ], [ 110.338419685000076, -6.960153432999959 ], [ 110.33846608500005, -6.960035648999963 ], [ 110.338513504000048, -6.959845489999964 ], [ 110.338516054000081, -6.959664453999949 ], [ 110.338610638000034, -6.959318242999927 ], [ 110.338665960000071, -6.958861385999967 ], [ 110.338669529000072, -6.958772155999952 ], [ 110.338687375000063, -6.95870434099993 ], [ 110.338655252000081, -6.958657941999945 ], [ 110.338662390000081, -6.95860083499997 ], [ 110.33864811400008, -6.958540157999948 ], [ 110.338605283000049, -6.958490189999964 ], [ 110.338491069000042, -6.958458066999981 ], [ 110.338451808000059, -6.95841166799994 ], [ 110.338398270000084, -6.958386682999958 ], [ 110.338337594000052, -6.958361698999965 ], [ 110.338276918000076, -6.958397390999949 ], [ 110.338176980000071, -6.958422374999941 ], [ 110.338091320000046, -6.958475912999972 ], [ 110.337923568000065, -6.958615110999972 ], [ 110.33783076900005, -6.958690063999939 ], [ 110.337727262000044, -6.95874003299997 ], [ 110.337634463000086, -6.958757878999961 ], [ 110.337548803000061, -6.958857815999977 ], [ 110.337466711000047, -6.95889350799996 ], [ 110.337323944000048, -6.958925630999943 ], [ 110.337224006000042, -6.958914923999941 ], [ 110.337138346000074, -6.958936338999933 ], [ 110.33704911600006, -6.958986306999975 ], [ 110.336942040000054, -6.958997014999966 ], [ 110.336624382000082, -6.958972030999973 ], [ 110.336456630000043, -6.958997014999966 ], [ 110.336349554000037, -6.959032706999949 ], [ 110.336224633000086, -6.959032706999949 ], [ 110.336056881000047, -6.95904341399995 ], [ 110.335835591000034, -6.959111228999973 ], [ 110.335417995000057, -6.959136212999965 ], [ 110.335314489000041, -6.959125505999964 ], [ 110.335136029000068, -6.95908267599998 ], [ 110.334689880000042, -6.958961322999926 ] ] ] } },
{ "type": "Feature", "properties": { "OBJECTID": 29, "NAMOBJ": "Garis Pantai", "THNSBDATA": "2021", "SBDATA": 6, "SKL": 4, "THNPBL": "2024", "Panjang": 0.53357494500636549, "SHAPE_Length": 0.0048269412559934872 }, "geometry": { "type": "MultiLineString", "coordinates": [ [ [ 110.359931387000074, -6.953841236999949 ], [ 110.360057760000075, -6.95382570299995 ], [ 110.36011486700005, -6.953832840999951 ], [ 110.360236220000047, -6.953811425999959 ], [ 110.360350434000054, -6.953790010999967 ], [ 110.360464648000061, -6.953747179999937 ], [ 110.360592728000086, -6.953703185999927 ], [ 110.360635651000052, -6.953701063999972 ], [ 110.360772827000062, -6.953702505999956 ], [ 110.360852454000053, -6.95366232799995 ], [ 110.36094292000007, -6.953693642999951 ], [ 110.36093578100008, -6.953729333999945 ], [ 110.36089652000004, -6.953847117999942 ], [ 110.360875105000048, -6.953947054999958 ], [ 110.360853690000056, -6.954018438999981 ], [ 110.360889382000039, -6.95412551499993 ], [ 110.360992888000055, -6.954250435999938 ], [ 110.361074980000069, -6.954332527999952 ], [ 110.361110672000052, -6.954389634999927 ], [ 110.361178486000085, -6.954493140999944 ], [ 110.361217747000069, -6.954560955999966 ], [ 110.36138193000005, -6.954396772999928 ], [ 110.361467591000064, -6.954382495999937 ], [ 110.361556821000079, -6.954321819999961 ], [ 110.361646050000047, -6.954296835999969 ], [ 110.361703157000079, -6.954225451999946 ], [ 110.361792387000037, -6.954175482999972 ], [ 110.361860202000059, -6.954139790999932 ], [ 110.361938724000083, -6.954082683999957 ], [ 110.361981554000067, -6.954018438999981 ], [ 110.362063646000081, -6.953993454999932 ], [ 110.362117184000056, -6.953882809999925 ], [ 110.362056507000034, -6.953750749999926 ], [ 110.361945863000074, -6.953604412999937 ], [ 110.36186377100006, -6.95352945999997 ], [ 110.361788818000036, -6.953554443999963 ], [ 110.361742419000052, -6.953550874999962 ], [ 110.361628204000056, -6.953550874999962 ], [ 110.361535405000041, -6.953558012999963 ], [ 110.361456883000074, -6.953536597999971 ], [ 110.36137836100005, -6.953554443999963 ], [ 110.361264147000043, -6.953579427999955 ], [ 110.361157071000036, -6.953593704999946 ], [ 110.361186374000056, -6.953407578999929 ], [ 110.361290690000033, -6.953168095999956 ] ] ] } },
{ "type": "Feature", "properties": { "OBJECTID": 30, "NAMOBJ": "Garis Pantai", "THNSBDATA": "2021", "SBDATA": 6, "SKL": 4, "THNPBL": "2024", "Panjang": 1.3105472104576936, "SHAPE_Length": 0.011854813936998878 }, "geometry": { "type": "MultiLineString", "coordinates": [ [ [ 110.389343001000043, -6.951324697999951 ], [ 110.389511359000039, -6.951290894999943 ], [ 110.390225275000034, -6.951128492999942 ], [ 110.390279828000075, -6.951103581999973 ], [ 110.390361876000043, -6.951027515999954 ], [ 110.390472300000056, -6.950940524999965 ], [ 110.390467815000079, -6.950857022999969 ], [ 110.390461470000048, -6.950848935999943 ], [ 110.389818926000089, -6.949860991999969 ], [ 110.389735046000055, -6.949745901999961 ], [ 110.389522322000062, -6.949439196999947 ], [ 110.389332937000063, -6.949157936999939 ], [ 110.389227261000087, -6.949026492999963 ], [ 110.389133044000062, -6.948894309999957 ], [ 110.389006533000043, -6.948706654999967 ], [ 110.388914235000072, -6.94859731899993 ], [ 110.388906478000081, -6.948576367999976 ], [ 110.388911437000047, -6.948561490999964 ], [ 110.388932423000085, -6.948538781999957 ], [ 110.388986070000044, -6.948495172999969 ], [ 110.389055306000046, -6.948434532999954 ], [ 110.389345687000059, -6.948190611999962 ], [ 110.389495281000052, -6.948081670999954 ], [ 110.389538434000087, -6.948049177999962 ], [ 110.389660250000077, -6.947936370999969 ], [ 110.389791631000037, -6.947836021999933 ], [ 110.389956575000042, -6.947709868999937 ], [ 110.390020833000051, -6.947656341999959 ], [ 110.390138796000087, -6.947558847999971 ], [ 110.390329650000069, -6.947400178999942 ], [ 110.390501325000059, -6.947254887999975 ], [ 110.390585716000089, -6.947189898999966 ], [ 110.390748692000045, -6.947103949999928 ], [ 110.390839775000074, -6.947049499999935 ], [ 110.391099600000075, -6.946895705999964 ], [ 110.391292314000054, -6.946780117999936 ], [ 110.391481181000074, -6.946675055999947 ], [ 110.391546848000075, -6.94664290999998 ], [ 110.39163745500008, -6.946586065999952 ], [ 110.391787985000065, -6.946493399999952 ], [ 110.39190590700008, -6.946428453999943 ], [ 110.392042540000034, -6.946340076999945 ], [ 110.392196888000058, -6.946258902999944 ], [ 110.392256330000066, -6.946224515999972 ], [ 110.392483625000068, -6.946073550999927 ], [ 110.392510222000055, -6.946064251999928 ], [ 110.392694473000063, -6.946383991999937 ], [ 110.392706639000039, -6.946422060999964 ], [ 110.392727440000044, -6.946450088999939 ], [ 110.392841383000075, -6.946608423999976 ], [ 110.392865431000075, -6.946646951999981 ], [ 110.393079106000073, -6.946995340999933 ], [ 110.39350502700006, -6.947728389999952 ], [ 110.394233859000053, -6.948938633999944 ], [ 110.394252794000067, -6.948927080999965 ] ] ] } },
{ "type": "Feature", "properties": { "OBJECTID": 31, "NAMOBJ": "Garis Pantai", "THNSBDATA": "2021", "SBDATA": 6, "SKL": 4, "THNPBL": "2024", "Panjang": 0.69397615418588543, "SHAPE_Length": 0.0062780004015169583 }, "geometry": { "type": "MultiLineString", "coordinates": [ [ [ 110.406992231000061, -6.950073446999966 ], [ 110.407003497000062, -6.950036713999964 ], [ 110.40695217800004, -6.949967406999974 ], [ 110.40702452000005, -6.949785266999982 ], [ 110.407096873000057, -6.94969359199996 ], [ 110.407237905000045, -6.949554812999963 ], [ 110.407306585000072, -6.949507709999978 ], [ 110.407480418000034, -6.949364212999967 ], [ 110.407566169000063, -6.949311442999942 ], [ 110.407566821000046, -6.949310061999938 ], [ 110.407544231000088, -6.949177214999963 ], [ 110.407563014000061, -6.949086802999943 ], [ 110.407593750000046, -6.948995974999946 ], [ 110.407593098000063, -6.948920203999933 ], [ 110.407645956000067, -6.948834585999975 ], [ 110.407970763000037, -6.94862805799994 ], [ 110.408293738000054, -6.948465059999933 ], [ 110.408652162000067, -6.948323525999967 ], [ 110.40874910000008, -6.948268670999937 ], [ 110.408788313000059, -6.948210112999959 ], [ 110.409129385000085, -6.948015058999943 ], [ 110.409182635000036, -6.947996720999981 ], [ 110.409386366000035, -6.947979366999959 ], [ 110.409461705000069, -6.947915831999978 ], [ 110.40990735400004, -6.947677582999972 ], [ 110.409949821000055, -6.947630348999951 ], [ 110.410039528000084, -6.947568909999973 ], [ 110.410062728000071, -6.947517155999947 ], [ 110.410068829000068, -6.947455454999954 ], [ 110.410053805000075, -6.947322635999967 ], [ 110.410108611000055, -6.94726451799994 ], [ 110.410075220000067, -6.947112052999955 ], [ 110.410081284000057, -6.946996687999956 ], [ 110.410289372000079, -6.946840794999957 ], [ 110.410460693000061, -6.94671944199996 ], [ 110.410862227000052, -6.946514213999933 ], [ 110.410988933000056, -6.946462460999953 ], [ 110.411160255000084, -6.946405352999932 ], [ 110.411295884000083, -6.946350030999952 ] ] ] } },
{ "type": "Feature", "properties": { "OBJECTID": 32, "NAMOBJ": "Garis Pantai", "THNSBDATA": "2021", "SBDATA": 6, "SKL": 4, "THNPBL": "2024", "Panjang": 4.9423344930508231, "SHAPE_Length": 0.044701269678052755 }, "geometry": { "type": "MultiLineString", "coordinates": [ [ [ 110.436401273000058, -6.951516847999926 ], [ 110.436409594000054, -6.951528740999947 ], [ 110.436411136000061, -6.951531003999946 ], [ 110.436411638000038, -6.95153154299993 ], [ 110.436412285000074, -6.951531830999954 ], [ 110.436412537000081, -6.951531615999954 ], [ 110.436412382000071, -6.951530885999944 ], [ 110.43641124800007, -6.951527114999976 ], [ 110.436407075000034, -6.951512330999947 ], [ 110.436404607000043, -6.951506264999978 ], [ 110.436402936000036, -6.951501237999935 ], [ 110.43639911300005, -6.951493454999934 ], [ 110.436393018000047, -6.951483036999946 ], [ 110.43637760200005, -6.951455734999968 ], [ 110.436362551000059, -6.951423765999948 ], [ 110.436342485000068, -6.951379585999973 ], [ 110.436332457000049, -6.951352648999944 ], [ 110.436327087000052, -6.951336846999936 ], [ 110.43632673500008, -6.951330383999959 ], [ 110.436330334000047, -6.951325362999967 ], [ 110.436356569000054, -6.951318213999969 ], [ 110.436376878000033, -6.951313960999926 ], [ 110.436409801000082, -6.951305593999962 ], [ 110.436417353000081, -6.951299499999948 ], [ 110.436423469000033, -6.951292326999976 ], [ 110.436424558000056, -6.951283353999941 ], [ 110.436423857000079, -6.951268274999961 ], [ 110.436423513000079, -6.951255350999929 ], [ 110.436424254000087, -6.951236324999968 ], [ 110.436424985000087, -6.951226273999964 ], [ 110.436426794000056, -6.951215505999926 ], [ 110.436430768000037, -6.951196842999934 ], [ 110.436436912000033, -6.951166335999972 ], [ 110.436460757000077, -6.951054715999931 ], [ 110.436505233000048, -6.950938090999955 ], [ 110.436532407000072, -6.950882090999926 ], [ 110.436535738000089, -6.950866386999962 ], [ 110.436530503000085, -6.950853061999965 ], [ 110.436527648000038, -6.950845922999974 ], [ 110.436529075000067, -6.950834977999932 ], [ 110.436545678000073, -6.950791313999957 ], [ 110.436552698000071, -6.950779833999945 ], [ 110.436567095000044, -6.950757234999969 ], [ 110.43657105300008, -6.950752213999976 ], [ 110.436579319000089, -6.95075006899998 ], [ 110.43658578700007, -6.950749358999929 ], [ 110.436595847000035, -6.95074901199996 ], [ 110.436608781000075, -6.95074866899995 ], [ 110.436619916000041, -6.950750117999974 ], [ 110.436633204000088, -6.950754440999958 ], [ 110.436658341000054, -6.950764163999963 ], [ 110.43666336800004, -6.950767041999939 ], [ 110.436665518000041, -6.950771352999936 ], [ 110.43666623200005, -6.950775661999955 ], [ 110.436663345000056, -6.950785709999934 ], [ 110.436661539000056, -6.950793964999946 ], [ 110.436652520000052, -6.950825545999976 ], [ 110.436648554000044, -6.950837028999956 ], [ 110.436642790000064, -6.950850842999955 ], [ 110.43660331500007, -6.950917306999941 ], [ 110.436595700000055, -6.950943956999936 ], [ 110.436600459000033, -6.950973461999979 ], [ 110.436568099000056, -6.951108139999974 ], [ 110.436556439000071, -6.951198416999944 ], [ 110.436571668000056, -6.951390676999949 ], [ 110.436587848000045, -6.95149727699993 ], [ 110.43661747200008, -6.951567137999973 ], [ 110.436623897000061, -6.951574989999926 ], [ 110.436632106000047, -6.951576774999978 ], [ 110.436685287000046, -6.951554288999944 ], [ 110.43668849900007, -6.951548577999972 ], [ 110.436687785000061, -6.951538226999958 ], [ 110.436648881000053, -6.951462917999947 ], [ 110.436629608000032, -6.951429366999946 ], [ 110.43662461100007, -6.951405096999963 ], [ 110.43661390300008, -6.951299804999962 ], [ 110.436605149000059, -6.951189235999948 ], [ 110.436606114000085, -6.951178024999933 ], [ 110.436610102000088, -6.951147634999927 ], [ 110.436659946000077, -6.950997732999951 ], [ 110.436693731000048, -6.950913189999937 ], [ 110.436719174000075, -6.950867268999957 ], [ 110.436757570000054, -6.950805087999981 ], [ 110.436774850000063, -6.950776149999967 ], [ 110.436854467000046, -6.950650688999929 ], [ 110.43688078100007, -6.950593667999954 ], [ 110.436975017000066, -6.950428160999934 ], [ 110.437003183000058, -6.950388947999954 ], [ 110.437045610000041, -6.95028033899996 ], [ 110.437054788000069, -6.950215729999968 ], [ 110.437057224000057, -6.950181268999927 ], [ 110.437057265000078, -6.950146805999964 ], [ 110.437057780000089, -6.950116650999973 ], [ 110.437055878000081, -6.95010468199996 ], [ 110.437058770000078, -6.950089846999958 ], [ 110.437064531000033, -6.950079322999954 ], [ 110.437079419000042, -6.95004727099996 ], [ 110.437095279000062, -6.950003252999977 ], [ 110.437103447000084, -6.949982200999955 ], [ 110.43710346000006, -6.949971191999964 ], [ 110.437098717000083, -6.949931935999928 ], [ 110.437092054000061, -6.949895549999951 ], [ 110.437086803000057, -6.949879747999944 ], [ 110.437073445000067, -6.949833779999949 ], [ 110.437062963000074, -6.949786379999978 ], [ 110.437053695000088, -6.949749646999976 ], [ 110.437045462000071, -6.94972378999995 ], [ 110.437036155000044, -6.949695417999976 ], [ 110.437023984000064, -6.949658785999929 ], [ 110.437015037000037, -6.949629336999976 ], [ 110.437008246000062, -6.949600250999936 ], [ 110.437002886000073, -6.949575832999926 ], [ 110.436998238000058, -6.94955644099997 ], [ 110.436993948000065, -6.949539203999962 ], [ 110.436989671000049, -6.94952705299994 ], [ 110.436982862000036, -6.949512684999945 ], [ 110.436961722000035, -6.949464913999975 ], [ 110.436953479000067, -6.949447671999962 ], [ 110.436949177000088, -6.949440127999935 ], [ 110.436942360000046, -6.949432221999928 ], [ 110.436929086000077, -6.949416409999969 ], [ 110.436915813000041, -6.949399880999977 ], [ 110.436896802000035, -6.949374727999952 ], [ 110.436879941000086, -6.949354245999928 ], [ 110.436843344000067, -6.949313635999943 ], [ 110.436809615000072, -6.949278054999979 ], [ 110.436783063000064, -6.949249662999932 ], [ 110.436763695000081, -6.949222714999962 ], [ 110.436735003000081, -6.94918103699996 ], [ 110.436716712000077, -6.949154090999969 ], [ 110.436704873000053, -6.949140075999935 ], [ 110.436686571000052, -6.949122462999981 ], [ 110.436663604000046, -6.949100536999936 ], [ 110.436636331000045, -6.949074297999971 ], [ 110.436614083000052, -6.94905201399996 ], [ 110.436602242000049, -6.94903979399993 ], [ 110.436593268000081, -6.949033679999957 ], [ 110.436581420000039, -6.949026844999935 ], [ 110.436573520000081, -6.949023963999934 ], [ 110.436563466000052, -6.949018925999951 ], [ 110.436562040000069, -6.949009948999958 ], [ 110.436562768000044, -6.949002051999969 ], [ 110.436564935000035, -6.948992002999944 ], [ 110.436564587000078, -6.948982309999963 ], [ 110.436562080000044, -6.94897584499995 ], [ 110.436548090000088, -6.948958236999943 ], [ 110.436534815000073, -6.948942784999929 ], [ 110.436522976000049, -6.948928769999952 ], [ 110.436513289000061, -6.948917628999936 ], [ 110.43650432000004, -6.948906848999968 ], [ 110.436494989000039, -6.948899298999947 ], [ 110.436485289000075, -6.948898927999949 ], [ 110.436477741000033, -6.948901790999969 ], [ 110.436468041000069, -6.948901061999948 ], [ 110.436461218000034, -6.948898540999949 ], [ 110.436450090000051, -6.948891346999972 ], [ 110.436437162000061, -6.948885946999951 ], [ 110.436431054000082, -6.94888629899998 ], [ 110.43642350500005, -6.948890238999979 ], [ 110.436417032000065, -6.948895974999971 ], [ 110.436411996000061, -6.948900635999962 ], [ 110.436407323000083, -6.948903142999939 ], [ 110.436400498000069, -6.948902057999931 ], [ 110.436391882000066, -6.948896662999971 ], [ 110.436380752000048, -6.948890546999962 ], [ 110.436364235000042, -6.948882628999968 ], [ 110.436355619000039, -6.948877233999951 ], [ 110.436349518000043, -6.948872200999972 ], [ 110.436340186000052, -6.948864650999951 ], [ 110.436329063000073, -6.948852790999979 ], [ 110.436316501000078, -6.94884200599995 ], [ 110.43630621300008, -6.948832539999955 ], [ 110.436296642000059, -6.948825348999947 ], [ 110.436289457000044, -6.948824861999981 ], [ 110.436280353000086, -6.948826765999968 ], [ 110.436270769000089, -6.948829625999963 ], [ 110.436263103000044, -6.948831531999929 ], [ 110.436255918000086, -6.94883056599997 ], [ 110.436248262000049, -6.948823854999944 ], [ 110.436232948000054, -6.948811391999925 ], [ 110.436214287000041, -6.948794137999926 ], [ 110.436204238000073, -6.948785509999936 ], [ 110.436198501000035, -6.948775929999954 ], [ 110.436199469000087, -6.948767793999934 ], [ 110.436199490000035, -6.948749604999932 ], [ 110.43619758300008, -6.948742422999942 ], [ 110.436189450000086, -6.948733796999932 ], [ 110.436180361000083, -6.948722776999944 ], [ 110.436162182000089, -6.948702651999952 ], [ 110.436138738000068, -6.948679647999938 ], [ 110.43611816300006, -6.948659997999926 ], [ 110.436095197000043, -6.948637473999952 ], [ 110.436060740000073, -6.948610148999933 ], [ 110.436024366000083, -6.948583779999979 ], [ 110.43598942400007, -6.948560761999943 ], [ 110.435961184000064, -6.948542060999955 ], [ 110.435936306000087, -6.948516661999975 ], [ 110.435900901000082, -6.94848024199996 ], [ 110.435878417000083, -6.948455324999941 ], [ 110.435856886000067, -6.948434237999948 ], [ 110.435844931000076, -6.948417469999981 ], [ 110.435834890000081, -6.948401183999977 ], [ 110.435822462000033, -6.94837962899993 ], [ 110.435812423000073, -6.948362385999928 ], [ 110.435806209000077, -6.948351368999965 ], [ 110.435801912000045, -6.94833891899998 ], [ 110.435801921000063, -6.948331738999968 ], [ 110.43580576100004, -6.948324562999971 ], [ 110.435811997000087, -6.948317869999926 ], [ 110.435823984000081, -6.948308310999948 ], [ 110.435836454000082, -6.948295401999928 ], [ 110.435849875000088, -6.948288237999975 ], [ 110.435861859000056, -6.948280592999936 ], [ 110.435870972000089, -6.948271509999927 ], [ 110.435876251000082, -6.948262899999975 ], [ 110.435876259000054, -6.948256198999957 ], [ 110.43586909000004, -6.948242308999966 ], [ 110.435864312000035, -6.948232250999979 ], [ 110.435856668000042, -6.948215488999949 ], [ 110.435849490000066, -6.948209257999963 ], [ 110.435840392000046, -6.948206374999927 ], [ 110.435828896000089, -6.948205882999957 ], [ 110.43582267000005, -6.948204917999931 ], [ 110.435815494000053, -6.94819677199996 ], [ 110.435808795000071, -6.948190541999963 ], [ 110.435796818000085, -6.948191963999932 ], [ 110.43579154400004, -6.948195786999975 ], [ 110.435789140000054, -6.948203441999965 ], [ 110.435796302000085, -6.948223075999977 ], [ 110.435802037000087, -6.948234570999944 ], [ 110.435806338000077, -6.948242712999956 ], [ 110.435813032000056, -6.948252772999979 ], [ 110.435815418000061, -6.948260912999956 ], [ 110.435815411000078, -6.948266656999976 ], [ 110.435805340000059, -6.948276217999933 ], [ 110.435795751000057, -6.948283386999947 ], [ 110.435783766000043, -6.94829103099994 ], [ 110.435771302000035, -6.948299152999937 ], [ 110.435761236000076, -6.94830488499997 ], [ 110.435750695000081, -6.948307265999972 ], [ 110.435741595000081, -6.948305818999927 ], [ 110.435735374000046, -6.94830006799998 ], [ 110.435731074000046, -6.948290967999981 ], [ 110.43572725100006, -6.948283783999955 ], [ 110.435720078000088, -6.948273244999939 ], [ 110.435712427000055, -6.94826222599994 ], [ 110.435703341000078, -6.948248812999964 ], [ 110.435693299000036, -6.94823396299995 ], [ 110.435682300000053, -6.948219110999958 ], [ 110.435669374000042, -6.948212393999938 ], [ 110.435656443000084, -6.948210463999942 ], [ 110.435643507000066, -6.948211884999978 ], [ 110.43561906900004, -6.948219035999955 ], [ 110.43560853200006, -6.948217586999931 ], [ 110.435601831000042, -6.948212792999925 ], [ 110.43559130400007, -6.948203684999953 ], [ 110.435585565000054, -6.948195540999961 ], [ 110.435578035000049, -6.948183206999943 ], [ 110.435578157000066, -6.948182057999929 ], [ 110.435574582000072, -6.948166975999925 ], [ 110.435574590000044, -6.94815979599997 ], [ 110.435584664000089, -6.948148319999973 ], [ 110.435595452000086, -6.948139716999947 ], [ 110.435614860000044, -6.948133277999943 ], [ 110.435643617000039, -6.948119670999972 ], [ 110.43566375000006, -6.948108206999962 ], [ 110.435681012000089, -6.948093867999944 ], [ 110.43568246600006, -6.948079509999957 ], [ 110.435673856000051, -6.948069446999966 ], [ 110.435657335000087, -6.948064401999943 ], [ 110.43564008900006, -6.948065816999929 ], [ 110.435619238000072, -6.94807727999995 ], [ 110.435602700000061, -6.948087311999927 ], [ 110.435578972000087, -6.948100925999938 ], [ 110.435570339000037, -6.948109531999933 ], [ 110.435559561000048, -6.948109518999956 ], [ 110.435540192000076, -6.948083647999965 ], [ 110.43553087500004, -6.948063532999981 ], [ 110.435527296000089, -6.948052040999926 ], [ 110.435530907000043, -6.948036248999927 ], [ 110.43554314000005, -6.948021185999949 ], [ 110.435558241000081, -6.948011151999935 ], [ 110.435581251000087, -6.947997537999981 ], [ 110.435598509000044, -6.947986070999946 ], [ 110.435608594000087, -6.947964542999955 ], [ 110.435613648000071, -6.947944444999962 ], [ 110.435611511000047, -6.947928646999969 ], [ 110.435604825000041, -6.947911645999966 ], [ 110.435602682000081, -6.94790087399997 ], [ 110.435609164000084, -6.947888675999934 ], [ 110.435619961000043, -6.947872174999929 ], [ 110.435619257000042, -6.947859967999932 ], [ 110.435611366000046, -6.947849906999977 ], [ 110.435597726000083, -6.947839119999969 ], [ 110.435584805000076, -6.947829052999964 ], [ 110.435581943000045, -6.947818997999946 ], [ 110.435586994000062, -6.947801053999967 ], [ 110.435590607000051, -6.947783826999967 ], [ 110.435587028000043, -6.947772333999978 ], [ 110.435575540000059, -6.947765140999934 ], [ 110.435564760000034, -6.947766563999949 ], [ 110.435553968000079, -6.94777875699998 ], [ 110.435543173000042, -6.94779310399997 ], [ 110.435530939000046, -6.947808884999972 ], [ 110.435514388000058, -6.947829686999967 ], [ 110.435504321000053, -6.947836136999967 ], [ 110.435492107000073, -6.947834686999954 ], [ 110.435477025000068, -6.947828924999953 ], [ 110.43546481900006, -6.94782172999993 ], [ 110.435453332000066, -6.947813100999952 ], [ 110.435445438000045, -6.947805192999965 ], [ 110.435444731000075, -6.947795140999972 ], [ 110.435451216000047, -6.947780070999954 ], [ 110.435460579000051, -6.94776213199998 ], [ 110.435464190000062, -6.947746339999981 ], [ 110.43545989100005, -6.947736282999927 ], [ 110.435447684000053, -6.947729088999949 ], [ 110.435431157000039, -6.947729786999957 ], [ 110.435414629000036, -6.947731921999946 ], [ 110.435400266000045, -6.947725442999968 ], [ 110.435385905000089, -6.947716809999974 ], [ 110.435373704000085, -6.947705306999978 ], [ 110.435364380000067, -6.947690935999958 ], [ 110.435357207000038, -6.947680875999936 ], [ 110.435348593000072, -6.947673685999973 ], [ 110.435340691000079, -6.947672239999974 ], [ 110.435327751000045, -6.947677250999959 ], [ 110.435321276000082, -6.947684422999941 ], [ 110.435315514000081, -6.947695903999943 ], [ 110.435306867000065, -6.947716714999956 ], [ 110.435300386000051, -6.947728195999957 ], [ 110.435291762000077, -6.947729620999951 ], [ 110.435274520000064, -6.947727446999977 ], [ 110.435252247000051, -6.947725983999931 ], [ 110.435235001000081, -6.947727399999962 ], [ 110.43522708900008, -6.947733851999942 ], [ 110.435217014000045, -6.947747481999954 ], [ 110.435201912000082, -6.947758233999934 ], [ 110.435186096000052, -6.947764676999952 ], [ 110.435163807000038, -6.947776855999962 ], [ 110.435153013000047, -6.947790484999928 ], [ 110.435017920000064, -6.947742610999967 ], [ 110.434982614000035, -6.947772267999937 ], [ 110.434974125000053, -6.947768013999962 ], [ 110.434953298000039, -6.947759373999929 ], [ 110.434932471000081, -6.947750732999964 ], [ 110.434913800000061, -6.947741376999943 ], [ 110.434889382000051, -6.947732013999939 ], [ 110.434870707000073, -6.947726246999935 ], [ 110.434857064000084, -6.947718093999981 ], [ 110.43485372400005, -6.94770755899998 ], [ 110.434848947000035, -6.947696543999939 ], [ 110.434843206000039, -6.947689835999938 ], [ 110.434831234000058, -6.947687428999927 ], [ 110.434818303000043, -6.947685019999938 ], [ 110.434804414000041, -6.947683088999952 ], [ 110.434792439000034, -6.947682116999943 ], [ 110.434782382000037, -6.947680190999961 ], [ 110.434777120000035, -6.947673961999953 ], [ 110.434776654000075, -6.947663430999967 ], [ 110.434775714000068, -6.947648590999961 ], [ 110.434773808000045, -6.94763997299998 ], [ 110.43476998400007, -6.947633266999958 ], [ 110.434763763000035, -6.947627515999955 ], [ 110.434747962000074, -6.947621752999964 ], [ 110.434727853000084, -6.947614069999929 ], [ 110.434711093000033, -6.947608784999943 ], [ 110.43469433000007, -6.947606371999939 ], [ 110.434688109000035, -6.947601577999933 ], [ 110.434686680000084, -6.947594395999943 ], [ 110.434691006000037, -6.947582434999958 ], [ 110.434698223000055, -6.947555637999926 ], [ 110.434701595000035, -6.947539845999927 ], [ 110.43470257000007, -6.947525965999944 ], [ 110.434695869000052, -6.947521171999938 ], [ 110.434687250000081, -6.947518289999948 ], [ 110.434678634000079, -6.947513013999981 ], [ 110.434675294000044, -6.947502000999975 ], [ 110.434673395000061, -6.947488116999978 ], [ 110.434671015000049, -6.947475190999967 ], [ 110.434663841000088, -6.947465608999948 ], [ 110.434649955000054, -6.947460805999981 ], [ 110.434630322000089, -6.94745551699998 ], [ 110.434615472000075, -6.947455498999943 ], [ 110.434604926000077, -6.947462187999975 ], [ 110.434597250000081, -6.947471751999956 ], [ 110.434585257000037, -6.94748657599996 ], [ 110.434574699000052, -6.947502837999934 ], [ 110.434563663000063, -6.947518141999979 ], [ 110.434555998000064, -6.947519089999957 ], [ 110.434546423000086, -6.947514291999937 ], [ 110.434529672000053, -6.947502305999933 ], [ 110.434511483000051, -6.94749031799995 ], [ 110.434499996000056, -6.947482166999976 ], [ 110.434496171000035, -6.947476417999951 ], [ 110.434495221000077, -6.947469715999944 ], [ 110.434498588000054, -6.947458231999974 ], [ 110.434502916000042, -6.947443876999955 ], [ 110.434506284000065, -6.947431435999931 ], [ 110.434507736000057, -6.947419470999932 ], [ 110.434502473000066, -6.947413720999975 ], [ 110.434490985000082, -6.947406526999941 ], [ 110.434477105000042, -6.94739693799994 ], [ 110.43446322300008, -6.947388783999941 ], [ 110.434452691000047, -6.947383984999931 ], [ 110.434446939000054, -6.947386370999936 ], [ 110.434437828000057, -6.947394975999941 ], [ 110.434428237000077, -6.947403579999957 ], [ 110.434421046000068, -6.947408358999951 ], [ 110.434413861000053, -6.947407870999939 ], [ 110.434407637000049, -6.947405470999968 ], [ 110.434400460000063, -6.947398281999938 ], [ 110.434377486000074, -6.947382936999929 ], [ 110.434309994000046, -6.947340734999955 ], [ 110.434263562000069, -6.947312916999977 ], [ 110.434236756000075, -6.94729708899996 ], [ 110.434225747000085, -6.947290374999966 ], [ 110.434221445000048, -6.947282231999964 ], [ 110.434221458000081, -6.947271701999966 ], [ 110.434223864000046, -6.947262130999945 ], [ 110.43423731200005, -6.94723246999996 ], [ 110.434241639000049, -6.947219072999928 ], [ 110.434242615000073, -6.947204713999952 ], [ 110.434236396000074, -6.947197526999958 ], [ 110.434224904000075, -6.947193683999956 ], [ 110.434210059000065, -6.947189836999939 ], [ 110.43419569200006, -6.947186468999973 ], [ 110.434190905000037, -6.947184548999928 ], [ 110.434188038000059, -6.947177843999953 ], [ 110.43418709000008, -6.947169705999954 ], [ 110.434184706000053, -6.947160129999929 ], [ 110.434175184000082, -6.94711177399995 ], [ 110.434151803000077, -6.947002075999933 ], [ 110.434144710000055, -6.946964564999973 ], [ 110.434143523000046, -6.946956485999976 ], [ 110.43414352700006, -6.946952596999949 ], [ 110.43414742300007, -6.946949609999933 ], [ 110.434169586000053, -6.946942156999967 ], [ 110.434193248000042, -6.946934107999937 ], [ 110.434214214000065, -6.946926653999981 ], [ 110.434227392000082, -6.94692218199998 ], [ 110.434233382000059, -6.946920693999971 ], [ 110.434238471000072, -6.946920998999929 ], [ 110.434243559000038, -6.946921901999929 ], [ 110.434255532000066, -6.94692460899995 ], [ 110.434289055000079, -6.946931230999951 ], [ 110.434333954000067, -6.946939062999945 ], [ 110.434308388000034, -6.946979556999963 ], [ 110.434383677000085, -6.946993190999933 ], [ 110.43438930800005, -6.947061301999952 ], [ 110.434436359000074, -6.947058031999973 ], [ 110.434462634000056, -6.947056206999946 ], [ 110.434483409000052, -6.947054762999926 ], [ 110.43455038500008, -6.947016643999973 ], [ 110.434564813000065, -6.946964096999977 ], [ 110.434731408000061, -6.946984300999929 ], [ 110.43476514300005, -6.947018902999957 ], [ 110.434792381000079, -6.947053731999972 ], [ 110.434897249000073, -6.947076090999929 ], [ 110.434876663000068, -6.947138611999947 ], [ 110.434912967000059, -6.947153607999951 ], [ 110.434927849000076, -6.947114054999929 ], [ 110.435035285000083, -6.947116808999965 ], [ 110.435074796000038, -6.947037363999925 ], [ 110.435095495000041, -6.946978091999938 ], [ 110.435064857000043, -6.946903237999948 ], [ 110.435096035000072, -6.946908443999973 ], [ 110.435113852000086, -6.94691133799995 ], [ 110.435121467000045, -6.946912064999935 ], [ 110.435131097000067, -6.946910783999954 ], [ 110.435134404000053, -6.946909063999954 ], [ 110.435137715000053, -6.946904472999961 ], [ 110.435143330000074, -6.946895719999929 ], [ 110.435153407000087, -6.946881228999928 ], [ 110.435166939000055, -6.946860853999965 ], [ 110.435178745000087, -6.946842582999977 ], [ 110.435181048000061, -6.946839857999976 ], [ 110.435183778000066, -6.946839860999944 ], [ 110.435186220000048, -6.946841012999926 ], [ 110.435189379000064, -6.946842882999931 ], [ 110.435191819000067, -6.946845039999971 ], [ 110.435195839000073, -6.946848203999934 ], [ 110.435199285000067, -6.946851223999943 ], [ 110.435205027000052, -6.946856112999967 ], [ 110.435210052000059, -6.946859851999932 ], [ 110.435213499000042, -6.946861866999939 ], [ 110.435215799000048, -6.946860863999973 ], [ 110.435217957000077, -6.946859143999973 ], [ 110.435220835000052, -6.946856274999959 ], [ 110.435222275000058, -6.946853117999979 ], [ 110.435221417000037, -6.946850387999973 ], [ 110.435218689000067, -6.946847799999944 ], [ 110.435219124000071, -6.946844641999974 ], [ 110.435221140000067, -6.946841628999948 ], [ 110.435225745000082, -6.946836176999966 ], [ 110.435228623000057, -6.946832446999963 ], [ 110.435231933000068, -6.946828573999937 ], [ 110.435235672000033, -6.94682613699996 ], [ 110.435239696000053, -6.946825997999952 ], [ 110.435242714000083, -6.946826432999956 ], [ 110.435246163000045, -6.946826149999936 ], [ 110.435248751000074, -6.946825290999925 ], [ 110.435251052000069, -6.94682342699997 ], [ 110.435255801000039, -6.946818119999932 ], [ 110.435260406000054, -6.946812668999939 ], [ 110.435269471000083, -6.946802914999978 ], [ 110.435277672000041, -6.946794738999927 ], [ 110.435295369000073, -6.94677681099995 ], [ 110.435305729000049, -6.946766339999954 ], [ 110.435316231000058, -6.946756013999959 ], [ 110.435325872000078, -6.946745972999963 ], [ 110.435331627000039, -6.946740379999937 ], [ 110.435340404000044, -6.94673062499993 ], [ 110.435349183000085, -6.946720296999956 ], [ 110.435356522000063, -6.946711401999949 ], [ 110.435363454000083, -6.946703272999969 ], [ 110.435368058000051, -6.946698683999955 ], [ 110.435372661000088, -6.946694811999976 ], [ 110.435377265000056, -6.946690509999939 ], [ 110.435381006000057, -6.946686492999959 ], [ 110.435380292000048, -6.946682614999929 ], [ 110.435377853000034, -6.946679309999979 ], [ 110.435374549000073, -6.946678730999963 ], [ 110.435371816000043, -6.946680594999975 ], [ 110.435369081000033, -6.946684037999944 ], [ 110.435365773000058, -6.94668704999998 ], [ 110.43536318200006, -6.946690492999949 ], [ 110.435358435000069, -6.946693789999927 ], [ 110.435355130000062, -6.946694359999981 ], [ 110.435351538000077, -6.94669306399993 ], [ 110.435347710000087, -6.946690378999961 ], [ 110.435303144000045, -6.946676144999969 ], [ 110.435310896000033, -6.946630501999948 ], [ 110.435285583000052, -6.946567766999976 ], [ 110.435249347000081, -6.94653771399993 ], [ 110.435210263000045, -6.94656305999996 ], [ 110.435188182000047, -6.946541181999976 ], [ 110.435180413000069, -6.946509477999939 ], [ 110.435231706000081, -6.946490366999967 ], [ 110.435232107000047, -6.946463705999975 ], [ 110.435178816000075, -6.946425597999962 ], [ 110.435140243000035, -6.946465581999973 ], [ 110.435085761000039, -6.946431511999947 ], [ 110.435071617000062, -6.946408023999936 ], [ 110.435095545000081, -6.946385864999968 ], [ 110.435138321000068, -6.94637238699994 ], [ 110.435126870000033, -6.946328462999929 ], [ 110.435142140000039, -6.946290982999926 ], [ 110.435174065000069, -6.946285000999978 ], [ 110.435171693000086, -6.946265851999954 ], [ 110.435165332000054, -6.946230218999972 ], [ 110.435234057000059, -6.946189339999933 ], [ 110.435253863000071, -6.946150471999943 ], [ 110.435243140000068, -6.946104387999981 ], [ 110.435243159000038, -6.946088233999944 ], [ 110.435250352000082, -6.946081659999948 ], [ 110.435252157000036, -6.946074482999961 ], [ 110.435253966000062, -6.94606371499998 ], [ 110.435262365000085, -6.946050561999925 ], [ 110.435285022000073, -6.946030723999968 ], [ 110.435311633000083, -6.94600993399996 ], [ 110.43532530300007, -6.945994872999961 ], [ 110.435328908000088, -6.945984106999958 ], [ 110.435338262000073, -6.945973347999939 ], [ 110.435401530000036, -6.94594183199996 ], [ 110.435421385000041, -6.945929090999925 ], [ 110.435454944000071, -6.945905197999934 ], [ 110.435485515000039, -6.945877112999938 ], [ 110.435526878000076, -6.945837672999971 ], [ 110.435544862000086, -6.94582034299998 ], [ 110.435555057000045, -6.945807191999961 ], [ 110.435573635000083, -6.945793451999975 ], [ 110.435584424000069, -6.945783891999952 ], [ 110.435593427000072, -6.945766550999963 ], [ 110.435602431000063, -6.945747414999971 ], [ 110.435610832000066, -6.945731868999928 ], [ 110.43561744200008, -6.945712131999926 ], [ 110.435624048000079, -6.945695984999929 ], [ 110.435625867000056, -6.945676840999965 ], [ 110.435625884000046, -6.945663078999928 ], [ 110.435622308000063, -6.945649313999979 ], [ 110.435615738000081, -6.945634945999927 ], [ 110.435610366000049, -6.945621177999953 ], [ 110.435607388000051, -6.945607412999948 ], [ 110.435611, -6.945591261999937 ], [ 110.435614007000083, -6.945580495999934 ], [ 110.435612225000057, -6.945567928999935 ], [ 110.435605652000049, -6.945557150999946 ], [ 110.435596086000089, -6.945544574999928 ], [ 110.435590717000082, -6.945528413999966 ], [ 110.43559312800005, -6.945514654999954 ], [ 110.435602121000045, -6.945505092999952 ], [ 110.435614109000085, -6.945494934999942 ], [ 110.435624305000033, -6.945480587999953 ], [ 110.435623726000074, -6.945463833999952 ], [ 110.435615367000082, -6.945444078999969 ], [ 110.435604012000056, -6.945425516999933 ], [ 110.435597444000052, -6.945409952999967 ], [ 110.435595062000061, -6.945399179999981 ], [ 110.435592080000049, -6.945389004999981 ], [ 110.435595094000064, -6.94537285399997 ], [ 110.435604084000033, -6.945365085999981 ], [ 110.435617266000065, -6.945357921999971 ], [ 110.435629249000044, -6.945351952999943 ], [ 110.435636440000053, -6.945347174999938 ], [ 110.435640041000056, -6.94534 ], [ 110.435638857000072, -6.945328629999949 ], [ 110.435636471000066, -6.945320848999927 ], [ 110.435625715000072, -6.945302287999937 ], [ 110.435613044000036, -6.945283484999948 ], [ 110.435610537000059, -6.94527666099998 ], [ 110.435611621000078, -6.945270918999938 ], [ 110.435616658000072, -6.945265180999968 ], [ 110.435623490000069, -6.945259803999932 ], [ 110.435632480000038, -6.945252993999929 ], [ 110.435643989000084, -6.945242955999959 ], [ 110.435655136000037, -6.945233993999977 ], [ 110.435667724000041, -6.945222520999948 ], [ 110.435678513000084, -6.945213558999967 ], [ 110.435686425000085, -6.945206746999929 ], [ 110.435690025000042, -6.945200289999946 ], [ 110.435679626000081, -6.945184122999933 ], [ 110.435667787000057, -6.945170107999957 ], [ 110.435617544000081, -6.945106167999938 ], [ 110.435681790000046, -6.945046680999951 ], [ 110.435725810000065, -6.945066906999955 ], [ 110.435777511000083, -6.945027324999955 ], [ 110.435726512000087, -6.944940925999958 ], [ 110.435711067000057, -6.944880178999938 ], [ 110.435681015000057, -6.944782637999936 ], [ 110.435696827000072, -6.944739450999975 ], [ 110.435745451000059, -6.944715530999929 ], [ 110.435714121000046, -6.944624267999927 ], [ 110.435703877000037, -6.944597979999969 ], [ 110.435673271000041, -6.944599048999976 ], [ 110.435650878000047, -6.944491912999979 ], [ 110.435673128000076, -6.944480477999946 ], [ 110.435662878000073, -6.944402890999982 ], [ 110.435606596000071, -6.944382810999969 ], [ 110.435554924000087, -6.944376687999977 ], [ 110.435558709000077, -6.944218009999929 ], [ 110.435559372000057, -6.944160697999962 ], [ 110.435633114000041, -6.944059530999937 ], [ 110.435697152000046, -6.943909407999968 ], [ 110.435714463000068, -6.943832861999965 ], [ 110.435810645000061, -6.943840161999958 ], [ 110.435815551000076, -6.943862907999971 ], [ 110.435891602000083, -6.943869309999968 ], [ 110.435917704000076, -6.943853742999977 ], [ 110.435909750000064, -6.943816715999958 ], [ 110.435897059000069, -6.943802825999967 ], [ 110.435889373000066, -6.943778904999931 ], [ 110.435853704000067, -6.943776038999943 ], [ 110.435836959000085, -6.943678032999969 ], [ 110.435891035000054, -6.943665292999981 ], [ 110.435909944000059, -6.943631517999961 ], [ 110.435990512000046, -6.943611383999951 ], [ 110.436047654000049, -6.943577590999951 ], [ 110.436018499000056, -6.943497159999936 ], [ 110.436140054000077, -6.94346417099996 ], [ 110.436180594000064, -6.943446200999972 ], [ 110.436202670000057, -6.943495714999926 ], [ 110.436296044000073, -6.943464736999942 ], [ 110.436293377000084, -6.943432935999965 ], [ 110.436384126000064, -6.943399123999939 ], [ 110.436370338000074, -6.94334764499996 ], [ 110.436476526000035, -6.943319254999949 ], [ 110.436459769000066, -6.943237936999935 ], [ 110.436600450000071, -6.943222365999929 ], [ 110.436640951000072, -6.943257563999964 ], [ 110.436648089000073, -6.943300394999937 ], [ 110.436737319000088, -6.943261133999954 ], [ 110.436680212000056, -6.943096950999973 ], [ 110.436733750000087, -6.943093381999972 ], [ 110.436606592000089, -6.942787816999953 ], [ 110.436352511000052, -6.942875295999954 ], [ 110.436330320000081, -6.942812119999928 ], [ 110.436650239000073, -6.942702356999973 ], [ 110.436786586000039, -6.94305865299998 ], [ 110.436918756000068, -6.943409764999956 ], [ 110.437214245000064, -6.944202831999974 ], [ 110.437384899000051, -6.944625877999954 ], [ 110.437583270000061, -6.945155872999976 ], [ 110.437696932000051, -6.945472990999974 ], [ 110.437863006000043, -6.945917513999973 ], [ 110.438064270000041, -6.946454069999959 ], [ 110.438170117000084, -6.946738153999945 ], [ 110.438322095000046, -6.947160518999965 ], [ 110.438455920000081, -6.947520899999972 ], [ 110.438592285000084, -6.947915831999978 ], [ 110.438701752000043, -6.948189130999936 ], [ 110.438744645000043, -6.948306421999973 ], [ 110.438886353000044, -6.948262249999971 ], [ 110.43903971800006, -6.948214633999953 ], [ 110.43893733200008, -6.947921817999941 ], [ 110.43887475400004, -6.947687468999959 ], [ 110.438848979000056, -6.947696741999948 ], [ 110.438814066000077, -6.947628300999952 ], [ 110.438793960000055, -6.947639236999976 ], [ 110.438749091000034, -6.947522652999965 ], [ 110.438734307000061, -6.947450094999965 ], [ 110.438772651000079, -6.947430993999944 ], [ 110.438752441000076, -6.947313362999978 ], [ 110.438669029000039, -6.947023165999951 ], [ 110.438544375000049, -6.94654388899994 ], [ 110.438421487000085, -6.946115178999946 ], [ 110.438272956000048, -6.945600762999959 ], [ 110.438175292000039, -6.945245780999926 ], [ 110.438062014000081, -6.944863365999936 ], [ 110.437899247000075, -6.944322800999942 ], [ 110.437755499000048, -6.943830867999964 ], [ 110.437635690000036, -6.943414039999936 ], [ 110.437442174000068, -6.942755972999976 ], [ 110.437329623000039, -6.942356212999925 ], [ 110.437316607000071, -6.942288718999976 ], [ 110.437374368000064, -6.942264052999974 ], [ 110.437536585000089, -6.942178448999925 ], [ 110.437819182000055, -6.942030019999947 ], [ 110.43824601700004, -6.941815266999981 ], [ 110.438306253000064, -6.941785184999958 ], [ 110.438350356000058, -6.941903553999964 ], [ 110.438299388000075, -6.941931979999936 ], [ 110.438268486000084, -6.941886427999975 ], [ 110.43826492900007, -6.941937179999968 ], [ 110.438237699000069, -6.941996752999955 ], [ 110.438227442000084, -6.942046405999974 ], [ 110.438238197000089, -6.942087332999961 ], [ 110.438263312000061, -6.942119762999937 ], [ 110.438295713000059, -6.942131954999979 ], [ 110.438316370000052, -6.942151217999935 ], [ 110.438327497000046, -6.942202789999953 ], [ 110.438314114000036, -6.942239229999927 ], [ 110.438285676000078, -6.942264204999958 ], [ 110.438292177000051, -6.942335922999973 ], [ 110.438287522000053, -6.942393374999938 ], [ 110.438266073000079, -6.942394870999976 ], [ 110.438234912000041, -6.942416373999947 ], [ 110.438267074000066, -6.942511149999973 ], [ 110.43831446300004, -6.942629622999959 ], [ 110.438353722000045, -6.942718458999934 ], [ 110.438364723000063, -6.942761378999933 ], [ 110.43836043500005, -6.942802327999971 ], [ 110.438016323000056, -6.94295221699997 ], [ 110.438021074000062, -6.94298572799994 ], [ 110.438057, -6.94298577099994 ], [ 110.438080888000059, -6.943038451999939 ], [ 110.438078456000085, -6.943069561999948 ], [ 110.438092773000051, -6.943115051999939 ], [ 110.438064012000041, -6.943131770999969 ], [ 110.438078329000064, -6.94317726099996 ], [ 110.438114258000041, -6.943174909999925 ], [ 110.438140544000078, -6.943225200999962 ], [ 110.438164503000053, -6.943218048999938 ], [ 110.438185985000075, -6.943280300999959 ], [ 110.438159622000057, -6.943294629999968 ], [ 110.438185874000055, -6.943373639999947 ], [ 110.438226599000075, -6.94336650799994 ], [ 110.438245734000077, -6.943388070999958 ], [ 110.438226557000064, -6.94340240799994 ], [ 110.438243288000081, -6.943431146999956 ], [ 110.43826004500005, -6.943438346999926 ], [ 110.438300779000087, -6.943424034999964 ], [ 110.438346223000053, -6.943476741999973 ], [ 110.438291091000053, -6.943514969999967 ], [ 110.438317402000052, -6.943543720999969 ], [ 110.438350874000037, -6.943594019999978 ], [ 110.438361301000043, -6.943675159999941 ], [ 110.438425546000076, -6.943639467999958 ], [ 110.438466832000074, -6.943733944999963 ], [ 110.438432097000089, -6.943771220999963 ], [ 110.438467927000033, -6.943852635999974 ], [ 110.438475078000067, -6.943881363999935 ], [ 110.438496634000046, -6.943881388999955 ], [ 110.438530043000071, -6.943984340999975 ], [ 110.43854917200008, -6.944010689999971 ], [ 110.438594557000044, -6.944113655999956 ], [ 110.438567533000082, -6.944125358999941 ], [ 110.438585280000041, -6.944210237999926 ], [ 110.438596816000086, -6.944228537999948 ], [ 110.438601538000057, -6.944285982999929 ], [ 110.438620616000037, -6.944355411999936 ], [ 110.438633176000053, -6.944355426999948 ], [ 110.438635823000084, -6.944402964999938 ], [ 110.438622914000064, -6.944408326999962 ], [ 110.438622086000066, -6.944494033999945 ], [ 110.438629516000049, -6.944550528999969 ], [ 110.438698041000066, -6.944543769999939 ], [ 110.438698754000086, -6.944626693999965 ], [ 110.43865887700008, -6.944641183999977 ], [ 110.438672902000064, -6.94469771699994 ], [ 110.438684832000035, -6.944736023999951 ], [ 110.438689589000035, -6.944764748999944 ], [ 110.438689546000035, -6.944800648999944 ], [ 110.438660774000084, -6.944826940999974 ], [ 110.438655855000036, -6.944867215999977 ], [ 110.438593270000069, -6.944872129999965 ], [ 110.438616354000033, -6.944923711999934 ], [ 110.438655887000039, -6.944908307999981 ], [ 110.438667473000066, -6.944904849999944 ], [ 110.438674270000035, -6.944941335999943 ], [ 110.438711904000058, -6.944956392999927 ], [ 110.438719175000074, -6.944992701999979 ], [ 110.438749210000083, -6.944980217999955 ], [ 110.438785125000038, -6.944989832999966 ], [ 110.438811327000053, -6.945111922999956 ], [ 110.438817732000075, -6.945124760999931 ], [ 110.438836873000071, -6.945128294999961 ], [ 110.438850355000056, -6.945191707999925 ], [ 110.438873438000087, -6.94524841499998 ], [ 110.438875027000051, -6.945287638999957 ], [ 110.438836541000057, -6.945297512999957 ], [ 110.438844798000048, -6.945509541999968 ], [ 110.438925406000067, -6.945498199999975 ], [ 110.438935783000034, -6.945607930999927 ], [ 110.438861694000082, -6.94563510699993 ], [ 110.438863361000074, -6.945667232999938 ], [ 110.438925639000047, -6.945662519999928 ], [ 110.439002109000057, -6.945808601999943 ], [ 110.438961673000051, -6.945828626999969 ], [ 110.438917725000067, -6.94586426799998 ], [ 110.438925839000035, -6.945950105999941 ], [ 110.438964231000057, -6.945941387999937 ], [ 110.43896961300004, -6.946056014999954 ], [ 110.439010671000062, -6.946059696999953 ], [ 110.439009181000074, -6.94594378499994 ], [ 110.439136957000073, -6.945940174999976 ], [ 110.439158759000065, -6.946100570999931 ], [ 110.439207362000047, -6.94610057899996 ], [ 110.439247173000069, -6.946141822999948 ], [ 110.439263960000062, -6.946183017999942 ], [ 110.439284177000047, -6.946275630999935 ], [ 110.439251079000087, -6.946326416999966 ], [ 110.439254878000042, -6.946435728999973 ], [ 110.43912940000007, -6.946456310999963 ], [ 110.43915233000007, -6.946575738999968 ], [ 110.439222592000078, -6.946609949999981 ], [ 110.43920470200004, -6.946644106999941 ], [ 110.439175695000074, -6.946683212999972 ], [ 110.439166833000058, -6.946700563999968 ], [ 110.43916654800006, -6.946716558999981 ], [ 110.439143861000048, -6.946717001999957 ], [ 110.439138893000063, -6.946714730999929 ], [ 110.439137375000087, -6.946692148999944 ], [ 110.439075498000079, -6.946695238999951 ], [ 110.439084777000062, -6.94678756299993 ], [ 110.439096062000033, -6.94684459299998 ], [ 110.43909663900007, -6.946883309999976 ], [ 110.439139578000038, -6.947029351999959 ], [ 110.439153182000041, -6.947112897999943 ], [ 110.439169682000056, -6.94717030399994 ], [ 110.439208872000052, -6.947168245999933 ], [ 110.439237497000079, -6.947266405999926 ], [ 110.439417178000042, -6.947225931999981 ], [ 110.439603998000052, -6.947161689999973 ], [ 110.439650972000038, -6.947145926999951 ], [ 110.439656297000056, -6.94716269099996 ], [ 110.439301532000059, -6.94728336999998 ], [ 110.439243512000075, -6.947306712999932 ], [ 110.439322731000061, -6.947475334999979 ], [ 110.439346123000064, -6.947510330999933 ], [ 110.439371329000039, -6.947597276999943 ], [ 110.439393288000076, -6.94764229499998 ], [ 110.439399936000086, -6.947776160999979 ], [ 110.439460246000067, -6.947779559999958 ], [ 110.439497409000069, -6.947855745999959 ], [ 110.439495600000043, -6.947982795999962 ], [ 110.439528340000038, -6.948085738999964 ], [ 110.439510280000036, -6.948105105999957 ], [ 110.439518043000078, -6.948148550999974 ], [ 110.439491449000059, -6.948161969999944 ], [ 110.439556128000049, -6.948344986999928 ], [ 110.439621125000087, -6.948596688999942 ], [ 110.439637521000066, -6.948708530999966 ], [ 110.439597099000082, -6.94874324999995 ], [ 110.43961269600004, -6.948832219999929 ], [ 110.439668544000085, -6.948821942999928 ], [ 110.439721013000053, -6.948953341999925 ], [ 110.439804650000042, -6.949202311999954 ], [ 110.439577897000049, -6.949266437999938 ], [ 110.439655904000062, -6.949592628999937 ], [ 110.439736062000065, -6.949920825999925 ], [ 110.439773125000045, -6.949909122999941 ], [ 110.439814689000059, -6.950026330999947 ], [ 110.439809640000078, -6.950120185999936 ], [ 110.439835706000054, -6.950210871999957 ], [ 110.439874148000058, -6.950238673999934 ] ] ] } },
{ "type": "Feature", "properties": { "OBJECTID": 33, "NAMOBJ": "Garis Pantai", "THNSBDATA": "2021", "SBDATA": 6, "SKL": 4, "THNPBL": "2024", "Panjang": 0.95244615609544603, "SHAPE_Length": 0.0086141478788635071 }, "geometry": { "type": "MultiLineString", "coordinates": [ [ [ 110.43299537200005, -6.946141342999965 ], [ 110.433010747000083, -6.946196718999943 ], [ 110.433067305000066, -6.946535934999929 ], [ 110.433135017000041, -6.946760633999929 ], [ 110.433282473000077, -6.947189600999934 ], [ 110.433320442000081, -6.947334404999935 ], [ 110.433417159000044, -6.94791125699993 ], [ 110.433367228000066, -6.948444571999971 ], [ 110.433290482000075, -6.948694978999981 ], [ 110.433247881000057, -6.948782655999935 ], [ 110.433241876000068, -6.948796709999954 ], [ 110.433097229000055, -6.948928146999947 ], [ 110.433347549000075, -6.949219392999964 ], [ 110.433370726000078, -6.949202828999944 ], [ 110.433422740000083, -6.94917656299998 ], [ 110.433462715000076, -6.949139442999979 ], [ 110.43348555700004, -6.949097564999931 ], [ 110.433514111000079, -6.949029035999956 ], [ 110.433540761000074, -6.948966217999953 ], [ 110.433560672000056, -6.948917972999936 ], [ 110.433562097000049, -6.94890758899993 ], [ 110.433562512000037, -6.948898897999925 ], [ 110.433529498000041, -6.948824068999954 ], [ 110.433722353000064, -6.948737387999927 ], [ 110.433755547000032, -6.948808697999937 ], [ 110.433759830000042, -6.94881060199998 ], [ 110.433766968000043, -6.948808221999968 ], [ 110.43379742500008, -6.948748259999945 ], [ 110.43381983200004, -6.94869158299997 ], [ 110.433864138000047, -6.948564995999959 ], [ 110.433909268000036, -6.948349658999973 ], [ 110.434353701000077, -6.948890517999928 ], [ 110.43550304200005, -6.95037204099998 ], [ 110.435525275000089, -6.950406530999942 ], [ 110.435547276000079, -6.95043551599997 ], [ 110.435568797000087, -6.950464500999942 ], [ 110.435593906000065, -6.950498275999962 ], [ 110.435626427000045, -6.950541872999963 ], [ 110.435661581000033, -6.950587866999967 ], [ 110.435698408000064, -6.950636494999969 ], [ 110.435990057000083, -6.951001617999964 ], [ 110.436038729000074, -6.951059234999946 ], [ 110.436076399000058, -6.951103914999976 ], [ 110.43611012100007, -6.951145717999964 ], [ 110.436136666000039, -6.951179734999926 ], [ 110.436164168000062, -6.951214948999962 ], [ 110.436196573000075, -6.951256152999974 ], [ 110.436227652000071, -6.951294601999962 ], [ 110.436253089000047, -6.951323746999947 ], [ 110.436279711000054, -6.951353897999979 ], [ 110.436304643000085, -6.95138501699995 ], [ 110.436324623000075, -6.951411175999965 ], [ 110.436349802000052, -6.951445992999936 ], [ 110.436372220000067, -6.951476677999949 ], [ 110.436382084000059, -6.951490510999975 ], [ 110.436391445000083, -6.95150319399994 ], [ 110.436401273000058, -6.951516847999926 ] ] ] } },
{ "type": "Feature", "properties": { "OBJECTID": 34, "NAMOBJ": "Garis Pantai", "THNSBDATA": "2021", "SBDATA": 6, "SKL": 4, "THNPBL": "2024", "Panjang": 0.66493379033907796, "SHAPE_Length": 0.0060144657037132215 }, "geometry": { "type": "MultiLineString", "coordinates": [ [ [ 110.443750807000072, -6.940469662999931 ], [ 110.44369726900004, -6.940437539999948 ], [ 110.443458796000073, -6.940281363999929 ], [ 110.44339745700006, -6.940376863999973 ], [ 110.443372472000078, -6.940359017999981 ], [ 110.443420515000071, -6.940256292999948 ], [ 110.443222558000059, -6.939984021999976 ], [ 110.443341863000057, -6.939602958999956 ], [ 110.442958520000047, -6.939218508999943 ], [ 110.442928761000076, -6.939177323999957 ], [ 110.443003418000046, -6.939118366999935 ], [ 110.443056956000078, -6.939129074999926 ], [ 110.443014126000037, -6.939043413999968 ], [ 110.443042679000087, -6.939007721999928 ], [ 110.442969302000051, -6.93895929599995 ], [ 110.443015733000038, -6.93891765099994 ], [ 110.443049818000077, -6.938943476999953 ], [ 110.443142617000035, -6.93887923099993 ], [ 110.443142617000035, -6.938818554999955 ], [ 110.443185447000076, -6.938786431999972 ], [ 110.44322827700006, -6.93876501699998 ], [ 110.443189016000076, -6.938704340999948 ], [ 110.443199724000067, -6.938672217999965 ], [ 110.443181139000046, -6.938599610999972 ], [ 110.443193249000046, -6.938556956999946 ], [ 110.443110644000058, -6.938565558999926 ], [ 110.443090321000057, -6.938474785999972 ], [ 110.443286905000036, -6.938373579999961 ], [ 110.443317507000074, -6.938436650999961 ], [ 110.443328215000065, -6.938468773999944 ], [ 110.443288953000035, -6.938515173999974 ], [ 110.443321076000075, -6.938547295999967 ], [ 110.443406737000089, -6.938497327999926 ], [ 110.443360337000058, -6.938458066999942 ], [ 110.443360337000058, -6.938415235999969 ], [ 110.443417553000074, -6.938349004999964 ], [ 110.443540333000044, -6.938344717999939 ], [ 110.443568488000039, -6.938332298999967 ], [ 110.443625160000067, -6.938235978999955 ], [ 110.443537043000049, -6.938250490999962 ], [ 110.443526279000082, -6.938214830999925 ], [ 110.443560212000079, -6.93812970099998 ], [ 110.443633554000087, -6.938067013999955 ], [ 110.44363740600005, -6.938095467999972 ], [ 110.443609451000043, -6.938113596999926 ], [ 110.443640996000056, -6.938198260999968 ], [ 110.443720846000076, -6.938192612999956 ], [ 110.44371368700007, -6.93824748399993 ], [ 110.443745810000053, -6.938272468999969 ], [ 110.443788640000037, -6.938265329999979 ], [ 110.443827901000077, -6.938233206999939 ], [ 110.443845747000069, -6.938208222999947 ], [ 110.443874301000051, -6.938165392999963 ], [ 110.443931408000083, -6.938179669999954 ], [ 110.443952823000075, -6.938229637999939 ], [ 110.443949254000074, -6.938261760999978 ], [ 110.443995653000059, -6.938258191999978 ], [ 110.444017068000051, -6.938222499999938 ], [ 110.444024207000041, -6.938158253999973 ], [ 110.444049191000033, -6.93809400899994 ], [ 110.444095591000064, -6.938051178999956 ], [ 110.444106298000065, -6.938004778999925 ], [ 110.44412098500004, -6.937944215999948 ], [ 110.444137220000073, -6.937917918999972 ], [ 110.444135924000079, -6.937880799999959 ], [ 110.444160226000065, -6.93783992699997 ], [ 110.444211473000053, -6.937833848999958 ], [ 110.444220512000072, -6.937904841999966 ], [ 110.444220512000072, -6.937940533999949 ], [ 110.444188390000079, -6.938008347999926 ], [ 110.444174113000088, -6.938072593999948 ], [ 110.444131283000047, -6.938101146999941 ], [ 110.444081314000073, -6.938193945999956 ] ] ] } },
{ "type": "Feature", "properties": { "OBJECTID": 35, "NAMOBJ": "Garis Pantai", "THNSBDATA": "2021", "SBDATA": 6, "SKL": 4, "THNPBL": "2024", "Panjang": 0.09442284096454949, "SHAPE_Length": 0.00085404996729742679 }, "geometry": { "type": "MultiLineString", "coordinates": [ [ [ 110.444081314000073, -6.938193945999956 ], [ 110.44416340500004, -6.938265329999979 ], [ 110.444108694000079, -6.938289432999966 ], [ 110.444185445000073, -6.93845278699996 ], [ 110.444218560000081, -6.938461473999951 ], [ 110.444259774000045, -6.938440220999951 ], [ 110.444272097000066, -6.938359676999937 ], [ 110.444320450000077, -6.938365267999927 ], [ 110.444334727000069, -6.938329575999944 ], [ 110.444341865000069, -6.938301021999962 ], [ 110.444402541000045, -6.938304590999962 ], [ 110.444381126000053, -6.938468773999944 ] ] ] } },
{ "type": "Feature", "properties": { "OBJECTID": 36, "NAMOBJ": "Garis Pantai", "THNSBDATA": "2021", "SBDATA": 6, "SKL": 4, "THNPBL": "2024", "Panjang": 8.0849186803171129, "SHAPE_Length": 0.073134426484312273 }, "geometry": { "type": "MultiLineString", "coordinates": [ [ [ 110.445149550000053, -6.940982567999981 ], [ 110.444984590000047, -6.94143973499996 ], [ 110.445011158000057, -6.941495250999935 ], [ 110.444852038000079, -6.941932491999978 ], [ 110.444688367000083, -6.942321291999974 ], [ 110.44452011900006, -6.942824604999942 ], [ 110.444499470000039, -6.942888219999929 ], [ 110.444442562000063, -6.942895924999959 ], [ 110.44437084100008, -6.943072131999941 ], [ 110.444314812000073, -6.943196675999957 ], [ 110.444278087000043, -6.943302983999956 ], [ 110.443924527000036, -6.944185700999981 ], [ 110.443908056000055, -6.944228167999938 ], [ 110.443894630000045, -6.944269732999942 ], [ 110.443760087000044, -6.944550675999949 ], [ 110.443792243000075, -6.944586710999943 ], [ 110.443661002000056, -6.944993014999966 ], [ 110.443473329000085, -6.945431252999981 ], [ 110.443381368000075, -6.945663170999978 ], [ 110.443907687000035, -6.945753426999943 ], [ 110.444230677000064, -6.945833630999971 ], [ 110.444243060000076, -6.945778879999978 ], [ 110.444384695000053, -6.94586413899998 ], [ 110.444961023000076, -6.945953926999948 ], [ 110.444998478000059, -6.946044101999973 ], [ 110.445012428000041, -6.946197991999952 ], [ 110.445008186000052, -6.946403975999942 ], [ 110.444996900000035, -6.946490134999976 ], [ 110.445070976000068, -6.94656473699996 ], [ 110.445123518000059, -6.946702898999945 ], [ 110.445098534000067, -6.946735021999928 ], [ 110.445056772000044, -6.946731045999968 ], [ 110.44504167100007, -6.946871655999928 ], [ 110.445034473000078, -6.94707488499995 ], [ 110.444967014000042, -6.947271640999929 ], [ 110.444909366000047, -6.947441721999951 ], [ 110.44480573900006, -6.94739113299994 ], [ 110.444654154000034, -6.947378780999941 ], [ 110.444320450000077, -6.94727753899997 ], [ 110.443897281000034, -6.947174631999928 ], [ 110.443704178000075, -6.947129915999938 ], [ 110.443248943000071, -6.947028600999943 ], [ 110.442851774000076, -6.94693634999993 ], [ 110.44267132300007, -6.947427509999955 ], [ 110.44246662900008, -6.947957939999981 ], [ 110.442231337000067, -6.948555304999957 ], [ 110.44214542800006, -6.948771744999931 ], [ 110.442146812000033, -6.948883674999934 ], [ 110.442136105000088, -6.948972904999948 ], [ 110.442078997000067, -6.949037149999981 ], [ 110.442029029000082, -6.949115671999948 ], [ 110.441936402000067, -6.949226109999927 ], [ 110.441810507000071, -6.949393345999965 ], [ 110.44176714200006, -6.949513787999933 ], [ 110.44162927900004, -6.950097199999959 ], [ 110.44167567900007, -6.950115045999951 ], [ 110.441729217000045, -6.950075784999967 ], [ 110.441772047000086, -6.949968708999961 ], [ 110.441793462000078, -6.949840217999963 ], [ 110.441793462000078, -6.949790249999978 ], [ 110.44181487700007, -6.94976883399994 ], [ 110.44181844700006, -6.949672465999981 ], [ 110.441918384000076, -6.949654619999933 ], [ 110.441943368000068, -6.949711726999965 ], [ 110.442011183000034, -6.949679604999972 ], [ 110.44215395100008, -6.949629635999941 ], [ 110.442325272000062, -6.949579666999966 ], [ 110.442518008000036, -6.949501144999942 ], [ 110.442589392000059, -6.949508282999943 ], [ 110.442842804000065, -6.949447606999968 ], [ 110.442878496000048, -6.949390499999936 ], [ 110.443324645000075, -6.94932982399996 ], [ 110.44372082600006, -6.949315546999969 ], [ 110.444088452000074, -6.949340530999962 ], [ 110.444570293000083, -6.949436899999966 ], [ 110.444948627000088, -6.949543974999926 ], [ 110.445323393000081, -6.949718865999955 ], [ 110.445862340000076, -6.949972277999962 ], [ 110.445937294000089, -6.950018677999935 ], [ 110.445972985000083, -6.950011538999945 ], [ 110.446144307000054, -6.950075784999967 ], [ 110.446215690000088, -6.950125753999941 ], [ 110.446415565000052, -6.950218552999957 ], [ 110.446601163000082, -6.950304212999981 ], [ 110.446710111000073, -6.95015185099993 ], [ 110.44679072200006, -6.950198130999979 ], [ 110.447078029000068, -6.950330846999975 ], [ 110.447104492000051, -6.950346817999957 ], [ 110.447614814000076, -6.950036523999927 ], [ 110.447743304000085, -6.949965139999961 ], [ 110.447768289000066, -6.950004400999944 ], [ 110.447780480000063, -6.950012382999944 ], [ 110.44809665400004, -6.950125753999941 ], [ 110.448128777000079, -6.950129322999942 ], [ 110.448100224000086, -6.950286366999933 ], [ 110.448093085000039, -6.950457687999972 ], [ 110.448107362000087, -6.950536210999928 ], [ 110.448339827000041, -6.951002839999944 ], [ 110.448401456000056, -6.951033715999927 ], [ 110.448434249000059, -6.95105082799995 ], [ 110.448445912000068, -6.950998729999981 ], [ 110.448517295000045, -6.950977314999932 ], [ 110.449209719000066, -6.951298541999961 ], [ 110.449334640000075, -6.951366356999927 ], [ 110.449266826000041, -6.951387771999975 ], [ 110.449279207000075, -6.951478888999929 ], [ 110.449358210000071, -6.951515943999937 ], [ 110.449373901000058, -6.95144130999995 ], [ 110.449377471000048, -6.951352079999936 ], [ 110.449377471000048, -6.951302110999961 ], [ 110.449445285000081, -6.951241434999929 ], [ 110.449519762000079, -6.951241365999977 ], [ 110.449569104000034, -6.951184714999954 ], [ 110.449687249000078, -6.951048847999971 ], [ 110.449705836000078, -6.950966606999941 ], [ 110.449720113000069, -6.950916638999956 ], [ 110.449752236000052, -6.950891653999975 ], [ 110.449773651000044, -6.950920207999957 ], [ 110.449795066000036, -6.950898792999965 ], [ 110.449820050000085, -6.950816700999951 ], [ 110.449855742000068, -6.950745317999974 ], [ 110.449923557000034, -6.950713194999935 ], [ 110.449981455000056, -6.950718214999938 ], [ 110.450011903000075, -6.950696436999976 ], [ 110.450041340000041, -6.950666794999961 ], [ 110.450055617000089, -6.950645379999969 ], [ 110.450109155000064, -6.950591841999938 ], [ 110.450191246000088, -6.950524027999961 ], [ 110.450230507000072, -6.95047048999993 ], [ 110.450241215000062, -6.950424089999956 ], [ 110.450328628000079, -6.950389498999925 ], [ 110.450334339000051, -6.950368083999933 ], [ 110.45032434500007, -6.950317401999939 ], [ 110.450311535000083, -6.95027805899997 ], [ 110.450330227000052, -6.950251198999979 ], [ 110.450286511000058, -6.95019462099998 ], [ 110.450425710000047, -6.950077551999925 ], [ 110.450449980000087, -6.950120381999966 ], [ 110.450511370000072, -6.950181771999951 ], [ 110.450520271000073, -6.950198763999936 ], [ 110.450650569000061, -6.950281709999956 ], [ 110.450729091000085, -6.950338816999931 ], [ 110.450784771000087, -6.950384501999963 ], [ 110.450849016000063, -6.950430187999928 ], [ 110.450900412000067, -6.950481583999931 ], [ 110.45095217800008, -6.950558742999931 ], [ 110.450976079000043, -6.950612930999966 ], [ 110.451002491000054, -6.950646480999978 ], [ 110.451053794000075, -6.950646641999981 ], [ 110.451141345000053, -6.950800152999932 ], [ 110.451197369000056, -6.950877764999973 ], [ 110.451283744000079, -6.951006255999971 ], [ 110.451347989000055, -6.951108334999958 ], [ 110.451416517000041, -6.951211840999974 ], [ 110.451456492000034, -6.951269661999959 ], [ 110.451486700000089, -6.951306313999964 ], [ 110.451543581000067, -6.951407432999929 ], [ 110.451589980000051, -6.951493806999963 ], [ 110.451611395000043, -6.951546630999928 ], [ 110.451657795000074, -6.951630149999971 ], [ 110.45170143200005, -6.951699521999956 ], [ 110.451827381000044, -6.951939899999957 ], [ 110.451913154000067, -6.952118650999978 ], [ 110.451915490000033, -6.952125553999963 ], [ 110.451941902000044, -6.952169811999966 ], [ 110.451959748000036, -6.952196937999929 ], [ 110.452015103000065, -6.952162286999965 ], [ 110.45207324900008, -6.952261896999971 ], [ 110.451990443000057, -6.952326142999937 ], [ 110.451991157000066, -6.952361834999977 ], [ 110.452013286000067, -6.952451777999954 ], [ 110.452020972000071, -6.952510244999928 ], [ 110.452065339000058, -6.952589200999967 ], [ 110.452142618000039, -6.952720200999977 ], [ 110.452170331000048, -6.952770863999945 ], [ 110.452246711000043, -6.952876511999932 ], [ 110.452308815000038, -6.952938615999926 ], [ 110.452376169000047, -6.952974323999968 ], [ 110.452497729000072, -6.953007128999957 ], [ 110.452616041000056, -6.95304641599995 ], [ 110.452748890000066, -6.953087510999978 ], [ 110.452810980000038, -6.953091710999956 ], [ 110.452956359000041, -6.953060582999967 ], [ 110.453329797000038, -6.952945652999972 ], [ 110.453395140000055, -6.952910373999941 ], [ 110.453474113000084, -6.952900668999973 ], [ 110.453676666000035, -6.952849018999927 ], [ 110.453809323000087, -6.952818334999961 ], [ 110.453909010000075, -6.952805012999931 ], [ 110.453982698000061, -6.952793176999933 ], [ 110.454068877000054, -6.952757747999954 ], [ 110.454122992000066, -6.952715912999963 ], [ 110.454157205000058, -6.952667826999971 ], [ 110.454180743000052, -6.952645584999971 ], [ 110.454221379000046, -6.952648796999938 ], [ 110.454233670000065, -6.952669208999964 ], [ 110.454264174000059, -6.952664090999974 ], [ 110.454313831000036, -6.952660384999945 ], [ 110.454343507000033, -6.95261977499996 ], [ 110.454421752000087, -6.952553440999964 ], [ 110.454474261000087, -6.952519099999961 ], [ 110.454527791000089, -6.952594965999936 ], [ 110.454577871000083, -6.952572015999976 ], [ 110.454608336000035, -6.952553991999935 ], [ 110.454596877000085, -6.952509164999981 ], [ 110.454685743000084, -6.952463659999978 ], [ 110.454790613000057, -6.952390742999967 ], [ 110.454902639000068, -6.952320402999931 ], [ 110.454991635000056, -6.952238146999946 ], [ 110.455068684000082, -6.952218495999944 ], [ 110.455064319000087, -6.952255395999941 ], [ 110.455037516000061, -6.952297318999968 ], [ 110.454986271000053, -6.952327375999971 ], [ 110.454945400000042, -6.952371203999974 ], [ 110.454893483000035, -6.952422484999943 ], [ 110.454860590000067, -6.952451900999961 ], [ 110.45481387600006, -6.95249027999995 ], [ 110.454766323000058, -6.952504660999978 ], [ 110.454726748000041, -6.952504628999975 ], [ 110.454697121000038, -6.952546651999967 ], [ 110.454653576000055, -6.952594812999962 ], [ 110.454602151000074, -6.952660209999976 ], [ 110.454546246000064, -6.952718696999966 ], [ 110.454499975000033, -6.952769780999972 ], [ 110.454424356000061, -6.952830368999969 ], [ 110.454393237000033, -6.952910604999943 ], [ 110.454455583000083, -6.952996055999961 ], [ 110.454496865000067, -6.953004507999935 ], [ 110.454545354000061, -6.95301694799997 ], [ 110.454594237000038, -6.953040681999937 ], [ 110.454631075000066, -6.953124196999966 ], [ 110.454671210000072, -6.953180743999951 ], [ 110.454751741000052, -6.953220332999933 ], [ 110.454796685000076, -6.953252683999949 ], [ 110.454865134000045, -6.953270080999971 ], [ 110.454980727000077, -6.953342365999958 ], [ 110.455074357000058, -6.953392803999975 ], [ 110.45513522400006, -6.953435905999982 ], [ 110.45522565400006, -6.953516136999951 ], [ 110.455253233000064, -6.953577361999976 ], [ 110.455422670000075, -6.953774968999937 ], [ 110.455422903000056, -6.953847441999926 ], [ 110.455457805000037, -6.953971613999954 ], [ 110.455594362000056, -6.95411807499994 ], [ 110.45577361800008, -6.953949277999925 ], [ 110.45603374600006, -6.953708401999961 ], [ 110.456211049000046, -6.95352412699998 ], [ 110.45691693100008, -6.952864549999958 ], [ 110.457387347000065, -6.952402995999933 ], [ 110.457771407000052, -6.952037622999967 ], [ 110.457806102000063, -6.95200842099996 ], [ 110.456366503000083, -6.950983573999963 ], [ 110.456315480000058, -6.950998923999975 ], [ 110.456284869000058, -6.951028938999968 ], [ 110.45623418100007, -6.951027994999947 ], [ 110.456198196000059, -6.950923776999957 ], [ 110.456148227000085, -6.950788147999958 ], [ 110.456191057000069, -6.950595411999927 ], [ 110.456212472000061, -6.950481196999931 ], [ 110.456310815000052, -6.950359902999935 ], [ 110.456361580000078, -6.95033082599997 ], [ 110.456487899000081, -6.950315392999926 ], [ 110.456563453000058, -6.950329035999971 ], [ 110.456693605000055, -6.950377859999946 ], [ 110.456817105000084, -6.950391637999928 ], [ 110.456892722000077, -6.950407088999953 ], [ 110.456940459000066, -6.950427130999969 ], [ 110.457069406000073, -6.95028603999998 ], [ 110.457303578000051, -6.950035774999947 ], [ 110.457876498000076, -6.949430546999963 ], [ 110.458134452000081, -6.949165365999932 ], [ 110.459392298000068, -6.948265560999971 ], [ 110.459575231000088, -6.948116252999966 ], [ 110.459895044000064, -6.947871709999959 ], [ 110.460019087000035, -6.947771495999973 ], [ 110.460061225000061, -6.947812537999937 ], [ 110.460343235000039, -6.948092219999978 ], [ 110.460970983000038, -6.948745822999967 ], [ 110.461494298000048, -6.949253664999958 ], [ 110.461870585000042, -6.949501882999925 ], [ 110.461915966000049, -6.949446889999933 ], [ 110.462055901000042, -6.94927355699997 ], [ 110.462277506000078, -6.94885285099997 ], [ 110.462429169000075, -6.948604546999945 ], [ 110.46248548300008, -6.948522604999937 ], [ 110.463101012000038, -6.947583013999974 ], [ 110.46408967800005, -6.946412318999933 ], [ 110.464707148000059, -6.945637804999933 ], [ 110.46490345400008, -6.945355837999955 ], [ 110.464874900000041, -6.945355837999955 ], [ 110.464928438000072, -6.945130978999941 ], [ 110.464967699000056, -6.945134548999931 ], [ 110.464975894000077, -6.945084062999968 ], [ 110.464713919000076, -6.945004067999946 ], [ 110.464640731000088, -6.944981340999959 ], [ 110.463803429000052, -6.944760496999947 ], [ 110.463428664000048, -6.944589175999965 ], [ 110.463100343000065, -6.944365620999974 ], [ 110.462760739000089, -6.943924865999975 ], [ 110.461593668000035, -6.942396604999942 ], [ 110.461367884000083, -6.942107639999961 ], [ 110.46125145700006, -6.94210858799994 ], [ 110.461205057000086, -6.942040772999974 ], [ 110.461201488000086, -6.941980096999941 ], [ 110.461222149000037, -6.941921123999975 ], [ 110.46111694800004, -6.941786484999966 ], [ 110.461147950000054, -6.941762375999929 ], [ 110.46095164500008, -6.94148040999994 ], [ 110.460594726000068, -6.941016414999979 ], [ 110.460362728000064, -6.940713033999941 ], [ 110.45983990600007, -6.940062698999952 ], [ 110.459689242000081, -6.939865078999958 ], [ 110.459606759000053, -6.93973574499995 ], [ 110.459551121000061, -6.939694396999926 ], [ 110.459133232000056, -6.939124909999975 ], [ 110.459334569000077, -6.938992309999946 ], [ 110.459715696000046, -6.93871990599996 ], [ 110.459924239000088, -6.938569363999932 ], [ 110.460240682000062, -6.938311245999955 ], [ 110.460251501000073, -6.938275357999942 ], [ 110.460172619000048, -6.938138848999927 ], [ 110.460115215000087, -6.938070573999937 ], [ 110.460079292000046, -6.938045172999978 ], [ 110.459575637000057, -6.938402576999977 ], [ 110.459448259000055, -6.938247902999933 ], [ 110.459425416000045, -6.938260751999962 ], [ 110.459322624000038, -6.938135116999945 ], [ 110.459356888000059, -6.938107990999981 ], [ 110.459296925000046, -6.938010908999956 ], [ 110.459272364000071, -6.937968048999949 ], [ 110.459667474000071, -6.937677651999934 ], [ 110.459657131000085, -6.937555436999958 ], [ 110.459692413000084, -6.937521935999939 ], [ 110.459759535000046, -6.937507899999957 ], [ 110.45973228400004, -6.937427314999979 ], [ 110.459736873000054, -6.937366195999971 ], [ 110.459802365000087, -6.937283040999944 ], [ 110.459776848000047, -6.937219008999932 ], [ 110.459772876000045, -6.937173731999962 ], [ 110.459588845000042, -6.936900496999954 ], [ 110.459485961000041, -6.936760672999981 ], [ 110.459436493000055, -6.936781522999979 ], [ 110.459041928000033, -6.936240164999958 ], [ 110.459084958000062, -6.936222990999966 ], [ 110.458836508000047, -6.935822462999965 ], [ 110.458881514000041, -6.935726873999954 ], [ 110.45887437500005, -6.935655489999931 ], [ 110.458822229000077, -6.935550470999942 ], [ 110.45879857500006, -6.935489149999967 ], [ 110.458729478000066, -6.935427024999967 ], [ 110.458760161000043, -6.935402076999935 ], [ 110.458770869000034, -6.935148664999929 ], [ 110.458881514000041, -6.93504515799998 ], [ 110.458956467000064, -6.934927374999972 ], [ 110.459131357000047, -6.934781037999926 ], [ 110.459281263000037, -6.934616854999945 ], [ 110.459498984000049, -6.934484794999946 ], [ 110.459634613000048, -6.93437771899994 ], [ 110.459770242000047, -6.934292058999972 ], [ 110.459970117000069, -6.934199259999957 ], [ 110.460177130000034, -6.934070768999959 ], [ 110.460273498000049, -6.934010091999937 ], [ 110.460341313000072, -6.933956554999952 ], [ 110.460341313000072, -6.933935138999971 ], [ 110.460405559000037, -6.933899447999977 ], [ 110.460459096000079, -6.933917292999979 ], [ 110.460516204000044, -6.933881601999929 ], [ 110.46061614100006, -6.933910154999978 ], [ 110.460687525000083, -6.933952984999962 ], [ 110.460808877000034, -6.934202828999958 ], [ 110.460833862000072, -6.934263504999933 ], [ 110.460890969000047, -6.934299196999973 ], [ 110.461115828000061, -6.934631131999936 ], [ 110.461212196000076, -6.934684669999967 ], [ 110.461376379000058, -6.93471322299996 ], [ 110.461483454000074, -6.934734637999952 ], [ 110.461665483000047, -6.934831006999957 ], [ 110.461826097000085, -6.934920235999925 ], [ 110.461890342000061, -6.934941650999974 ] ] ] } },
{ "type": "Feature", "properties": { "OBJECTID": 37, "NAMOBJ": "Garis Pantai", "THNSBDATA": "2021", "SBDATA": 6, "SKL": 4, "THNPBL": "2024", "Panjang": 3.9801533509667983, "SHAPE_Length": 0.048357877439230854 }, "geometry": { "type": "MultiLineString", "coordinates": [ [ [ 110.461890342000061, -6.934941650999974 ], [ 110.461947449000036, -6.934923804999926 ], [ 110.462047387000041, -6.93490595999998 ], [ 110.462141027000087, -6.934959013999958 ], [ 110.462232985000071, -6.935002327999939 ], [ 110.462322214000039, -6.934920235999925 ], [ 110.46236504500007, -6.934870267999941 ], [ 110.462504243000069, -6.934845282999959 ], [ 110.46266842600005, -6.934816729999966 ], [ 110.462811194000039, -6.934759622999934 ], [ 110.462950392000039, -6.934723930999951 ], [ 110.46314669800006, -6.934645408999927 ], [ 110.463239497000075, -6.934595439999953 ], [ 110.463375126000074, -6.934581162999962 ], [ 110.463557155000046, -6.934577593999961 ], [ 110.463806998000052, -6.934549039999979 ], [ 110.464360223000085, -6.934431256999972 ], [ 110.464638620000073, -6.93438128799994 ], [ 110.464824218000047, -6.93438128799994 ], [ 110.464991970000085, -6.93437771899994 ], [ 110.465181137000059, -6.934424118999971 ], [ 110.465427411000064, -6.934484794999946 ], [ 110.465552333000062, -6.934584731999962 ], [ 110.465613009000037, -6.93470965399996 ], [ 110.465748638000036, -6.934759622999934 ], [ 110.465891406000082, -6.934723930999951 ], [ 110.465948513000058, -6.934652546999928 ], [ 110.465994912000042, -6.934538332999978 ], [ 110.466066296000065, -6.934406272999979 ], [ 110.466130542000087, -6.934463379999954 ], [ 110.466237618000036, -6.934506209999938 ], [ 110.466344693000053, -6.93452762499993 ], [ 110.466419646000077, -6.934588300999962 ], [ 110.466526722000083, -6.934631131999936 ], [ 110.466530291000083, -6.934691807999968 ], [ 110.466533860000084, -6.934738207999942 ], [ 110.466483892000042, -6.934702515999959 ], [ 110.466444631000059, -6.934734637999952 ], [ 110.466426785000067, -6.934802452999975 ], [ 110.466369678000035, -6.934788175999927 ], [ 110.466269740000087, -6.934723930999951 ], [ 110.466201926000053, -6.934691807999968 ], [ 110.46612340300004, -6.934670392999976 ], [ 110.466027035000081, -6.934659684999929 ], [ 110.466137680000088, -6.934827436999967 ], [ 110.466219772000045, -6.934952358999965 ], [ 110.466319709000061, -6.935066572999972 ], [ 110.466369678000035, -6.935152233999929 ], [ 110.466441061000069, -6.935302139999976 ], [ 110.466505307000034, -6.935409215999925 ], [ 110.466997855000045, -6.936023115999944 ], [ 110.467297667000082, -6.936351481999964 ], [ 110.467636741000035, -6.93675480099995 ], [ 110.467750955000042, -6.936890429999949 ], [ 110.467890153000042, -6.937079596999979 ], [ 110.468040059000089, -6.937268763999953 ], [ 110.468082890000062, -6.93738297799996 ], [ 110.468086459000062, -6.937436515999934 ], [ 110.468136427000047, -6.937500761999956 ], [ 110.468247072000054, -6.937568575999933 ], [ 110.468279195000036, -6.937654236999947 ], [ 110.468257780000044, -6.937697066999931 ], [ 110.468161412000086, -6.937654236999947 ], [ 110.468104305000054, -6.937582852999981 ], [ 110.46805790500008, -6.937500761999956 ], [ 110.467997229000048, -6.937497192999956 ], [ 110.467843754000057, -6.937565006999932 ], [ 110.467775939000035, -6.937604267999973 ], [ 110.467765231000044, -6.937707774999978 ], [ 110.467772370000034, -6.937736327999971 ], [ 110.467740247000052, -6.937761312999953 ], [ 110.467676002000076, -6.937747035999962 ], [ 110.467647448000037, -6.937789865999946 ], [ 110.467640310000036, -6.937821988999929 ], [ 110.467733109000051, -6.937825557999929 ], [ 110.46791513800008, -6.937807711999938 ], [ 110.468025782000041, -6.937797004999936 ], [ 110.468011506000039, -6.937854111999968 ], [ 110.467811631000075, -6.937996878999968 ], [ 110.467683140000076, -6.938082539999925 ], [ 110.467526096000086, -6.938139646999957 ], [ 110.467433297000071, -6.93821103099998 ], [ 110.467322652000064, -6.938250291999964 ], [ 110.467265545000089, -6.938285983999947 ], [ 110.467297667000082, -6.938368074999971 ], [ 110.467272683000033, -6.938414474999945 ], [ 110.467187022000076, -6.938471581999977 ], [ 110.467286960000081, -6.938528688999952 ], [ 110.467297667000082, -6.938575087999936 ], [ 110.467415451000079, -6.938492996999969 ], [ 110.467515388000038, -6.938468012999977 ], [ 110.467640310000036, -6.938475150999977 ], [ 110.46771883200006, -6.938439458999937 ], [ 110.467786647000082, -6.938414474999945 ], [ 110.467865169000049, -6.938364505999971 ], [ 110.467943691000073, -6.93832524499993 ], [ 110.46801864400004, -6.93832524499993 ], [ 110.468032921000088, -6.938282414999946 ], [ 110.468122151000046, -6.938271706999956 ], [ 110.46820781100007, -6.938232445999972 ], [ 110.468247072000054, -6.938161061999949 ], [ 110.468314887000076, -6.93817176999994 ], [ 110.468332733000068, -6.93821103099998 ], [ 110.468332733000068, -6.938261 ], [ 110.468200673000069, -6.938328813999931 ], [ 110.468229226000062, -6.938371643999972 ], [ 110.468186396000078, -6.938393059999953 ], [ 110.468107874000054, -6.938414474999945 ], [ 110.468040059000089, -6.938432320999937 ], [ 110.467972245000055, -6.938492996999969 ], [ 110.46791513800008, -6.938514411999961 ], [ 110.467850892000058, -6.938521550999951 ], [ 110.467793785000083, -6.938550103999944 ], [ 110.467733109000051, -6.938582226999927 ], [ 110.467700986000068, -6.938614349999966 ], [ 110.467665294000085, -6.938628625999968 ], [ 110.467651017000037, -6.938692871999933 ], [ 110.467601049000052, -6.938735701999974 ], [ 110.467543942000077, -6.938771393999957 ], [ 110.467465419000064, -6.938778531999958 ], [ 110.467529665000086, -6.938849915999981 ], [ 110.467590341000061, -6.93879637799995 ], [ 110.467683140000076, -6.938753547999966 ], [ 110.46772597000006, -6.938789239999949 ], [ 110.467758093000043, -6.93883920899998 ], [ 110.467747386000042, -6.938882038999964 ], [ 110.467850892000058, -6.938814223999941 ], [ 110.46805433600008, -6.938717855999926 ], [ 110.468189965000079, -6.938646471999959 ], [ 110.468297041000085, -6.938596503999975 ], [ 110.468382702000042, -6.938557241999945 ], [ 110.468464793000066, -6.938550103999944 ], [ 110.468436239000084, -6.938628625999968 ], [ 110.468382702000042, -6.938696440999934 ], [ 110.468264918000045, -6.938749978999965 ], [ 110.468172119000087, -6.93879994699995 ], [ 110.468079320000072, -6.938864192999972 ], [ 110.467990091000047, -6.938932007999938 ], [ 110.467954399000064, -6.938960560999931 ], [ 110.467936553000072, -6.939028375999953 ], [ 110.467940122000073, -6.939103328999977 ], [ 110.46791513800008, -6.939164004999952 ], [ 110.467950829000074, -6.939199696999935 ], [ 110.467982952000057, -6.939231819999975 ], [ 110.46806504400007, -6.939228249999928 ], [ 110.468111443000055, -6.939238957999976 ], [ 110.468200673000069, -6.939164004999952 ], [ 110.468307749000076, -6.939114035999978 ], [ 110.468386271000043, -6.939078343999938 ], [ 110.468443378000075, -6.939021236999963 ], [ 110.468536177000033, -6.939014098999962 ], [ 110.468607561000056, -6.938971268999978 ], [ 110.468664668000088, -6.938971268999978 ], [ 110.468668237000088, -6.939039082999955 ], [ 110.468543315000034, -6.939106897999977 ], [ 110.468496916000049, -6.939153296999962 ], [ 110.468436239000084, -6.939171142999953 ], [ 110.468411255000035, -6.939203265999936 ], [ 110.468411255000035, -6.939267511999958 ], [ 110.468407686000035, -6.939349602999926 ], [ 110.46835771700006, -6.939399571999957 ], [ 110.468350579000059, -6.93943526399994 ], [ 110.468361286000061, -6.939517354999964 ], [ 110.468396978000044, -6.939545907999957 ], [ 110.46850405400005, -6.93947452499998 ], [ 110.468600422000065, -6.939456678999932 ], [ 110.468671806000089, -6.939396001999967 ], [ 110.468728913000064, -6.939385294999965 ], [ 110.468771743000048, -6.939313910999942 ], [ 110.468828851000069, -6.939306772999942 ], [ 110.468864542000063, -6.939331756999934 ], [ 110.468950203000077, -6.93929249599995 ], [ 110.468993033000061, -6.93929249599995 ], [ 110.468907373000036, -6.939356740999926 ], [ 110.468853835000061, -6.939388863999966 ], [ 110.468743190000055, -6.939449539999941 ], [ 110.468696790000081, -6.939453109999931 ], [ 110.468643253000039, -6.939499508999972 ], [ 110.468550454000081, -6.939542338999956 ], [ 110.468479070000058, -6.939599445999932 ], [ 110.468414824000035, -6.939628 ], [ 110.468332733000068, -6.939688675999946 ], [ 110.468298231000063, -6.939783854999973 ], [ 110.46826967700008, -6.939850478999972 ], [ 110.468274436000058, -6.939912344999925 ], [ 110.468312507000064, -6.940017041999965 ], [ 110.468402927000056, -6.940059871999949 ], [ 110.468488588000071, -6.94013601499995 ], [ 110.46856948900006, -6.94021691599994 ], [ 110.468645632000062, -6.940397755999925 ], [ 110.468731293000076, -6.940511969999932 ], [ 110.46877412300006, -6.940621424999961 ], [ 110.468883578000089, -6.940711843999964 ], [ 110.468959721000033, -6.94082605899996 ], [ 110.469069176000062, -6.940854611999953 ], [ 110.469188149000047, -6.940935513999932 ], [ 110.469311881000067, -6.941059245999952 ], [ 110.469416577000061, -6.941173459999959 ], [ 110.469411818000083, -6.941254360999949 ], [ 110.469402301000059, -6.94131146899997 ], [ 110.469502238000075, -6.941316226999959 ], [ 110.469587899000089, -6.94137333499998 ], [ 110.469611693000047, -6.941292432999944 ], [ 110.469650954000087, -6.941288863999944 ], [ 110.469686646000071, -6.941260309999961 ], [ 110.469725907000054, -6.941221048999978 ], [ 110.469750892000036, -6.94120320299993 ], [ 110.469804430000067, -6.941163941999946 ], [ 110.46983298300006, -6.941106834999971 ], [ 110.469875813000044, -6.941106834999971 ], [ 110.469882952000034, -6.941185356999938 ], [ 110.469786584000076, -6.941231756999969 ], [ 110.469761599000037, -6.941271017999952 ], [ 110.469729477000044, -6.941296001999945 ], [ 110.469715200000053, -6.941338831999929 ], [ 110.469640247000086, -6.941385231999959 ], [ 110.469633108000039, -6.941456615999925 ], [ 110.469661662000078, -6.94154227599995 ], [ 110.469725907000054, -6.941535137999949 ], [ 110.470473058000039, -6.942213283999934 ], [ 110.470727661000069, -6.942420296999956 ], [ 110.471153584000035, -6.942598756999928 ], [ 110.471163102000048, -6.942693934999966 ], [ 110.471205932000089, -6.942784354999958 ], [ 110.471263039000064, -6.942746283999952 ], [ 110.471172620000061, -6.942836702999955 ], [ 110.47122020900008, -6.942931880999936 ], [ 110.471343941000043, -6.942903327999943 ], [ 110.471401048000075, -6.942912845999956 ], [ 110.471486708000043, -6.942884291999974 ], [ 110.471486708000043, -6.942827184999942 ], [ 110.471558092000066, -6.942774836999945 ], [ 110.471986395000044, -6.943031818999941 ], [ 110.472400422000078, -6.943093684999951 ], [ 110.472709751000082, -6.943155550999961 ], [ 110.472890590000077, -6.943165068999974 ], [ 110.473000046000038, -6.943188862999932 ], [ 110.473099983000054, -6.943212657999936 ], [ 110.473575875000051, -6.943512469999973 ], [ 110.473851893000074, -6.943659996999941 ], [ 110.474094598000079, -6.943750415999943 ], [ 110.474327785000071, -6.94398836199997 ], [ 110.47459428500008, -6.944083540999941 ], [ 110.474522901000057, -6.944126370999925 ], [ 110.474518142000079, -6.944197754999948 ], [ 110.474656151000033, -6.944202513999926 ], [ 110.474703740000052, -6.944126370999925 ], [ 110.475284328000043, -6.944364316999952 ], [ 110.475650765000069, -6.944359557999974 ], [ 110.475888711000039, -6.94449280799995 ], [ 110.476250389000086, -6.944516602999954 ], [ 110.476345568000056, -6.944587985999931 ], [ 110.476374121000049, -6.944740271999933 ], [ 110.476483577000067, -6.94485448599994 ], [ 110.476778630000069, -6.945111467999936 ], [ 110.477054647000045, -6.945168574999968 ], [ 110.477825593000034, -6.945501698999976 ], [ 110.478658404000043, -6.945687296999949 ], [ 110.478591779000055, -6.945877653999958 ], [ 110.478491842000039, -6.945863376999966 ], [ 110.478515636000054, -6.945925242999976 ], [ 110.478582261000042, -6.945953796999959 ], [ 110.478696475000049, -6.946010903999934 ], [ 110.478801172000033, -6.94602993999996 ], [ 110.478882073000079, -6.946139394999932 ], [ 110.478986770000063, -6.946129876999976 ], [ 110.479091466000057, -6.946072769999944 ], [ 110.479115260000071, -6.945963314999972 ], [ 110.479391278000037, -6.946039457999973 ], [ 110.479381760000081, -6.94615367199998 ], [ 110.479467421000038, -6.94617270699996 ], [ 110.479562599000076, -6.94617270699996 ], [ 110.47969217900004, -6.946220069999981 ], [ 110.479779858000086, -6.946252118999951 ], [ 110.479796602000079, -6.946258238999974 ], [ 110.479975263000085, -6.946323542999949 ], [ 110.480181542000082, -6.946398941999973 ], [ 110.480350276000081, -6.946460618999936 ], [ 110.48055860900007, -6.946540255999935 ], [ 110.480748651000056, -6.946182190999934 ], [ 110.480771365000066, -6.946139394999932 ], [ 110.480947566000054, -6.94617951999993 ], [ 110.481252017000088, -6.946248848999971 ], [ 110.481375749000051, -6.946077527999932 ], [ 110.481537553000067, -6.946182224999973 ], [ 110.481589901000063, -6.94625360799995 ], [ 110.481566746000055, -6.946333759999959 ], [ 110.481528035000053, -6.946467759999962 ], [ 110.481428098000038, -6.946463000999927 ], [ 110.481342011000038, -6.946802848999937 ], [ 110.481624977000081, -6.946884917999967 ], [ 110.482598093000036, -6.947199636999926 ], [ 110.483377574000087, -6.947476930999926 ], [ 110.484230488000037, -6.947780145999957 ], [ 110.484764417000065, -6.947982217999936 ], [ 110.484822399000052, -6.947908522999967 ], [ 110.48510079600004, -6.948029875999964 ], [ 110.485098150000056, -6.948108523999963 ], [ 110.485234827000056, -6.948203496999952 ], [ 110.485371255000075, -6.948259452999935 ], [ 110.485540115000049, -6.948387806999961 ], [ 110.485570807000045, -6.948391512999933 ], [ 110.485600482000052, -6.948508146999927 ], [ 110.485646882000083, -6.948611654999979 ], [ 110.485711127000059, -6.948718729999939 ], [ 110.485774906000074, -6.948363194999956 ], [ 110.485920469000064, -6.94781968999996 ], [ 110.485948685000039, -6.947714335999933 ], [ 110.486018078000086, -6.947455235999939 ], [ 110.486196537000069, -6.946637890999966 ], [ 110.486280780000072, -6.946283186999949 ], [ 110.486295058000053, -6.946223069999974 ], [ 110.486332167000057, -6.946066819999942 ], [ 110.487153419000038, -6.946324263999941 ], [ 110.48756043700007, -6.946451855999953 ], [ 110.487679410000055, -6.946439956999939 ], [ 110.487682292000045, -6.946408249999934 ] ] ] } },
{ "type": "Feature", "properties": { "OBJECTID": 38, "NAMOBJ": "Garis Pantai", "THNSBDATA": "2021", "SBDATA": 6, "SKL": 4, "THNPBL": "2024", "Panjang": 0.41828854577522406, "SHAPE_Length": 0.0037826266649536818 }, "geometry": { "type": "MultiLineString", "coordinates": [ [ [ 110.380412215000035, -6.946635491999928 ], [ 110.380584181000074, -6.947176298999977 ], [ 110.38078762400005, -6.947786630999929 ], [ 110.380837593000081, -6.947722384999963 ], [ 110.380816178000089, -6.947551063999981 ], [ 110.380741225000065, -6.947283374999927 ], [ 110.380894700000056, -6.947408295999935 ], [ 110.380958946000078, -6.947583186999964 ], [ 110.380999372000076, -6.947876834999931 ], [ 110.380997258000036, -6.94794127199998 ], [ 110.381054881000068, -6.948111518999951 ], [ 110.381055314000037, -6.948325577999981 ], [ 110.380987499000071, -6.948557575999928 ], [ 110.381181027000082, -6.949187691999953 ] ] ] } },
{ "type": "Feature", "properties": { "OBJECTID": 39, "NAMOBJ": "Garis Pantai", "THNSBDATA": "2021", "SBDATA": 6, "SKL": 4, "THNPBL": "2024", "Panjang": 9.9401531437115551, "SHAPE_Length": 0.089920312252765852 }, "geometry": { "type": "MultiLineString", "coordinates": [ [ [ 110.359504220000076, -6.953881070999955 ], [ 110.359470275000035, -6.953868298999964 ], [ 110.358990572000039, -6.953872101999934 ], [ 110.358662206000076, -6.953879239999935 ], [ 110.358523008000077, -6.953961331999949 ], [ 110.358337410000047, -6.953982746999941 ], [ 110.35826245700008, -6.953886378999925 ], [ 110.358083997000051, -6.953907793999974 ], [ 110.358005475000084, -6.953964900999949 ], [ 110.357873415000086, -6.953918501999965 ], [ 110.357805600000063, -6.95397203899995 ], [ 110.357620002000033, -6.953986315999941 ], [ 110.357537911000065, -6.953943485999957 ], [ 110.357348744000035, -6.953939916999957 ], [ 110.357088193000038, -6.953964900999949 ], [ 110.356795519000059, -6.953950623999958 ], [ 110.356492138000078, -6.953989884999942 ], [ 110.35632795500004, -6.95397560899994 ], [ 110.356078112000034, -6.953982746999941 ], [ 110.356013866000069, -6.954086253999947 ], [ 110.355960328000037, -6.95401486999998 ], [ 110.355838976000086, -6.954018438999981 ], [ 110.355646240000056, -6.954025576999925 ], [ 110.355289320000054, -6.954032715999972 ], [ 110.354964524000081, -6.954050561999964 ], [ 110.354753942000059, -6.954061268999965 ], [ 110.35446483700008, -6.954057699999964 ], [ 110.354329208000081, -6.954071976999955 ], [ 110.354022257000054, -6.954143360999979 ], [ 110.353679615000033, -6.954143360999979 ], [ 110.353240604000064, -6.954096960999948 ], [ 110.353333403000079, -6.954132652999931 ], [ 110.353576108000084, -6.954204036999954 ], [ 110.353745107000066, -6.954167948999952 ], [ 110.353954443000077, -6.954189759999963 ], [ 110.354140041000051, -6.954189759999963 ], [ 110.354201045000082, -6.954171684999949 ], [ 110.354350623000073, -6.954179052999962 ], [ 110.354425195000033, -6.954118229999949 ], [ 110.354517612000052, -6.954103807999957 ], [ 110.354594443000053, -6.954175454999927 ], [ 110.354792260000067, -6.954191416999947 ], [ 110.354970190000074, -6.954210932999956 ], [ 110.355097321000073, -6.95424937599995 ], [ 110.35539639600006, -6.95426828199993 ], [ 110.355574856000032, -6.954278989999978 ], [ 110.355754604000083, -6.954318436999927 ], [ 110.355817106000075, -6.954312864999963 ], [ 110.355922156000076, -6.954292042999953 ], [ 110.355957317000048, -6.954316544999926 ], [ 110.355921893000072, -6.954366381999932 ], [ 110.355823451000049, -6.954412702999946 ], [ 110.355681182000069, -6.954431964999969 ], [ 110.355492330000061, -6.954427123999949 ], [ 110.35516582200006, -6.954409937999969 ], [ 110.354893567000033, -6.954390856999964 ], [ 110.354569153000057, -6.954433632999951 ], [ 110.354332918000068, -6.95448516099998 ], [ 110.35430993600005, -6.954547767999941 ], [ 110.354374568000082, -6.954604067999981 ], [ 110.354488782000033, -6.954618343999925 ], [ 110.354603825000083, -6.954689716999951 ], [ 110.354872727000043, -6.954694620999931 ], [ 110.354988718000072, -6.954700575999937 ], [ 110.355207402000076, -6.954700086999935 ], [ 110.355423448000067, -6.954746860999933 ], [ 110.35568604100007, -6.954734831999929 ], [ 110.355738797000072, -6.954690106999976 ], [ 110.35577864000004, -6.954651652999928 ], [ 110.35581552900004, -6.954758897999966 ], [ 110.355871974000081, -6.954819821999934 ], [ 110.355981275000033, -6.95483887499995 ], [ 110.356143668000072, -6.954904674999966 ], [ 110.356106285000067, -6.954980310999929 ], [ 110.356081158000052, -6.955161294999925 ], [ 110.356127016000073, -6.955328364999957 ], [ 110.35632795500004, -6.955349746999957 ], [ 110.356395770000063, -6.955281932999981 ], [ 110.356399339000063, -6.955214117999958 ], [ 110.356402908000064, -6.955139164999935 ], [ 110.356449308000037, -6.955114180999942 ], [ 110.356495707000079, -6.955096334999951 ], [ 110.356584937000036, -6.955057073999967 ], [ 110.356588506000037, -6.955167718999974 ], [ 110.356545676000053, -6.955246240999941 ], [ 110.356549245000053, -6.955314054999974 ], [ 110.356549245000053, -6.95539257799993 ], [ 110.356554893000066, -6.955464940999946 ], [ 110.356631290000053, -6.955442260999973 ], [ 110.356673485000044, -6.955340728999943 ], [ 110.356708937000064, -6.955127936999929 ], [ 110.356684874000052, -6.955057073999967 ], [ 110.35681336500005, -6.955042796999976 ], [ 110.356876379000084, -6.955256454999926 ], [ 110.357000355000082, -6.95528643199998 ], [ 110.357108460000063, -6.955271220999975 ], [ 110.357255194000061, -6.955216066999981 ], [ 110.357307700000035, -6.955164203999971 ], [ 110.357426242000088, -6.954978215999972 ], [ 110.357503575000067, -6.954961559999958 ], [ 110.357572579000077, -6.95497226699996 ], [ 110.357846217000088, -6.95504484099996 ], [ 110.357981727000038, -6.955063477999943 ], [ 110.358062547000088, -6.955249338999977 ], [ 110.358117306000054, -6.955509521999943 ], [ 110.358080296000082, -6.955757591999941 ], [ 110.357997463000061, -6.955923437999957 ], [ 110.357885842000087, -6.956001665999963 ], [ 110.357765070000085, -6.955981582999925 ], [ 110.357442252000055, -6.955928763999964 ], [ 110.357157259000076, -6.955882587999952 ], [ 110.356874276000042, -6.955851165999945 ], [ 110.356812754000089, -6.955890478999947 ], [ 110.356965122000076, -6.955996652999943 ], [ 110.357092053000088, -6.956029385999955 ], [ 110.357214203000069, -6.956047990999934 ], [ 110.357393770000044, -6.956072761999962 ], [ 110.357617574000074, -6.956096798999965 ], [ 110.357787935000033, -6.956145167999978 ], [ 110.35797393100006, -6.956150107999974 ], [ 110.358119953000084, -6.95615644399993 ], [ 110.35824357100006, -6.956260171999929 ], [ 110.358360474000051, -6.956331009999928 ], [ 110.35840808100005, -6.956220711999947 ], [ 110.358424878000051, -6.956128642999943 ], [ 110.358565389000034, -6.956140888999926 ], [ 110.358648792000054, -6.956155129999956 ], [ 110.358565352000085, -6.956057983999926 ], [ 110.358431338000059, -6.956049908999944 ], [ 110.35828263500008, -6.955922972999929 ], [ 110.358267947000058, -6.955804111999953 ], [ 110.358222261000037, -6.95552190799998 ], [ 110.358152543000074, -6.955065288999947 ], [ 110.35822500200004, -6.954934625999954 ], [ 110.358273433000079, -6.954909147999956 ], [ 110.358684003000064, -6.954920110999979 ], [ 110.358973869000067, -6.954898363999973 ], [ 110.359020973000042, -6.954978718999939 ], [ 110.359007273000088, -6.955083311999942 ], [ 110.359092885000052, -6.955436280999947 ], [ 110.359118512000066, -6.955770405999942 ], [ 110.359173639000062, -6.955949949999933 ], [ 110.359138407000046, -6.956739872999947 ], [ 110.359131056000081, -6.957244798999966 ], [ 110.35911262500008, -6.95795975599998 ], [ 110.359152819000087, -6.958144844999936 ], [ 110.359096538000074, -6.958680354999956 ], [ 110.359036192000076, -6.958671656999968 ], [ 110.358594341000071, -6.958448149999981 ], [ 110.35858845100006, -6.958462495999981 ], [ 110.358698644000071, -6.958550578999962 ], [ 110.358827438000048, -6.958656000999952 ], [ 110.359022695000078, -6.958876108999959 ], [ 110.359090509000055, -6.958979614999976 ], [ 110.359141284000088, -6.959043928999961 ], [ 110.359141309000051, -6.959046585999943 ], [ 110.359076827000081, -6.959105726999951 ], [ 110.359055412000089, -6.959148556999935 ], [ 110.359048274000088, -6.959219940999958 ], [ 110.359055412000089, -6.959277047999933 ], [ 110.359048274000088, -6.959355569999957 ], [ 110.359093026000039, -6.959468621999974 ], [ 110.359058981000089, -6.959544736999931 ], [ 110.359051843000088, -6.959651812999937 ], [ 110.359062551000079, -6.959741042999951 ], [ 110.359041135000041, -6.959826702999976 ], [ 110.35903413300008, -6.959910736999973 ], [ 110.358951906000073, -6.959898086999942 ], [ 110.358909075000042, -6.959933778999925 ], [ 110.358894799000041, -6.960033715999941 ], [ 110.358894799000041, -6.960147929999948 ], [ 110.358901937000041, -6.960247867999954 ], [ 110.358934060000081, -6.96035137399997 ], [ 110.358959044000073, -6.960422757999936 ], [ 110.358919783000033, -6.960487003999958 ], [ 110.358880522000049, -6.960554817999935 ], [ 110.358891229000051, -6.960622632999957 ], [ 110.358912645000089, -6.960679739999932 ], [ 110.358912645000089, -6.960736846999964 ], [ 110.35888409100005, -6.960793953999939 ], [ 110.35888409100005, -6.960901029999945 ], [ 110.35888409100005, -6.961015243999952 ], [ 110.358891229000051, -6.961143734999951 ], [ 110.358898368000041, -6.961250810999957 ], [ 110.358880522000049, -6.96132576399998 ], [ 110.358834122000076, -6.961379301999955 ], [ 110.358823415000074, -6.961532776999945 ], [ 110.35888409100005, -6.961629144999961 ], [ 110.35888409100005, -6.961736220999967 ], [ 110.358941198000082, -6.961800465999943 ], [ 110.358966182000074, -6.961875418999966 ], [ 110.358837692000066, -6.961789758999942 ], [ 110.358598556000061, -6.961604160999968 ], [ 110.358502188000045, -6.961514930999954 ], [ 110.358348712000065, -6.961332901999981 ], [ 110.358202375000076, -6.961211549999973 ], [ 110.358127422000052, -6.961211549999973 ], [ 110.358103628000038, -6.961276984999927 ], [ 110.358092920000047, -6.961309106999977 ], [ 110.358057228000064, -6.961337660999959 ], [ 110.358092920000047, -6.961409044999925 ], [ 110.358199996000053, -6.96149470499995 ], [ 110.358274949000077, -6.961576796999964 ], [ 110.35846411600005, -6.961730271999954 ], [ 110.35864971400008, -6.961894454999936 ], [ 110.358760359000087, -6.962012237999943 ], [ 110.359010202000036, -6.962229958999956 ], [ 110.359049464000066, -6.96228349699993 ], [ 110.359170816000074, -6.962383433999946 ], [ 110.359274323000079, -6.962522632999935 ], [ 110.359399244000087, -6.96261900099995 ], [ 110.359741887000041, -6.96291167399994 ], [ 110.359991730000047, -6.96309727199997 ], [ 110.36006668300007, -6.963107979999961 ], [ 110.360159482000086, -6.963172224999937 ], [ 110.36006668300007, -6.963236470999959 ], [ 110.360091668000052, -6.963275731999943 ], [ 110.360130929000036, -6.963229332999958 ], [ 110.360191605000068, -6.963225762999969 ], [ 110.360266558000035, -6.96325074799995 ], [ 110.360305819000075, -6.963318561999927 ], [ 110.360355788000049, -6.963382807999949 ], [ 110.360423602000083, -6.963429206999933 ], [ 110.360498555000049, -6.963482744999965 ], [ 110.360569939000072, -6.96354699099993 ], [ 110.360602062000055, -6.963621943999954 ], [ 110.360659169000087, -6.96368975799993 ], [ 110.360730553000053, -6.963743295999961 ], [ 110.360834059000069, -6.963803971999937 ], [ 110.360955412000067, -6.963925324999934 ], [ 110.361055349000083, -6.96403240099994 ], [ 110.361155287000088, -6.964125199999955 ], [ 110.361244516000056, -6.964214428999981 ], [ 110.361301623000088, -6.964307227999939 ], [ 110.361394422000046, -6.964342919999979 ], [ 110.36147294500006, -6.96435719699997 ], [ 110.361447960000078, -6.964467841999976 ], [ 110.361380146000045, -6.964499964999959 ], [ 110.361383715000045, -6.964553502999934 ], [ 110.361390853000046, -6.964703408999981 ], [ 110.361437253000076, -6.964835468999979 ], [ 110.361483652000061, -6.964896144999955 ], [ 110.361497929000052, -6.964938974999939 ], [ 110.361501498000052, -6.965013927999962 ], [ 110.361530052000035, -6.965063896999936 ], [ 110.361594297000067, -6.965106726999977 ], [ 110.361801310000033, -6.965235217999975 ], [ 110.36195835500007, -6.965342293999981 ], [ 110.362143953000043, -6.965420815999948 ], [ 110.362197491000074, -6.96544223099994 ], [ 110.36226173600005, -6.965599275999978 ], [ 110.362293859000033, -6.965706350999938 ], [ 110.362308135000035, -6.965827703999935 ], [ 110.362358104000066, -6.965977609999925 ], [ 110.362372381000057, -6.966141792999963 ], [ 110.362386658000048, -6.966305975999944 ], [ 110.362340258000074, -6.966427327999952 ], [ 110.362272444000041, -6.966512988999966 ], [ 110.36226173600005, -6.966580802999943 ], [ 110.362190352000084, -6.966680740999948 ], [ 110.362197491000074, -6.966723570999932 ], [ 110.362172506000036, -6.966805661999956 ], [ 110.362093984000069, -6.966812800999946 ], [ 110.362140383000053, -6.96689132299997 ], [ 110.362165368000035, -6.966991259999929 ], [ 110.362172506000036, -6.96703765999996 ], [ 110.362193921000085, -6.967130458999975 ], [ 110.362211767000076, -6.967219688999933 ], [ 110.362222475000067, -6.96733747199994 ], [ 110.36225459800005, -6.967423132999954 ], [ 110.362340258000074, -6.967490946999931 ], [ 110.362461611000072, -6.967533776999971 ], [ 110.362615086000062, -6.967573038999944 ], [ 110.362793545000045, -6.967587314999946 ], [ 110.362854222000067, -6.967655129999969 ], [ 110.363089788000082, -6.967726513999935 ], [ 110.363118342000064, -6.967690821999952 ], [ 110.363293232000046, -6.967758636999974 ], [ 110.363243264000062, -6.968029894999972 ], [ 110.363122771000064, -6.968515897999964 ], [ 110.363058525000042, -6.968524464999973 ], [ 110.362998563000076, -6.968520181999963 ], [ 110.362928607000072, -6.968490199999962 ], [ 110.362872927000069, -6.968463073999942 ], [ 110.362842946000058, -6.968467356999952 ], [ 110.362810110000055, -6.968491627999981 ], [ 110.362764424000034, -6.968570149999948 ], [ 110.362728732000051, -6.968662948999963 ], [ 110.362687330000085, -6.968780018999951 ], [ 110.362625939000054, -6.968901370999959 ], [ 110.362575971000069, -6.969019867999975 ], [ 110.362501375000079, -6.969180838999932 ], [ 110.362460686000077, -6.969225096999935 ], [ 110.362138004000087, -6.968853782999929 ], [ 110.361663302000068, -6.968257727999969 ], [ 110.361245706000034, -6.967718780999974 ], [ 110.360685343000057, -6.967104879999965 ], [ 110.360381962000076, -6.966837189999978 ], [ 110.36008571900004, -6.966619469999955 ], [ 110.359678831000053, -6.966426732999935 ], [ 110.359446834000039, -6.966983526999968 ], [ 110.359382588000074, -6.966990664999969 ], [ 110.359136314000068, -6.966901435999944 ], [ 110.358665181000049, -6.966690852999932 ], [ 110.358144079000056, -6.966455286999974 ], [ 110.35774432900007, -6.966291103999936 ], [ 110.356609326000068, -6.965809262999926 ], [ 110.356445144000077, -6.965716463999968 ], [ 110.35565635200004, -6.965388097999949 ], [ 110.355303002000085, -6.965241761999948 ], [ 110.355110266000054, -6.965213207999966 ], [ 110.354767624000033, -6.965091855999958 ], [ 110.354786659000069, -6.964802750999979 ], [ 110.354833059000043, -6.964713520999965 ], [ 110.354836628000044, -6.96447438499996 ], [ 110.354908012000067, -6.963903314999925 ], [ 110.355004380000082, -6.963785531999974 ], [ 110.355050779000067, -6.963478580999947 ], [ 110.355140009000081, -6.963453596999955 ], [ 110.35528277700007, -6.963296551999974 ], [ 110.355344783000078, -6.962962900999969 ], [ 110.355465995000088, -6.962679676999926 ], [ 110.355558794000046, -6.962515493999945 ], [ 110.355570858000078, -6.962494812999978 ], [ 110.355136590000086, -6.962331961999951 ], [ 110.354922439000063, -6.962331961999951 ], [ 110.354577417000087, -6.962153501999978 ], [ 110.354222518000086, -6.961944201999927 ], [ 110.353934962000039, -6.961867966999932 ], [ 110.353221124000072, -6.96182037799997 ], [ 110.353447173000063, -6.960499776999939 ], [ 110.353589941000052, -6.960380803999954 ], [ 110.353720811000073, -6.960392700999932 ], [ 110.35387032400007, -6.960174881999933 ], [ 110.353915776000065, -6.960098556999981 ], [ 110.354054975000054, -6.960080710999932 ], [ 110.354219158000035, -6.960094986999934 ], [ 110.354301249000059, -6.960098556999981 ], [ 110.35431552600005, -6.960012895999967 ], [ 110.354126359000077, -6.959995049999975 ], [ 110.354106133000073, -6.959953409999969 ], [ 110.354238193000072, -6.959357354999952 ], [ 110.354252470000063, -6.959236001999955 ], [ 110.354363115000069, -6.958457917999965 ], [ 110.354072226000085, -6.958374041999946 ], [ 110.353502940000055, -6.958250904999943 ], [ 110.353142452000043, -6.958168813999976 ], [ 110.352799809000089, -6.958083152999961 ], [ 110.35281051700008, -6.957908262999979 ], [ 110.352616934000082, -6.957843028999946 ], [ 110.352303223000035, -6.95779684799993 ], [ 110.351865658000065, -6.958441965999953 ], [ 110.351421623000078, -6.95889688799997 ], [ 110.351167980000071, -6.958991135999952 ], [ 110.351086781000049, -6.958906923999962 ], [ 110.350768499000083, -6.958618753999929 ], [ 110.350439794000067, -6.958415819999971 ], [ 110.350088625000069, -6.958209203999957 ], [ 110.349052865000033, -6.957713808999927 ], [ 110.348772428000075, -6.95812562499998 ], [ 110.348729295000055, -6.958165392999945 ], [ 110.348631063000084, -6.958170763999931 ], [ 110.348495660000083, -6.958130822999976 ], [ 110.348391545000084, -6.958219330999952 ], [ 110.34829598400006, -6.958169064999936 ], [ 110.347837428000048, -6.957957263999958 ], [ 110.347579228000086, -6.957854607999934 ], [ 110.347251457000084, -6.957678442999963 ], [ 110.347018935000051, -6.957543620999957 ], [ 110.346954817000039, -6.957626263999941 ], [ 110.346773879000068, -6.957945267999946 ], [ 110.346688034000067, -6.958301152999979 ], [ 110.346620772000051, -6.95893333999993 ], [ 110.346613464000086, -6.959107804999974 ], [ 110.346403944000087, -6.95950374499995 ], [ 110.346259377000081, -6.959968886999945 ], [ 110.346182555000041, -6.960199382999974 ], [ 110.346097016000044, -6.960268241999927 ], [ 110.345957223000084, -6.960271215999967 ], [ 110.345915956000056, -6.960239960999957 ], [ 110.345821171000068, -6.960200327999928 ], [ 110.345411333000072, -6.960052103999942 ], [ 110.345301092000057, -6.960029152999937 ], [ 110.345168494000063, -6.960069517999955 ], [ 110.345044719000043, -6.960234649999961 ], [ 110.344995728000072, -6.960430671999973 ], [ 110.344921758000055, -6.960702459999936 ], [ 110.344764977000068, -6.961178007999933 ], [ 110.344723472000055, -6.961217646999955 ], [ 110.344641381000088, -6.961224784999956 ], [ 110.344534305000082, -6.961221215999956 ], [ 110.344430799000065, -6.961203369999964 ], [ 110.344245201000035, -6.961153400999933 ], [ 110.344063438000035, -6.961084522999954 ], [ 110.343952527000056, -6.961096293999958 ], [ 110.343794804000083, -6.961057776999951 ], [ 110.343768244000046, -6.961096673999975 ], [ 110.343730419000053, -6.961246374999973 ], [ 110.343756924000047, -6.961458033999975 ], [ 110.343732730000056, -6.961678614999926 ], [ 110.343691976000059, -6.961842254999965 ], [ 110.343746242000066, -6.962321380999981 ], [ 110.343649056000061, -6.962479262999977 ], [ 110.343438824000089, -6.962600132999967 ], [ 110.343246420000071, -6.962660591999963 ], [ 110.342995677000033, -6.96244586399996 ], [ 110.34292434300005, -6.962385817999973 ], [ 110.342529806000073, -6.962216450999961 ], [ 110.34231389100006, -6.962237391999963 ], [ 110.342144099000052, -6.962363928999935 ], [ 110.342026148000059, -6.962486456999954 ], [ 110.341981041000054, -6.962539120999963 ], [ 110.341993303000038, -6.962645678999934 ], [ 110.341989930000068, -6.962681997999937 ], [ 110.341992579000078, -6.962757842999963 ], [ 110.341907380000066, -6.962841628999968 ], [ 110.341833523000048, -6.962808066999969 ], [ 110.341800997000064, -6.962836003999939 ], [ 110.341681571000038, -6.963154365999969 ], [ 110.341456463000043, -6.96390669799996 ], [ 110.341416103000086, -6.964054110999939 ], [ 110.341330388000074, -6.96420945999995 ], [ 110.341192352000064, -6.964233613999966 ], [ 110.341042446000074, -6.964208628999927 ], [ 110.340892540000084, -6.964147952999951 ], [ 110.340753342000085, -6.964055153999936 ], [ 110.340724788000045, -6.964015892999953 ], [ 110.340767619000076, -6.96364469699995 ], [ 110.340803310000069, -6.963277069999947 ], [ 110.340781895000077, -6.963123594999956 ], [ 110.340821156000061, -6.96301294999995 ], [ 110.340806880000059, -6.962977257999967 ], [ 110.340649835000079, -6.962952273999974 ], [ 110.340335746000051, -6.962934427999926 ], [ 110.340135872000076, -6.962930858999925 ], [ 110.339964550000047, -6.962916581999934 ], [ 110.339839629000039, -6.962905874999933 ], [ 110.339686154000049, -6.962888028999942 ], [ 110.339568370000052, -6.962852336999958 ], [ 110.339454156000045, -6.96271670699997 ], [ 110.339429172000052, -6.962638184999946 ], [ 110.33940775700006, -6.962577508999971 ], [ 110.339382772000079, -6.962523970999939 ], [ 110.339354219000086, -6.962502555999947 ], [ 110.339268558000072, -6.962520401999939 ], [ 110.339190036000048, -6.962509693999948 ], [ 110.339093668000089, -6.962780952999935 ], [ 110.339022284000066, -6.962927289999925 ], [ 110.338925916000051, -6.963280639999937 ], [ 110.338833117000036, -6.963530482999943 ], [ 110.338793856000052, -6.963609004999967 ], [ 110.338747456000078, -6.963609004999967 ], [ 110.33861539600008, -6.963541190999933 ], [ 110.338661796000054, -6.96349835999996 ], [ 110.338576135000039, -6.963448391999975 ], [ 110.338504751000073, -6.963444821999929 ], [ 110.33842979800005, -6.963426975999937 ], [ 110.338372691000075, -6.963401991999945 ], [ 110.338354845000083, -6.963401991999945 ], [ 110.338301307000052, -6.963369868999962 ], [ 110.338233493000075, -6.963316331999977 ], [ 110.338179955000044, -6.963302054999929 ], [ 110.338147832000061, -6.963298485999928 ], [ 110.338126417000069, -6.963248516999954 ], [ 110.338062171000047, -6.963237808999963 ], [ 110.338030049000054, -6.963194978999979 ], [ 110.337962234000088, -6.96316999499993 ], [ 110.337830066000038, -6.96312267299993 ] ] ] } }
]
}
