{
"type": "FeatureCollection",
"name": "garpan2021",
"crs": { "type": "name", "properties": { "name": "urn:ogc:def:crs:OGC:1.3:CRS84" } },
"features": [
{ "type": "Feature", "properties": { "OBJECTID": 796.0, "NAMOBJ": "Garis Pantai", "THNSBDATA": "2017", "THNPBL": "2022", "SHAPE_Leng": 0.25080060595282599 }, "geometry": { "type": "MultiLineString", "coordinates": [ [ [ 110.359424358000069, -6.95464164699996 ], [ 110.359422573000074, -6.954366759999971 ], [ 110.359424715000046, -6.954196152999941 ], [ 110.359298204000083, -6.954184232999978 ], [ 110.359166490000064, -6.95417208899994 ], [ 110.358882100000073, -6.954150762999973 ], [ 110.358558757000083, -6.954153315999974 ], [ 110.35830429400005, -6.95414100499994 ], [ 110.358070804000079, -6.954116755999962 ], [ 110.357582863000061, -6.954071220999936 ], [ 110.357379308000077, -6.954050002999963 ], [ 110.357056039000042, -6.953998706999926 ], [ 110.356894382000064, -6.953989512999954 ], [ 110.356711808000057, -6.953950374999977 ], [ 110.356616045000067, -6.95392032899997 ], [ 110.356433443000071, -6.95390213099995 ], [ 110.355984386000046, -6.953883570999949 ], [ 110.355379714000037, -6.953816932999928 ], [ 110.354930669000055, -6.95378939699998 ], [ 110.354721151000035, -6.95375022099995 ], [ 110.354379903000051, -6.953710865999938 ], [ 110.353999792000081, -6.953629573999933 ], [ 110.353977176525007, -6.953625174301192 ] ], [ [ 110.353977176476008, -6.953625174291661 ], [ 110.353643615000067, -6.953560281999955 ], [ 110.353514924000081, -6.95352719899995 ], [ 110.353402021000079, -6.95351663799994 ], [ 110.353170024000065, -6.953473807999956 ], [ 110.352949924000086, -6.95341313199998 ], [ 110.352779792000035, -6.953375059999928 ], [ 110.352578728000083, -6.953325091999943 ], [ 110.352359818000082, -6.953272742999957 ], [ 110.352075867000053, -6.953251934999969 ], [ 110.351923781000039, -6.953257752999946 ], [ 110.351818847000061, -6.953254183999945 ], [ 110.351660375000051, -6.953246330999946 ], [ 110.351552585000036, -6.953244903999973 ], [ 110.351428378000037, -6.953220632999944 ], [ 110.351292355000055, -6.953177645999972 ], [ 110.351146411000059, -6.953140682999958 ], [ 110.351116002000083, -6.95313540099994 ], [ 110.351008926000077, -6.953105895999954 ], [ 110.350922790000084, -6.953085431999966 ], [ 110.350853309000058, -6.953074486999981 ], [ 110.350762890000055, -6.953061161999926 ], [ 110.350486555000089, -6.95304482399996 ], [ 110.350046851000059, -6.953018731999975 ], [ 110.349824098000056, -6.953025605999926 ], [ 110.349562576000039, -6.953005792999932 ], [ 110.349505468000075, -6.953001509999979 ], [ 110.349496902000055, -6.953002937999941 ], [ 110.349494999000058, -6.95301150399996 ], [ 110.349496902000055, -6.953018166999925 ], [ 110.349515462000056, -6.953023876999964 ], [ 110.349560434000068, -6.953026732999945 ], [ 110.349950904000082, -6.953053857999976 ], [ 110.350320047000082, -6.953080494999938 ], [ 110.350464922000072, -6.953101035999964 ], [ 110.350577654000062, -6.95310810999996 ], [ 110.35069115400006, -6.95312024499998 ], [ 110.350746295000079, -6.953138517999946 ], [ 110.350796573000082, -6.953151748999971 ], [ 110.350837443000046, -6.95316457499996 ], [ 110.350906923000082, -6.953192176999949 ], [ 110.350956416000088, -6.953212163999979 ], [ 110.35103827000006, -6.953255945999956 ], [ 110.351122027000088, -6.953306390999956 ], [ 110.351170568000043, -6.953344461999961 ], [ 110.351196266000045, -6.953371111999957 ], [ 110.351216253000075, -6.953374918999941 ], [ 110.351226723000082, -6.953365400999928 ], [ 110.351237193000088, -6.953351124999926 ], [ 110.351258132000055, -6.953332088999957 ], [ 110.351287637000041, -6.953325425999935 ], [ 110.351325709000037, -6.953323522999938 ], [ 110.351415176000046, -6.953331136999964 ], [ 110.351487512000062, -6.95333018499997 ], [ 110.351570317000039, -6.953337799999929 ], [ 110.351626472000078, -6.953349220999939 ], [ 110.351699760000088, -6.953358738999952 ], [ 110.351756867000063, -6.953375870999935 ], [ 110.351813022000044, -6.953394906999961 ], [ 110.351949127000069, -6.953423935999979 ], [ 110.352020511000035, -6.953475331999925 ], [ 110.352056203000075, -6.953518162999956 ], [ 110.352094750000049, -6.95356813099994 ], [ 110.352160423000043, -6.953608105999933 ], [ 110.352218958000037, -6.953626665999934 ], [ 110.352306046000081, -6.953676634999965 ], [ 110.352398845000039, -6.953739452999969 ], [ 110.352530192000074, -6.953839389999928 ], [ 110.352634412000043, -6.953922194999961 ], [ 110.352702941000075, -6.953966452999964 ], [ 110.35274434300004, -6.953982157999974 ], [ 110.352804306000053, -6.953995006999946 ], [ 110.352871406000077, -6.954014993999976 ], [ 110.35291423700005, -6.954033553999977 ], [ 110.352959922000082, -6.954039264999949 ], [ 110.352985621000073, -6.954032125999959 ], [ 110.353017029000057, -6.954003572999966 ], [ 110.353074137000078, -6.953976446999945 ], [ 110.353116967000062, -6.953970735999974 ], [ 110.353149803000065, -6.953977874999964 ], [ 110.353185495000048, -6.953992150999966 ], [ 110.353212621000068, -6.953975018999927 ], [ 110.353212621000068, -6.953946465999934 ], [ 110.353186923000067, -6.953905062999979 ], [ 110.353109828000072, -6.953827968999974 ], [ 110.35305272100004, -6.953782282999953 ], [ 110.352998470000045, -6.95374230799996 ], [ 110.352899960000059, -6.953686628999947 ], [ 110.352772897000079, -6.953638087999934 ], [ 110.352650112000049, -6.953598729999953 ], [ 110.352547795000078, -6.953568985999937 ], [ 110.352478791000067, -6.953536863999943 ], [ 110.352420494000057, -6.953492843999925 ], [ 110.352390751000087, -6.953463099999965 ], [ 110.352381233000074, -6.953436925999938 ], [ 110.352393130000053, -6.953425028999959 ], [ 110.35243001200007, -6.953430977999972 ], [ 110.352516862000073, -6.953465479999977 ], [ 110.352645353000071, -6.953515448999951 ], [ 110.352763136000078, -6.953545191999979 ], [ 110.352823812000054, -6.953548760999979 ], [ 110.352913042000068, -6.953547570999945 ], [ 110.352986806000047, -6.953558278999935 ], [ 110.35308079400005, -6.953591590999963 ], [ 110.353187870000056, -6.95362133499998 ], [ 110.353278290000048, -6.953637990999937 ], [ 110.353580539000063, -6.953709774999936 ], [ 110.353948696000089, -6.953776092999931 ], [ 110.353967534299926, -6.9537794511716 ] ], [ [ 110.353967534330621, -6.953779451177074 ], [ 110.354286921000039, -6.953836385999978 ], [ 110.354427601000054, -6.95386050999997 ], [ 110.354628133000062, -6.953902665999976 ], [ 110.354673025000068, -6.953914692999945 ], [ 110.354992220000042, -6.953948606999973 ], [ 110.355180197000038, -6.953967642999942 ], [ 110.355346760000089, -6.953986678999968 ], [ 110.355667987000061, -6.954009282999948 ], [ 110.355883328000061, -6.954025939999951 ], [ 110.356072495000035, -6.954061631999934 ], [ 110.356123654000044, -6.954100892999975 ], [ 110.356154825000033, -6.954157047999956 ], [ 110.356181951000053, -6.95421558299995 ], [ 110.356201938000083, -6.954264123999963 ], [ 110.356217880000088, -6.954323133999935 ], [ 110.356214311000087, -6.954364774999931 ], [ 110.356190517000073, -6.954395707999936 ], [ 110.356151255000043, -6.954404035999971 ], [ 110.356109615000037, -6.954409746999943 ], [ 110.356076778000045, -6.954403321999962 ], [ 110.356043942000042, -6.954407604999972 ], [ 110.356008964000068, -6.954420453999944 ], [ 110.355967561000057, -6.954444724999973 ], [ 110.355932583000083, -6.954460428999937 ], [ 110.355886897000062, -6.954466853999975 ], [ 110.355778394000083, -6.954476847999956 ], [ 110.355669177000038, -6.954483271999948 ], [ 110.355547824000041, -6.954483271999948 ], [ 110.355390066000041, -6.954476847999956 ], [ 110.355270141000062, -6.954467567999927 ], [ 110.355117380000081, -6.954461142999946 ], [ 110.355014587000085, -6.954450435999945 ], [ 110.354871105000086, -6.954461856999956 ], [ 110.354780448000042, -6.954471136999928 ], [ 110.354687649000084, -6.954485413999976 ], [ 110.354575576000059, -6.954498262999948 ], [ 110.354486347000034, -6.954508969999949 ], [ 110.354442802000051, -6.954518963999931 ], [ 110.354427098000087, -6.954528957999969 ], [ 110.35442067300005, -6.954543233999971 ], [ 110.354423529000087, -6.954560366999942 ], [ 110.354439233000051, -6.954577498999981 ], [ 110.354462790000071, -6.954596058999925 ], [ 110.354493485000035, -6.954621756999927 ], [ 110.354525608000074, -6.954648882999948 ], [ 110.354554161000067, -6.954653878999977 ], [ 110.35458200100004, -6.954651737999939 ], [ 110.354616265000061, -6.954647454999929 ], [ 110.354665520000083, -6.954648882999948 ], [ 110.354734049000058, -6.954648882999948 ], [ 110.35483117800004, -6.954645550999942 ], [ 110.354875198000059, -6.954632463999928 ], [ 110.354907321000042, -6.954621756999927 ], [ 110.354935874000034, -6.954626515999962 ], [ 110.354962048000061, -6.954638412999941 ], [ 110.354998930000079, -6.954650309999977 ], [ 110.35509767800005, -6.954650309999977 ], [ 110.355327296000041, -6.954647930999954 ], [ 110.355568811000069, -6.954646740999976 ], [ 110.355924540000046, -6.954655068999955 ], [ 110.356224353000073, -6.954657448999967 ], [ 110.356414234000056, -6.95465459299993 ], [ 110.356657890000065, -6.954683146999969 ], [ 110.35671499700004, -6.954725024999959 ], [ 110.356764490000046, -6.95478974699995 ], [ 110.356791140000041, -6.954865888999961 ], [ 110.35679685100007, -6.954951549999976 ], [ 110.356848247000073, -6.955060052999954 ], [ 110.356893933000038, -6.955096220999962 ], [ 110.357019568000055, -6.955115256999932 ], [ 110.357076675000087, -6.955119063999973 ], [ 110.357118554000067, -6.955132388999971 ], [ 110.357173757000055, -6.955138099999942 ], [ 110.357215636000035, -6.955128581999929 ], [ 110.357237908000059, -6.955098695999936 ], [ 110.35724076300005, -6.955074424999964 ], [ 110.357241239000075, -6.955041588999961 ], [ 110.357244094000066, -6.955014462999941 ], [ 110.357256943000039, -6.954990667999937 ], [ 110.357268365000039, -6.954983053999968 ], [ 110.357288352000069, -6.954982101999974 ], [ 110.357317858000044, -6.954990191999968 ], [ 110.357359736000035, -6.95499590299994 ], [ 110.357392097000059, -6.954990667999937 ], [ 110.357426242000088, -6.954978215999972 ], [ 110.357503575000067, -6.954961559999958 ], [ 110.357572579000077, -6.95497226699996 ], [ 110.357641583000088, -6.95500200999993 ], [ 110.357723675000045, -6.955023425999968 ], [ 110.357795059000068, -6.955048409999961 ], [ 110.357846217000088, -6.95504484099996 ], [ 110.357908083000041, -6.955031753999947 ], [ 110.357980656000052, -6.955026994999969 ], [ 110.358006831000068, -6.955040081999925 ], [ 110.358060368000054, -6.95506744599993 ], [ 110.358093681000071, -6.955140018999941 ], [ 110.358119855000041, -6.955261371999939 ], [ 110.358141270000033, -6.955435071999943 ], [ 110.358156737000058, -6.955636136999942 ], [ 110.358202145000064, -6.955991865999977 ], [ 110.358213447000082, -6.956024583999977 ], [ 110.358225939000079, -6.956042429999968 ], [ 110.358297323000045, -6.956041834999951 ], [ 110.358267947000058, -6.955804111999953 ], [ 110.358240821000038, -6.955650398999978 ], [ 110.358222261000037, -6.95552190799998 ], [ 110.358212743000081, -6.955428156999972 ], [ 110.358197991000054, -6.955337737999969 ], [ 110.358187521000048, -6.955307755999968 ], [ 110.358178955000085, -6.955264449999959 ], [ 110.358176099000048, -6.955202345999965 ], [ 110.358152543000074, -6.955065288999947 ], [ 110.358154684000056, -6.955015320999962 ], [ 110.358189662000086, -6.954953216999968 ], [ 110.35823963100006, -6.954908244999956 ], [ 110.358315298000036, -6.954866841999944 ], [ 110.358361697000078, -6.954856847999963 ], [ 110.358398817000079, -6.954848995999953 ], [ 110.358451641000045, -6.954626992999977 ], [ 110.358486619000075, -6.954583566999929 ], [ 110.358518980000042, -6.954577856999947 ], [ 110.358635097000047, -6.954592132999949 ], [ 110.358762637000041, -6.954603554999949 ], [ 110.358861622000063, -6.954615927999953 ], [ 110.35892539200006, -6.954635914999926 ], [ 110.359024377000082, -6.954660661999981 ], [ 110.359091002000071, -6.954674938999972 ], [ 110.359127170000079, -6.954690166999967 ], [ 110.359140495000076, -6.954708250999943 ], [ 110.359142826000038, -6.954739703999962 ], [ 110.359144183000069, -6.95475429399994 ], [ 110.359153936000041, -6.954790134999939 ], [ 110.359177802000033, -6.954852990999939 ], [ 110.359183733000066, -6.954894880999973 ], [ 110.359185608000075, -6.954925526999943 ], [ 110.359165681000036, -6.95496067199997 ], [ 110.35914168100004, -6.954996537999932 ], [ 110.359135661000039, -6.955020462999926 ], [ 110.359150598000042, -6.955044415999964 ], [ 110.359192480000047, -6.955068404999963 ], [ 110.359216378000042, -6.95510732799994 ], [ 110.359231262000037, -6.955170171999953 ], [ 110.359243153000079, -6.955233010999962 ], [ 110.359227956000041, -6.955400519999955 ], [ 110.359218885000075, -6.955466322999939 ], [ 110.359206825000058, -6.955529129999945 ], [ 110.359197798000082, -6.955562024999949 ], [ 110.359200687000055, -6.955639810999969 ], [ 110.35923349400008, -6.955732593999926 ], [ 110.359236386000077, -6.955807387999926 ], [ 110.359251268000037, -6.955850277999957 ], [ 110.359254105000048, -6.95587756499998 ], [ 110.35924686900006, -6.955914889999974 ], [ 110.359245255000076, -6.956045560999939 ], [ 110.359252333000086, -6.956124548999981 ], [ 110.359250828000086, -6.956174804999932 ], [ 110.35925648500006, -6.956242302999954 ], [ 110.359250680000059, -6.956283937999956 ], [ 110.359240574000069, -6.956318387999943 ], [ 110.359234779000076, -6.956352842999934 ], [ 110.359241910000037, -6.956393059999925 ], [ 110.359230281000066, -6.956490689999953 ], [ 110.359225921000075, -6.95652658299997 ], [ 110.359220060000041, -6.956609860999947 ], [ 110.359224118000043, -6.95679654199995 ], [ 110.359238298000037, -6.95693728599997 ], [ 110.359238206000043, -6.957004775999962 ], [ 110.35923097400007, -6.957039228999975 ], [ 110.359226640000088, -6.957056454999929 ], [ 110.359225166000044, -6.957083735999959 ], [ 110.359229434000042, -6.957115332999933 ], [ 110.359234989000072, -6.957257500999958 ], [ 110.359236306000071, -6.957346532999964 ], [ 110.359226122000052, -6.957438420999949 ], [ 110.359214551000036, -6.957492971999955 ], [ 110.359201477000056, -6.957596342999977 ], [ 110.359199945000057, -6.957666703999962 ], [ 110.35918106400004, -6.957813145999978 ], [ 110.359179396000059, -6.957984023999927 ], [ 110.359170635000055, -6.958085965999942 ], [ 110.359171934000074, -6.958187920999933 ], [ 110.359179014000063, -6.958265471999937 ], [ 110.359174590000066, -6.958348751999949 ], [ 110.359165850000068, -6.95843489799995 ], [ 110.359159890000058, -6.958591410999929 ], [ 110.359154060000037, -6.958651712999938 ], [ 110.359136797000076, -6.958664612999939 ], [ 110.359096538000074, -6.958680354999956 ], [ 110.359036192000076, -6.958671656999968 ], [ 110.358970157000044, -6.958619872999975 ], [ 110.358908451000048, -6.958555170999944 ], [ 110.358731901000056, -6.958399847999942 ], [ 110.358650081000064, -6.95833080999995 ], [ 110.358555342000045, -6.958251703999963 ], [ 110.358500799000069, -6.958202806999964 ], [ 110.358456273000058, -6.958185514999968 ], [ 110.358414588000073, -6.958192638999947 ], [ 110.358372886000041, -6.958212685999968 ], [ 110.358348424000042, -6.958235627999954 ], [ 110.358387151000045, -6.958290246999979 ], [ 110.358451742000057, -6.958347772999957 ], [ 110.358570882000038, -6.958448451999971 ], [ 110.358698644000071, -6.958550578999962 ], [ 110.358902482000076, -6.958717426999954 ], [ 110.358949857000084, -6.95875338999997 ], [ 110.35902593600008, -6.958816675999969 ], [ 110.359051772000043, -6.958839685999976 ], [ 110.359067541000059, -6.95886842699997 ], [ 110.359081871000058, -6.95889860099993 ], [ 110.359113452000088, -6.958924490999948 ], [ 110.359129234000079, -6.958943179999949 ], [ 110.359140680000053, -6.958980530999952 ], [ 110.35914193800005, -6.959112640999933 ], [ 110.359141755000053, -6.959247621999964 ], [ 110.359141693000083, -6.959293571999979 ], [ 110.359135896000055, -6.95932946399995 ], [ 110.359120465000046, -6.959369577999951 ], [ 110.359113254000079, -6.959388235999938 ], [ 110.359103882000056, -6.959411198999931 ], [ 110.359095224000043, -6.959437033999961 ], [ 110.359093764000079, -6.95945426399993 ], [ 110.359093026000039, -6.959468621999974 ], [ 110.359094435000088, -6.95948872799994 ], [ 110.359098718000041, -6.959509554999954 ], [ 110.359106594000082, -6.959530386999973 ], [ 110.359128086000055, -6.959577802999945 ], [ 110.359135946000038, -6.959610122999948 ], [ 110.359138077000068, -6.959628074999955 ], [ 110.359137287000067, -6.959681204999981 ], [ 110.359136018000072, -6.959757324999941 ], [ 110.359125412000083, -6.959807090999959 ], [ 110.359119553000085, -6.959888454999941 ], [ 110.359102232000055, -6.959944911999969 ], [ 110.359089729000061, -6.959980315999928 ], [ 110.359088659000065, -6.960062642999958 ], [ 110.35908276400005, -6.960170810999955 ], [ 110.35907594300005, -6.96025504499994 ], [ 110.359069158000068, -6.960313431999964 ], [ 110.359062292000033, -6.960431171999971 ], [ 110.359064801000045, -6.960700178999957 ], [ 110.359052895000048, -6.961031451999929 ], [ 110.359042892000048, -6.961342563999949 ], [ 110.359044909000033, -6.961621382999965 ], [ 110.359050620000062, -6.961824818999958 ], [ 110.359056560000056, -6.961860725999941 ], [ 110.359057712000038, -6.961894232999953 ], [ 110.359073210000076, -6.961945709999952 ], [ 110.359083951000059, -6.961973246999946 ], [ 110.359208317000082, -6.962107438999965 ], [ 110.359439120000047, -6.962349471999971 ], [ 110.360094267000079, -6.962913336999975 ], [ 110.360252168000045, -6.963045658999931 ], [ 110.360833565000064, -6.963507389999961 ], [ 110.361301530000048, -6.96389716799996 ], [ 110.363164251000057, -6.965418596999939 ], [ 110.363897362000046, -6.965988225999979 ], [ 110.363933702000054, -6.966038054999956 ], [ 110.363944826926854, -6.966060362010304 ] ], [ [ 110.363944826945186, -6.96606036204707 ], [ 110.363954723000063, -6.966080204999969 ], [ 110.363971939000066, -6.966101288999937 ], [ 110.363977641000076, -6.96613575899994 ], [ 110.363990992000083, -6.966181727999981 ], [ 110.36391410400006, -6.966361598999981 ], [ 110.36386598200005, -6.966524276999962 ], [ 110.363827517000061, -6.966629528999931 ], [ 110.363805291000062, -6.96666666699997 ], [ 110.363747562000071, -6.966763125999933 ], [ 110.363637512000082, -6.967068040999948 ], [ 110.363558247000071, -6.967234385999973 ], [ 110.363546683000038, -6.967284150999944 ], [ 110.363546626000073, -6.967326272999969 ], [ 110.36353315100007, -6.967372204999947 ], [ 110.363523498000063, -6.96742580199998 ], [ 110.36351004900007, -6.967452587999958 ], [ 110.363502348000054, -6.967479382999954 ], [ 110.363459891000048, -6.967703335999943 ], [ 110.36344633300007, -6.967810535999945 ], [ 110.363373148000051, -6.968086142999937 ], [ 110.363333552099164, -6.968085792603779 ] ], [ [ 110.363333552099149, -6.968085792603779 ], [ 110.363268394000045, -6.968085215999963 ], [ 110.363231274000043, -6.968212278999943 ], [ 110.363188444000059, -6.96835790199998 ], [ 110.363151324000057, -6.968489248999958 ], [ 110.363122771000064, -6.968515897999964 ], [ 110.363058525000042, -6.968524464999973 ], [ 110.362998563000076, -6.968520181999963 ], [ 110.362928607000072, -6.968490199999962 ], [ 110.362872927000069, -6.968463073999942 ], [ 110.362842946000058, -6.968467356999952 ], [ 110.362810110000055, -6.968491627999981 ], [ 110.362764424000034, -6.968570149999948 ], [ 110.362728732000051, -6.968662948999963 ], [ 110.362687330000085, -6.968780018999951 ], [ 110.362625939000054, -6.968901370999959 ], [ 110.362575971000069, -6.969019867999975 ], [ 110.362501375000079, -6.969180838999932 ], [ 110.362460686000077, -6.969225096999935 ], [ 110.362434274000066, -6.969249366999975 ], [ 110.362409289000084, -6.969280775999948 ], [ 110.362378594000063, -6.96931004399994 ], [ 110.362352182000052, -6.969320036999932 ], [ 110.362332135000088, -6.969318490999967 ], [ 110.362255993000076, -6.96923045099993 ], [ 110.362156055000071, -6.969123374999981 ], [ 110.362065636000068, -6.969023437999965 ], [ 110.361977596000088, -6.968918740999925 ], [ 110.361880038000038, -6.96883545999998 ], [ 110.361780101000079, -6.968752178999978 ], [ 110.361711096000079, -6.968702209999947 ], [ 110.361594027000081, -6.968685553999933 ], [ 110.361550245000046, -6.968700782999974 ], [ 110.361506462000079, -6.968717914999957 ], [ 110.361451259000034, -6.968700782999974 ], [ 110.361310395000089, -6.968578953999952 ], [ 110.36120950600008, -6.968504714999938 ], [ 110.361165724000045, -6.968497100999969 ], [ 110.361104809000039, -6.968558014999928 ], [ 110.361081967000075, -6.968617025999947 ], [ 110.361089581000044, -6.968710299999941 ], [ 110.361104809000039, -6.968887331999952 ], [ 110.36112765200005, -6.96900725699993 ], [ 110.361128961000077, -6.969078045999936 ], [ 110.361074709000036, -6.969174366999937 ], [ 110.360989049000068, -6.969298098999957 ], [ 110.360874835000061, -6.969435155999975 ], [ 110.36077870400004, -6.969556031999957 ], [ 110.360731115000078, -6.969617897999967 ], [ 110.360712079000052, -6.969630270999971 ], [ 110.36069494700007, -6.969628367999974 ], [ 110.36067496000004, -6.96961599499997 ], [ 110.360648310000045, -6.969587440999931 ], [ 110.360620232000088, -6.969556031999957 ], [ 110.360529813000085, -6.96944895699994 ], [ 110.360408460000087, -6.969368054999961 ], [ 110.360299005000059, -6.969296670999938 ], [ 110.360134822000077, -6.969184835999954 ], [ 110.359961122000072, -6.969068242999981 ], [ 110.359832631000074, -6.96895640799994 ], [ 110.359739832000059, -6.968865988999937 ], [ 110.359675586000037, -6.968749394999975 ], [ 110.359606582000083, -6.968651836999925 ], [ 110.359500339000078, -6.968613646999927 ], [ 110.359317596000039, -6.968567960999962 ], [ 110.359191961000079, -6.968537979999951 ], [ 110.359097734000045, -6.968543690999979 ], [ 110.35904491000008, -6.96853512499996 ], [ 110.358879300000069, -6.968468023999947 ], [ 110.358725111000069, -6.968429475999926 ], [ 110.358605186000034, -6.968420909999963 ], [ 110.358536657000059, -6.968382362999932 ], [ 110.358502393000038, -6.968335249999939 ], [ 110.358473839000055, -6.968320972999948 ], [ 110.35841244900007, -6.968319544999929 ], [ 110.358341066000037, -6.968329538999967 ], [ 110.358279675000063, -6.968363802999932 ], [ 110.358164034000083, -6.968405205999943 ], [ 110.358042681000086, -6.968435186999955 ], [ 110.35793417800005, -6.968463740999937 ], [ 110.357821391000073, -6.968483727999967 ], [ 110.357682907000083, -6.968475161999947 ], [ 110.357565837000038, -6.968449463999946 ], [ 110.35744591200006, -6.968450891999964 ], [ 110.357270308000068, -6.968476589999966 ], [ 110.357076144000075, -6.968486583999947 ], [ 110.356840577000071, -6.968438042999935 ], [ 110.356653552000068, -6.968372368999951 ], [ 110.356533627000033, -6.968330966999929 ], [ 110.356432262000055, -6.968280997999955 ], [ 110.356373727000062, -6.968273859999954 ], [ 110.356316620000086, -6.968285280999964 ], [ 110.356255230000045, -6.968299557999956 ], [ 110.356202406000079, -6.968289563999974 ], [ 110.356095330000073, -6.968275286999926 ], [ 110.355929720000063, -6.968273859999954 ], [ 110.355799801000046, -6.968261010999981 ], [ 110.355689870000049, -6.96821960799997 ], [ 110.355578511000033, -6.968196764999959 ], [ 110.355478574000074, -6.968196764999959 ], [ 110.355374354000048, -6.968216752999979 ], [ 110.355231586000059, -6.968241022999962 ], [ 110.35509310100008, -6.968258154999944 ], [ 110.354976032000081, -6.968275286999926 ], [ 110.354931774000079, -6.968269576999944 ], [ 110.354861818000074, -6.968242450999981 ], [ 110.354804711000043, -6.968232456999942 ], [ 110.354582964000087, -6.968212128999937 ], [ 110.354492544000038, -6.968240682999976 ], [ 110.354381185000079, -6.968286367999951 ], [ 110.354193684000052, -6.968338715999948 ], [ 110.353929088000086, -6.968340619999935 ], [ 110.35370256300007, -6.968319680999969 ], [ 110.353589301000056, -6.968303499999934 ], [ 110.353449389000048, -6.968349185999955 ], [ 110.353441774000089, -6.968424376999963 ], [ 110.353403703000083, -6.968471014999977 ], [ 110.353298055000039, -6.968534783999928 ], [ 110.353135300000076, -6.968585228999927 ], [ 110.352994436000074, -6.968634720999944 ], [ 110.35279646400005, -6.968733706999956 ], [ 110.352644179000038, -6.968851727999947 ], [ 110.352470954000069, -6.969023048999929 ], [ 110.35238505600006, -6.96910644999997 ], [ 110.35214413500006, -6.96913916699998 ], [ 110.351840754000079, -6.969157012999972 ], [ 110.351611731000048, -6.969121320999932 ], [ 110.351296452000042, -6.969014244999926 ], [ 110.35097522500007, -6.968856605999974 ], [ 110.350894918000051, -6.968823888999964 ], [ 110.350172157000088, -6.968776298999956 ], [ 110.349047862000077, -6.968713838999975 ], [ 110.349032066000063, -6.96858487999998 ], [ 110.349269417000073, -6.968129450999925 ], [ 110.349334733000035, -6.96800488599996 ], [ 110.349356149000073, -6.967923864999932 ], [ 110.349303550000059, -6.967894585999943 ], [ 110.349140771000066, -6.967827350999926 ], [ 110.348824913000044, -6.967606734999947 ], [ 110.348561801000074, -6.967347899999936 ], [ 110.34779422400004, -6.966687177999972 ], [ 110.347768657000074, -6.96666666699997 ], [ 110.34711235900005, -6.96614017099995 ], [ 110.346615762000056, -6.965852292999955 ], [ 110.346562061000043, -6.965714605999949 ], [ 110.346646099000054, -6.965565142999935 ], [ 110.346694176000085, -6.965439562999961 ], [ 110.346748274000049, -6.965290057999937 ], [ 110.346808392000071, -6.965116629999955 ], [ 110.346832617000075, -6.964919218999967 ], [ 110.346947008000086, -6.964470638999956 ], [ 110.347031086000072, -6.964291259999925 ], [ 110.347073216000069, -6.964135755999962 ], [ 110.347247137000068, -6.963938550999956 ], [ 110.347403219000057, -6.963651573999925 ], [ 110.347517203000052, -6.963496168999939 ], [ 110.347577297000043, -6.963340689999939 ], [ 110.347631518000071, -6.963101437999967 ], [ 110.347685681000087, -6.962904067999943 ], [ 110.34784759300004, -6.962730778999969 ], [ 110.347997397000086, -6.962653203999935 ], [ 110.348141130000045, -6.962635452999962 ], [ 110.348320848000071, -6.962575868999977 ], [ 110.34844670800004, -6.962492277999957 ], [ 110.348488805000045, -6.96236070599997 ], [ 110.348590821000073, -6.962199300999941 ], [ 110.348656893000054, -6.962049811999975 ], [ 110.348728946000051, -6.961906314999965 ], [ 110.348836925000057, -6.961762867999937 ], [ 110.348878996000053, -6.961649245999979 ], [ 110.34898116100004, -6.961380142999928 ], [ 110.349066567000079, -6.961105034999946 ], [ 110.34905735600006, -6.960836975999939 ], [ 110.349086328000055, -6.960669486999961 ], [ 110.349158525000064, -6.960420685999964 ], [ 110.349216160000083, -6.96031067499996 ], [ 110.349331205000055, -6.960253394999938 ], [ 110.349494028000038, -6.960287124999979 ], [ 110.349618515000088, -6.960330374999955 ], [ 110.34976699300006, -6.960344937999935 ], [ 110.349862851000069, -6.960306777999961 ], [ 110.34992040700007, -6.960254204999956 ], [ 110.349930079000046, -6.960187206999933 ], [ 110.349915788000033, -6.960129748999975 ], [ 110.349911142000053, -6.960024437999948 ], [ 110.349935258000073, -6.959904807999976 ], [ 110.349954551000053, -6.95980910399993 ], [ 110.350021753000078, -6.959708678999959 ], [ 110.350136831000043, -6.959627465999972 ], [ 110.350237485000036, -6.959584524999968 ], [ 110.350294851782067, -6.959580357869828 ] ], [ [ 110.350294851841539, -6.959580357865507 ], [ 110.350366835000045, -6.959575128999973 ], [ 110.350539238000067, -6.959608871999933 ], [ 110.350654171000087, -6.959632961999944 ], [ 110.350783541000055, -6.959609206999971 ], [ 110.350879432000056, -6.959547113999974 ], [ 110.35096578100007, -6.959456287999956 ], [ 110.351052117000052, -6.959375034999937 ], [ 110.351143237000088, -6.959298574999934 ], [ 110.351234331000057, -6.959241261999978 ], [ 110.351373366000075, -6.95915529499996 ], [ 110.351498031000062, -6.959069307999926 ], [ 110.351637093000079, -6.958964193999975 ], [ 110.351771384000074, -6.958844714999941 ], [ 110.351896101000079, -6.958720435999965 ], [ 110.351972863000071, -6.958634382999946 ], [ 110.352040038000041, -6.958553103999975 ], [ 110.352136033000079, -6.958414424999944 ], [ 110.352212775000055, -6.958342731999949 ], [ 110.352284740000073, -6.95826145999996 ], [ 110.352275278000036, -6.958175288999939 ], [ 110.35210754700006, -6.95822771099995 ], [ 110.351901180000084, -6.958509834999973 ], [ 110.351603837000084, -6.958763113999964 ], [ 110.351421623000078, -6.95889688799997 ], [ 110.35121554400007, -6.958968402999972 ], [ 110.351095709000049, -6.959025676999943 ], [ 110.351028475000078, -6.959150034999936 ], [ 110.350903777000042, -6.959259954999936 ], [ 110.35075985900005, -6.95941292699996 ], [ 110.350630404000071, -6.959498906999954 ], [ 110.350481959000035, -6.959460410999952 ], [ 110.350343128000077, -6.959397994999961 ], [ 110.350266549000082, -6.959350023999946 ], [ 110.350052756000082, -6.959225280999931 ], [ 110.349966459000086, -6.959277813999961 ], [ 110.349870391000081, -6.959469143999968 ], [ 110.349817520000045, -6.959598307999954 ], [ 110.349788511000042, -6.959792919999927 ], [ 110.349788247000049, -6.959984381999959 ], [ 110.34952463500008, -6.960091716999955 ], [ 110.349345017000076, -6.960079502999974 ], [ 110.349129472000072, -6.960067239999944 ], [ 110.348901737000062, -6.960210522999944 ], [ 110.348925276000045, -6.960509713999954 ], [ 110.348865052000065, -6.960760924999931 ], [ 110.348876565000069, -6.961095997999962 ], [ 110.348696534000055, -6.961382942999933 ], [ 110.348444649000044, -6.961669787999938 ], [ 110.348396301000037, -6.961992812999938 ], [ 110.348288206000063, -6.962220023999976 ], [ 110.348024477000081, -6.962411122999981 ], [ 110.347832684000082, -6.96254248799994 ], [ 110.347697726173422, -6.962609681535538 ] ], [ [ 110.347597407421745, -6.962659628780385 ], [ 110.347569037000085, -6.962673753999979 ], [ 110.347519889145374, -6.962739993703814 ] ], [ [ 110.347516876651412, -6.962744053834389 ], [ 110.347404063000056, -6.962896099999966 ], [ 110.34740378500004, -6.963097134999941 ], [ 110.34732682300006, -6.963326781999967 ], [ 110.347269155000049, -6.963460725999937 ], [ 110.347201786000085, -6.963680812999939 ], [ 110.347057866000057, -6.963833783999974 ], [ 110.346904484000049, -6.963900582999941 ], [ 110.34674169300007, -6.963842919999934 ], [ 110.346377750000045, -6.963756259999968 ], [ 110.345822196000086, -6.963669333999974 ], [ 110.344806815000084, -6.963553050999963 ], [ 110.344145995000076, -6.963379819999943 ], [ 110.343983298000069, -6.963255144999948 ], [ 110.343820641000036, -6.963101749999964 ], [ 110.343792166000071, -6.962910248999947 ], [ 110.343773377000048, -6.962642176999964 ], [ 110.343649056000061, -6.962479262999977 ], [ 110.343419030000064, -6.962545954999939 ], [ 110.343246420000071, -6.962660591999963 ], [ 110.343207592000056, -6.963024314999927 ], [ 110.343350901000065, -6.963311705999956 ], [ 110.343465628000047, -6.963484179999966 ], [ 110.34370473000007, -6.963781276999953 ], [ 110.343896222000069, -6.96386769999998 ], [ 110.344183652000083, -6.963858525999967 ], [ 110.344298965000064, -6.96360978599995 ], [ 110.344940691000033, -6.963735124999971 ], [ 110.346090161000063, -6.963880311999958 ], [ 110.346425243000056, -6.964053089999936 ], [ 110.346750863000068, -6.96413969799994 ], [ 110.346779459000061, -6.96424504099997 ], [ 110.346702338000057, -6.964589564999926 ], [ 110.346615794000058, -6.964819198999976 ], [ 110.346567494000055, -6.965106324999965 ], [ 110.346461604000069, -6.965469954999946 ], [ 110.346154454000043, -6.965881172999957 ], [ 110.345885825000039, -6.966148846999943 ], [ 110.345617541000081, -6.966167621999944 ], [ 110.345138603000066, -6.966099946999975 ], [ 110.344889600000045, -6.96603259099993 ], [ 110.344161898000038, -6.965725243999941 ], [ 110.343874759000073, -6.965523810999969 ], [ 110.343846230000054, -6.96537060199995 ], [ 110.343735692000052, -6.965055733999975 ], [ 110.34359917900008, -6.965048364999973 ], [ 110.343304465000074, -6.965126933999954 ], [ 110.342995611000049, -6.965040346999956 ], [ 110.342485734000036, -6.964831423999954 ], [ 110.342155474000037, -6.964637109999956 ], [ 110.342011675000037, -6.964701527999978 ], [ 110.341975618000049, -6.964794814999948 ], [ 110.341910678000033, -6.964988579999954 ], [ 110.341745383000045, -6.96500988899993 ], [ 110.340962470000079, -6.964793404999966 ], [ 110.340251312000078, -6.964648816999954 ], [ 110.340021418000049, -6.964619776999939 ], [ 110.339863339000033, -6.964619555999946 ], [ 110.339633244000083, -6.964734111999974 ], [ 110.339202228000033, -6.96465453199994 ], [ 110.338957944000072, -6.964639830999943 ], [ 110.338727829000049, -6.964768744999958 ], [ 110.338411518000044, -6.964876 ], [ 110.338059482000062, -6.964839607999977 ], [ 110.337721646000034, -6.964925292999965 ], [ 110.337427244000082, -6.964781283999969 ], [ 110.337252619000083, -6.964538481999966 ], [ 110.337480805000041, -6.964078098999948 ], [ 110.337771717000066, -6.963294233999932 ], [ 110.337963918000071, -6.962873288999958 ], [ 110.338055349000058, -6.962576651999939 ], [ 110.338050687000077, -6.962485700999935 ], [ 110.338017255000068, -6.962413856999945 ], [ 110.338022153000054, -6.962337278999939 ], [ 110.338030088000039, -6.962196624999933 ], [ 110.33806435200006, -6.962023875999932 ], [ 110.338044365000087, -6.961962485999948 ], [ 110.337146461000088, -6.961675511999943 ], [ 110.336519186000089, -6.961497530999964 ], [ 110.335760796000045, -6.961321101999943 ], [ 110.335325355000066, -6.961202604999926 ], [ 110.335181159000058, -6.961629479999942 ], [ 110.334481598000082, -6.961476718999961 ], [ 110.33442377700004, -6.961488139999972 ], [ 110.334355248000065, -6.961521690999973 ], [ 110.334264487000041, -6.961582852999925 ], [ 110.334191779000037, -6.961663030999944 ], [ 110.334165264000035, -6.961722890999965 ], [ 110.334134672000062, -6.961785096999961 ], [ 110.334118542000056, -6.961856395999973 ], [ 110.334107876000076, -6.962240779999945 ], [ 110.334143415000085, -6.96251605499998 ], [ 110.33390348000006, -6.962814874999935 ], [ 110.333628056000066, -6.962802520999958 ], [ 110.333330037000053, -6.962909811999964 ], [ 110.332248356000036, -6.963915306999979 ], [ 110.33118336800004, -6.965894499999933 ], [ 110.329469862000053, -6.965351728999963 ], [ 110.32927806400005, -6.965238941999928 ], [ 110.329484415000081, -6.964398249999931 ], [ 110.328438471000084, -6.964144064999971 ], [ 110.327817296000035, -6.963999396999952 ], [ 110.32736089000008, -6.963482890999956 ], [ 110.327093938000075, -6.964183970999954 ], [ 110.326892570000041, -6.964016181999966 ], [ 110.326619339000047, -6.964193515999966 ], [ 110.326373926000088, -6.964079068999979 ], [ 110.326305182000056, -6.964421708999964 ], [ 110.326988499000038, -6.964942916999973 ], [ 110.32684413700008, -6.966759690999936 ], [ 110.326164308000045, -6.968523246999951 ], [ 110.324502345000042, -6.967879819999951 ], [ 110.32285371100005, -6.96711711699993 ], [ 110.322225758000059, -6.966837855999927 ], [ 110.320911506000073, -6.965935594999962 ], [ 110.321215734000077, -6.965199277999943 ], [ 110.320203810000066, -6.963658376999945 ], [ 110.318866492000041, -6.96167380199995 ], [ 110.31785478900008, -6.960190787999977 ], [ 110.316831681000053, -6.958711427999958 ], [ 110.317040169000052, -6.956930272999955 ], [ 110.317374265000069, -6.956082915999957 ], [ 110.317821872000081, -6.955068590999929 ], [ 110.318117722000068, -6.954294472999948 ], [ 110.319314816000087, -6.954658108999979 ], [ 110.319506417000071, -6.954016524999929 ], [ 110.319239073000062, -6.952434044999961 ], [ 110.318909247000079, -6.952168441999959 ], [ 110.317225137000037, -6.953343704999952 ], [ 110.315817107000044, -6.954448280999941 ], [ 110.314089996000064, -6.955115743999954 ], [ 110.313189578000049, -6.956571155999939 ], [ 110.312107455000046, -6.958069646999945 ], [ 110.311076283000034, -6.958847339999977 ], [ 110.310542192000071, -6.958848605999947 ], [ 110.308718486000089, -6.95883663799998 ], [ 110.306914955000082, -6.958827179999957 ], [ 110.305078955000056, -6.958786207999935 ], [ 110.303245956000069, -6.95835595799997 ], [ 110.30469292500004, -6.956619299999943 ], [ 110.305478147000088, -6.954977471999939 ], [ 110.306156294000061, -6.953656870999964 ], [ 110.306655981000063, -6.952336269999932 ], [ 110.307512587000076, -6.952693188999945 ], [ 110.308012273000088, -6.951693815999931 ], [ 110.306834440000046, -6.951122744999964 ], [ 110.306834440000046, -6.950230446999967 ], [ 110.307334127000047, -6.94855292699998 ], [ 110.307869506000088, -6.947268017999932 ], [ 110.307798122000065, -6.946232952999935 ], [ 110.308097002000068, -6.944369356999971 ], [ 110.308996133000051, -6.943688590999955 ], [ 110.310506671000041, -6.942542027999934 ], [ 110.311657637000053, -6.941610330999936 ], [ 110.312448773000085, -6.941072995999946 ], [ 110.31201803600004, -6.940821079999978 ], [ 110.311407308000071, -6.940820193999969 ], [ 110.310292374000085, -6.941680145999953 ], [ 110.309680651000065, -6.942361332999951 ], [ 110.308026463000033, -6.943471784999929 ], [ 110.307413999000062, -6.944655549999936 ], [ 110.307143241000063, -6.946373507999965 ], [ 110.306734963000054, -6.947138751999944 ], [ 110.306108884000082, -6.949435355999981 ], [ 110.30567521100005, -6.951181792999932 ], [ 110.305577616000051, -6.952402206999977 ], [ 110.305408521000061, -6.953383190999944 ], [ 110.304760197000064, -6.954507065999962 ], [ 110.304328591000058, -6.954841486999953 ], [ 110.303561460000083, -6.955319008999936 ], [ 110.303033978000087, -6.95570115299995 ], [ 110.301931039000067, -6.956513231999963 ], [ 110.300422489000084, -6.956271679999929 ], [ 110.298938354000086, -6.955719037999927 ], [ 110.298124489000088, -6.955406710999966 ], [ 110.297143752000068, -6.954567619999978 ], [ 110.296761288000084, -6.954064470999981 ], [ 110.296450997000079, -6.95334603699996 ], [ 110.296284197000034, -6.952771409999968 ], [ 110.296740113000055, -6.952197708999961 ], [ 110.296764989000053, -6.951575501999969 ], [ 110.296335445000068, -6.95052183599995 ], [ 110.296575768000082, -6.94997174699995 ], [ 110.297031717000038, -6.94937411199993 ], [ 110.296745521000048, -6.948559983999928 ], [ 110.296171387000072, -6.948104414999932 ], [ 110.295573517000037, -6.947505215999968 ], [ 110.294903762000047, -6.946929841999975 ], [ 110.294917701000088, -6.946738841999945 ], [ 110.294974861000071, -6.946681894999926 ], [ 110.295240570000033, -6.946417173999976 ], [ 110.295357799000044, -6.946300380999958 ], [ 110.295633692000081, -6.94598823299998 ], [ 110.296448465000083, -6.945152478999944 ], [ 110.29659077000008, -6.945006508999938 ], [ 110.296736728000042, -6.944835871999942 ], [ 110.297268781000071, -6.944213853999941 ], [ 110.297520622764111, -6.943919427942421 ] ], [ [ 110.297520624809948, -6.943919425550645 ], [ 110.29786450000006, -6.943517403999977 ], [ 110.29797009400005, -6.943373965999967 ], [ 110.298265816000082, -6.94260808599995 ], [ 110.298330669000052, -6.942481339999972 ], [ 110.298381206000045, -6.942318673999978 ], [ 110.298458094000068, -6.942151259999946 ], [ 110.298515794000082, -6.942002963999926 ], [ 110.298609420000048, -6.94185472099997 ], [ 110.298664699000085, -6.941723174999936 ], [ 110.298739168000054, -6.941572509999958 ], [ 110.298862911000072, -6.941302734999965 ], [ 110.298942165000085, -6.941154470999948 ], [ 110.299021406000065, -6.94101577999993 ], [ 110.299091016000034, -6.940910578999933 ], [ 110.299237325000036, -6.940767200999971 ], [ 110.299311685000077, -6.940689290999956 ], [ 110.299462786000049, -6.940543524999953 ], [ 110.299647414000049, -6.940400202999967 ], [ 110.299731797000049, -6.940325623999968 ], [ 110.299796099000048, -6.940268793999962 ], [ 110.299942335000082, -6.940173279999954 ], [ 110.300102835000075, -6.940149584999972 ], [ 110.300195286000076, -6.940147326999977 ], [ 110.300331819000064, -6.940135562999956 ], [ 110.300437603000034, -6.940143008999939 ], [ 110.300470715000074, -6.940145339999958 ], [ 110.300609604000044, -6.940159903999927 ], [ 110.300849030000052, -6.940210515999979 ], [ 110.300987905000056, -6.940234652999948 ], [ 110.301045416000079, -6.94021319899997 ], [ 110.301105362000044, -6.94016542199995 ], [ 110.301158376000046, -6.940108061999979 ], [ 110.30124237800004, -6.939988522999954 ], [ 110.301280793000046, -6.939923961999966 ], [ 110.301336076000041, -6.939790020999965 ], [ 110.301417732000061, -6.939636973999939 ], [ 110.301497014000063, -6.939469562999932 ], [ 110.301537821000068, -6.939407398999947 ], [ 110.30153839500008, -6.939406585999961 ], [ 110.301573184000063, -6.939329185999952 ], [ 110.301601118000065, -6.93931282099993 ], [ 110.301648248000049, -6.939232853999954 ], [ 110.301705841000057, -6.939156354999966 ], [ 110.301768237000033, -6.939070289999961 ], [ 110.301842542000088, -6.939029713999957 ], [ 110.302024629000073, -6.938984509999955 ], [ 110.302166553000063, -6.938938314999973 ], [ 110.302270972000088, -6.938890865999952 ], [ 110.302389002000041, -6.938843437999935 ], [ 110.302455619000057, -6.938812230999929 ], [ 110.30252160100008, -6.938781321999954 ], [ 110.302543363000041, -6.938771126999939 ], [ 110.30269317300008, -6.938707876999956 ], [ 110.30277940700006, -6.938685335999935 ], [ 110.302933788000075, -6.93859942399996 ], [ 110.303026852000073, -6.938561025999945 ], [ 110.303027549000035, -6.938560708999944 ], [ 110.303131269000062, -6.938513576999981 ], [ 110.303260644000034, -6.938463896999963 ], [ 110.30337415300005, -6.938405127999943 ], [ 110.303573852000056, -6.938353283999959 ], [ 110.303707714000041, -6.938337612999931 ], [ 110.303857411000081, -6.938351433999969 ], [ 110.303982162000068, -6.938360683999974 ], [ 110.303982261000044, -6.938360724999939 ], [ 110.304093250000051, -6.938406182999927 ], [ 110.304258796000056, -6.938440426999932 ], [ 110.304383501000075, -6.938481411999931 ], [ 110.304555892000053, -6.938488464999978 ], [ 110.304666323000049, -6.938486338999951 ], [ 110.304828063000059, -6.938482086999954 ], [ 110.304958414000055, -6.938437384999929 ], [ 110.305051412000068, -6.938397558999952 ], [ 110.305159892000063, -6.938276774999963 ], [ 110.305212906000065, -6.938225910999961 ], [ 110.305595749000076, -6.937858593999977 ], [ 110.305749373000083, -6.937637121999956 ], [ 110.305878537000069, -6.937588940999944 ], [ 110.306076153000049, -6.937629537999953 ], [ 110.306296485000075, -6.93773891799998 ], [ 110.306462943326025, -6.937781342283977 ] ], [ [ 110.306717737302449, -6.937870837177683 ], [ 110.30683276600007, -6.937921088999929 ], [ 110.306974033000074, -6.937872924999965 ], [ 110.307042744000057, -6.937784346999933 ], [ 110.307056720000048, -6.937729630999968 ], [ 110.307076128751262, -6.937653649363089 ] ], [ [ 110.307087922812201, -6.937607475282363 ], [ 110.30708887600008, -6.937603743999944 ], [ 110.307088761000045, -6.937596976999941 ], [ 110.307082102000038, -6.937205408999944 ], [ 110.307079395000073, -6.937110007999934 ], [ 110.307079367763507, -6.93710904825511 ] ] ] } },
{ "type": "Feature", "properties": { "OBJECTID": 890.0, "NAMOBJ": "Garis Penutup Sungai", "THNSBDATA": "2017", "THNPBL": "2022", "SHAPE_Leng": 0.000447091012543 }, "geometry": { "type": "MultiLineString", "coordinates": [ [ [ 110.359424358000069, -6.95464164699996 ], [ 110.359431518000065, -6.954641875999926 ], [ 110.359439352000038, -6.954642125999953 ], [ 110.359472994000043, -6.954643200999953 ], [ 110.359526432000052, -6.954644907999977 ], [ 110.359554597000056, -6.954645807999952 ], [ 110.35961222800006, -6.95464764899998 ], [ 110.35962683200006, -6.95464811599993 ], [ 110.35964927200007, -6.954648832999965 ], [ 110.359655719000045, -6.954649038999946 ], [ 110.359677005517298, -6.954649719108673 ] ], [ [ 110.359677005627887, -6.954649719112206 ], [ 110.359759036000071, -6.954652339999939 ], [ 110.359838795000087, -6.954654887999936 ], [ 110.359862993000036, -6.954655660999947 ], [ 110.359871221000049, -6.954655923999951 ] ] ] } },
{ "type": "Feature", "properties": { "OBJECTID": 917.0, "NAMOBJ": "Garis Pantai", "THNSBDATA": "2017", "THNPBL": "2022", "SHAPE_Leng": 0.026665990547050999 }, "geometry": { "type": "MultiLineString", "coordinates": [ [ [ 110.359871221000049, -6.954655923999951 ], [ 110.359898444000066, -6.954540258999941 ], [ 110.359919859000058, -6.95448410299997 ], [ 110.359948650000035, -6.954405342999962 ], [ 110.359972207000055, -6.954341097999929 ], [ 110.359981963000052, -6.954337290999945 ], [ 110.360001712000042, -6.954335386999958 ], [ 110.360041092000074, -6.954340145999936 ], [ 110.360149610000065, -6.954341771999964 ], [ 110.360195490000081, -6.954346688999976 ], [ 110.360235465000073, -6.954346688999976 ], [ 110.360261163000075, -6.954329556999937 ], [ 110.360275440000066, -6.954286726999953 ], [ 110.360298282000088, -6.954186789999937 ], [ 110.360345511000048, -6.954001712999968 ], [ 110.360377132000053, -6.953997447999939 ], [ 110.360479171000065, -6.953991841999937 ], [ 110.360546725000063, -6.953983316999938 ], [ 110.360592312000051, -6.953954498999963 ], [ 110.360623245000056, -6.953927848999967 ], [ 110.36065132300007, -6.953905481999925 ], [ 110.36068481600006, -6.953884421999931 ], [ 110.360723654000083, -6.95385719099994 ], [ 110.360749527000053, -6.953852917999939 ], [ 110.360796952000044, -6.953851545999953 ], [ 110.360818517000041, -6.953844395999965 ], [ 110.360844427000075, -6.953812838999966 ], [ 110.360855972000081, -6.953776955999956 ], [ 110.360871887000087, -6.953697998999928 ], [ 110.360877677000076, -6.953666415999976 ], [ 110.360902898000063, -6.953613390999976 ] ], [ [ 110.360902898000063, -6.953613390999976 ], [ 110.360914444482972, -6.953573514552856 ] ], [ [ 110.361124266584383, -6.953387654097808 ], [ 110.361131741000065, -6.953384997999933 ] ], [ [ 110.361131741000065, -6.953384997999933 ], [ 110.361137495666568, -6.953375935904479 ] ], [ [ 110.362060663881309, -6.952558193402369 ], [ 110.362128075000044, -6.952518777999956 ] ], [ [ 110.362128075000044, -6.952518777999956 ], [ 110.362473369000043, -6.952222476999964 ], [ 110.362665191000076, -6.952063581999937 ], [ 110.362883341000042, -6.951917885999933 ], [ 110.363165049000088, -6.951706459999969 ], [ 110.363284904000068, -6.951632428999972 ], [ 110.363504889000069, -6.951457815999959 ], [ 110.363566544000037, -6.951417124999978 ], [ 110.363620082000068, -6.951389165999956 ], [ 110.363667671000087, -6.951370725999936 ], [ 110.363709312000083, -6.95135466399995 ], [ 110.363761065000062, -6.951314212999932 ], [ 110.363865761000056, -6.95123093199993 ], [ 110.364000201000067, -6.951119691999963 ], [ 110.364122743000053, -6.951017375999925 ], [ 110.36439127500006, -6.950797522999949 ], [ 110.364557837000064, -6.950660703999972 ], [ 110.364755333000062, -6.950494141999968 ], [ 110.364948069000036, -6.950339476999943 ], [ 110.365247881000073, -6.95009558199996 ], [ 110.365523899000038, -6.94986477499998 ], [ 110.365728532000048, -6.949698707999971 ], [ 110.365870705000077, -6.949582708999969 ], [ 110.366085412000075, -6.949408928999958 ], [ 110.366163934000042, -6.949345278999942 ], [ 110.366191298000047, -6.949313750999977 ], [ 110.366210928000044, -6.949286981999933 ], [ 110.366228774000035, -6.949259617999928 ] ], [ [ 110.366228774000035, -6.949259617999928 ], [ 110.366244147974854, -6.949235810017767 ] ], [ [ 110.367662634662821, -6.948085566189541 ], [ 110.367695176516449, -6.948062095348784 ] ], [ [ 110.368357860518259, -6.947531114149837 ], [ 110.368373649923754, -6.947513835136424 ] ], [ [ 110.368373649923754, -6.947513835136424 ], [ 110.368390687729047, -6.947495189946387 ] ], [ [ 110.380517097460441, -6.94671675073957 ], [ 110.380527478000033, -6.946747892999952 ] ], [ [ 110.380527478000033, -6.946747892999952 ], [ 110.38054907214817, -6.946779453499 ] ] ] } },
{ "type": "Feature", "properties": { "OBJECTID": 923.0, "NAMOBJ": "Garis Pantai", "THNSBDATA": "2017", "THNPBL": "2022", "SHAPE_Leng": 0.13461080916485199 }, "geometry": { "type": "MultiLineString", "coordinates": [ [ [ 110.419145363088788, -6.951291962971076 ], [ 110.41911271400005, -6.952430686999946 ] ], [ [ 110.41915232796714, -6.95126913824156 ], [ 110.419162760199228, -6.951256967669452 ] ], [ [ 110.4195042467733, -6.951628191191483 ], [ 110.419517931712988, -6.951663734532225 ] ], [ [ 110.419545303065092, -6.949229786077978 ], [ 110.419646294513583, -6.947950150360273 ] ], [ [ 110.419646189000048, -6.951996851999979 ], [ 110.419625964000033, -6.952004941999974 ] ], [ [ 110.419625964000033, -6.952004941999974 ], [ 110.419825488855466, -6.952517539831437 ] ], [ [ 110.419633024383799, -6.951962660074271 ], [ 110.419646189000048, -6.951996851999979 ] ], [ [ 110.419832262727894, -6.952534942537028 ], [ 110.419832303000078, -6.95253504599998 ] ], [ [ 110.419832303000078, -6.95253504599998 ], [ 110.4198323111235, -6.952535072801589 ] ], [ [ 110.41985242127403, -6.952601422196829 ], [ 110.420027536000077, -6.953179177999971 ] ], [ [ 110.420027536000077, -6.953179177999971 ], [ 110.42007813500004, -6.953355358999943 ], [ 110.420109289000038, -6.953370617999951 ] ], [ [ 110.420109289000038, -6.953370617999951 ], [ 110.420112216090899, -6.95336971899934 ] ], [ [ 110.420188247000056, -6.950265600999955 ], [ 110.420138956102392, -6.950186307003841 ] ], [ [ 110.420144286365428, -6.947766574083544 ], [ 110.420157264000068, -6.947773917999939 ] ], [ [ 110.420157006000068, -6.950323451999964 ], [ 110.420188247000056, -6.950265600999955 ] ], [ [ 110.420312008246214, -6.950561128167552 ], [ 110.420157006000068, -6.950323451999964 ] ], [ [ 110.420157264000068, -6.947773917999939 ], [ 110.420227934000081, -6.947833880999951 ] ], [ [ 110.420227934000081, -6.947833880999951 ], [ 110.420232466584849, -6.947837846456551 ] ], [ [ 110.420270899050948, -6.953320982528711 ], [ 110.420271985000056, -6.953320648999977 ] ], [ [ 110.420271985000056, -6.953320648999977 ], [ 110.420275257000071, -6.953312617999927 ], [ 110.420291616000043, -6.953293284999972 ], [ 110.42028627500008, -6.953262337999945 ], [ 110.42030922400005, -6.953239211999971 ], [ 110.420292567000047, -6.953168303999973 ], [ 110.420392029000084, -6.953111672999967 ], [ 110.42032742300006, -6.95291057299994 ], [ 110.420342060000053, -6.952899900999967 ], [ 110.420312079000041, -6.952787589999957 ], [ 110.420267941000077, -6.952587404999974 ], [ 110.420261648000064, -6.952555762999964 ], [ 110.420253179000042, -6.952513179999926 ], [ 110.420246770000062, -6.952480953999952 ], [ 110.420241756000053, -6.952455740999937 ], [ 110.420309951000036, -6.952437009999926 ], [ 110.420396178000033, -6.952413326999931 ], [ 110.420493329000067, -6.952386642999954 ], [ 110.420651407000037, -6.952386836999949 ], [ 110.420717107000087, -6.952408808999962 ], [ 110.42079872000005, -6.952438204999964 ], [ 110.420859688000064, -6.952463676999969 ], [ 110.420941064000033, -6.952511641999934 ], [ 110.421022392000054, -6.952597900999933 ], [ 110.421082259000059, -6.952607546999957 ] ], [ [ 110.420741471000042, -6.950170421999928 ], [ 110.420504796298232, -6.950479578677474 ] ], [ [ 110.420550871235847, -6.948126937279715 ], [ 110.420596992156462, -6.948168781323234 ] ], [ [ 110.420596992156462, -6.948168781323234 ], [ 110.420635186562436, -6.948203433892266 ] ], [ [ 110.420658278092162, -6.950711809420903 ], [ 110.420961572000067, -6.950316758999975 ] ], [ [ 110.420961572000067, -6.950316758999975 ], [ 110.420741471000042, -6.950170421999928 ] ], [ [ 110.420803985801598, -6.948530999958219 ], [ 110.420798876000049, -6.948537110999951 ] ], [ [ 110.420798876000049, -6.948537110999951 ], [ 110.421631370000057, -6.949217216999955 ], [ 110.421727157000078, -6.949302741999929 ], [ 110.421874987000081, -6.949444279999966 ], [ 110.421948433000068, -6.949524645999929 ], [ 110.421915438000042, -6.949591211999973 ], [ 110.422363966000034, -6.949892808999948 ], [ 110.422716721000086, -6.950121236999962 ], [ 110.422924329000068, -6.950262219999956 ], [ 110.422983816000055, -6.950208681999925 ] ], [ [ 110.420866404552186, -6.948456350564005 ], [ 110.420828393830192, -6.948501809297846 ] ], [ [ 110.420878849634718, -6.94844146692947 ], [ 110.420866404552186, -6.948456350564005 ] ], [ [ 110.421082259000059, -6.952607546999957 ], [ 110.421085432997515, -6.952611332108433 ] ], [ [ 110.421113327732485, -6.95264459760392 ], [ 110.421113339362265, -6.95264461147285 ] ], [ [ 110.421113339362265, -6.95264461147285 ], [ 110.421113343995501, -6.952644616998152 ] ], [ [ 110.421115158000077, -6.953124539999976 ], [ 110.421189351023173, -6.953118778859522 ] ], [ [ 110.421128918000079, -6.952872144999958 ], [ 110.421067814000082, -6.952890719999971 ], [ 110.421029044000079, -6.95290250599993 ], [ 110.421001356000033, -6.952912589999926 ], [ 110.420974086000058, -6.952928116999942 ], [ 110.420962057000054, -6.952971181999942 ], [ 110.420959609000079, -6.953014257999939 ], [ 110.420992543000068, -6.95305531899993 ], [ 110.421018379000088, -6.953081198999939 ], [ 110.421062750000033, -6.953110506999963 ], [ 110.421115158000077, -6.953124539999976 ] ], [ [ 110.421217981058462, -6.953287682788473 ], [ 110.421117289000051, -6.953316702999928 ] ], [ [ 110.421117289000051, -6.953316702999928 ], [ 110.421100870000089, -6.95337380999996 ], [ 110.42111157800008, -6.953434485999935 ], [ 110.421073269000033, -6.953495875999977 ], [ 110.42106113300008, -6.953541561999941 ], [ 110.421079693000081, -6.953580108999972 ], [ 110.421245304000081, -6.953712168999971 ], [ 110.421341880000057, -6.953790154999979 ], [ 110.42137652100007, -6.953850323999973 ], [ 110.421098134000033, -6.953902109999945 ], [ 110.421100154000044, -6.953918873999953 ], [ 110.421074339000086, -6.953949401999978 ], [ 110.421082882000064, -6.953968222999947 ], [ 110.421114145000047, -6.953981991999967 ], [ 110.421116194000035, -6.954000773999951 ], [ 110.421457904000079, -6.953934545999971 ], [ 110.421460314000058, -6.953922582999951 ], [ 110.421481867000068, -6.953925001999949 ], [ 110.42148422300005, -6.953957314999968 ], [ 110.421492596000064, -6.953965701999948 ], [ 110.421491385000081, -6.95397646999993 ], [ 110.421481804000052, -6.953976457999943 ], [ 110.421481793000055, -6.953986031999932 ], [ 110.421471009000072, -6.953990804999933 ], [ 110.421492445000069, -6.954088956999954 ], [ 110.421540355000047, -6.954083031999971 ], [ 110.42156297400004, -6.954093049999926 ], [ 110.421582223000087, -6.954118681999944 ] ], [ [ 110.421174682079496, -6.952858233384335 ], [ 110.421128918000079, -6.952872144999958 ] ], [ [ 110.421369981000055, -6.95453189899996 ], [ 110.421262841000043, -6.954712841999935 ], [ 110.421163799000055, -6.95488166399997 ], [ 110.421106868000038, -6.954978308999955 ], [ 110.421157306000055, -6.955054135999944 ] ], [ [ 110.421157306000055, -6.955054135999944 ], [ 110.421168812083621, -6.955060998914686 ] ], [ [ 110.421226045000083, -6.951204725999958 ], [ 110.421158752845784, -6.951328982107455 ] ], [ [ 110.421246048892485, -6.951216642232288 ], [ 110.421226045000083, -6.951204725999958 ] ], [ [ 110.421338893176625, -6.951448009980377 ], [ 110.421408420000034, -6.951313365999965 ] ], [ [ 110.421365594000065, -6.951470015999973 ], [ 110.421345980276485, -6.951455980692028 ] ], [ [ 110.421563941000045, -6.951611950999961 ], [ 110.421553879000044, -6.951563933999978 ], [ 110.421382558000062, -6.951450908999959 ], [ 110.421365594000065, -6.951470015999973 ] ], [ [ 110.42157694681417, -6.954177985676151 ], [ 110.421369981000055, -6.95453189899996 ] ], [ [ 110.421408420000034, -6.951313365999965 ], [ 110.4213938319823, -6.951304675980793 ] ], [ [ 110.421457889718155, -6.955232040906145 ], [ 110.421495225000058, -6.955247055999962 ] ], [ [ 110.421495225000058, -6.955247055999962 ], [ 110.421591819000071, -6.955080247999945 ], [ 110.42164530000008, -6.954992885999957 ] ], [ [ 110.421660441749168, -6.95166250628347 ], [ 110.421563941000045, -6.951611950999961 ] ], [ [ 110.421582223000087, -6.954118681999944 ], [ 110.421583723080502, -6.9541250240381 ] ], [ [ 110.42164530000008, -6.954992885999957 ], [ 110.421636103903552, -6.954981567930606 ] ], [ [ 110.421879894000085, -6.951777473999925 ], [ 110.421758448883949, -6.951713850739655 ] ], [ [ 110.421954206075313, -6.951835787351869 ], [ 110.421879894000085, -6.951777473999925 ] ], [ [ 110.422095249000051, -6.951946464999935 ], [ 110.421985772368117, -6.951860557704947 ] ], [ [ 110.422139722000054, -6.951942366999958 ], [ 110.422095249000051, -6.951946464999935 ] ], [ [ 110.422156619563111, -6.951952259008294 ], [ 110.422139722000054, -6.951942366999958 ] ], [ [ 110.422392645455631, -6.952090431009139 ], [ 110.422380101210422, -6.952083087478138 ] ], [ [ 110.422447209067386, -6.952122373112307 ], [ 110.422392645455631, -6.952090431009139 ] ], [ [ 110.422531089221579, -6.951998164787584 ], [ 110.422452507900417, -6.952117784494305 ] ], [ [ 110.422630191000053, -6.951847307999969 ], [ 110.422625129398341, -6.951855012977487 ] ], [ [ 110.422631222829366, -6.951847309299978 ], [ 110.422630191000053, -6.951847307999969 ] ], [ [ 110.42265963300008, -6.952249784999935 ], [ 110.422638120980011, -6.952235929082224 ] ], [ [ 110.422650305787045, -6.952268816660217 ], [ 110.42265963300008, -6.952249784999935 ] ], [ [ 110.422670919000041, -6.952287900999977 ], [ 110.422668143042017, -6.952294614018838 ] ], [ [ 110.422707329000048, -6.95228411599993 ], [ 110.422670919000041, -6.952287900999977 ] ], [ [ 110.422698275000073, -6.951803883999958 ], [ 110.422683904833022, -6.951816616844198 ] ], [ [ 110.422694262820855, -6.952114006666939 ], [ 110.422697904000074, -6.952108433999967 ] ], [ [ 110.422697904000074, -6.952108433999967 ], [ 110.42270591944613, -6.952093690340107 ] ], [ [ 110.422856549000073, -6.951837753999939 ], [ 110.422918780000089, -6.951736172999972 ], [ 110.42292427600006, -6.951692671999979 ], [ 110.422880762000034, -6.951670865999972 ], [ 110.422853556000064, -6.951665393999974 ], [ 110.42283066300007, -6.951666795999927 ], [ 110.42281001300006, -6.951668059999975 ], [ 110.422771882000063, -6.951695205999954 ], [ 110.422739174000071, -6.951738672999966 ], [ 110.422698275000073, -6.951803883999958 ] ], [ [ 110.422728523693479, -6.95230393088629 ], [ 110.422707329000048, -6.95228411599993 ] ], [ [ 110.422817009295628, -6.951894500664944 ], [ 110.422856549000073, -6.951837753999939 ] ], [ [ 110.422983816000055, -6.950208681999925 ], [ 110.423018452759138, -6.950208297060811 ] ], [ [ 110.42338603917743, -6.950394582955602 ], [ 110.42367207500007, -6.950561436999976 ] ], [ [ 110.423403246000078, -6.946777587999975 ], [ 110.42345802733152, -6.943006157234125 ] ], [ [ 110.425170311000045, -6.948756361999926 ], [ 110.423649026000078, -6.947051984999973 ], [ 110.423403246000078, -6.946777587999975 ] ], [ [ 110.423460149400441, -6.942875935970399 ], [ 110.423515272000088, -6.939843567999958 ] ], [ [ 110.423512480161662, -6.955357366710741 ], [ 110.424173067000083, -6.955743690999952 ] ], [ [ 110.423515272000088, -6.939843567999958 ], [ 110.423564621000082, -6.93679078699995 ], [ 110.42362293900004, -6.935898265999981 ], [ 110.424475934000043, -6.935893586999953 ] ], [ [ 110.42367207500007, -6.950561436999976 ], [ 110.423672989786937, -6.950559876848615 ] ], [ [ 110.424173067000083, -6.955743690999952 ], [ 110.424371489703091, -6.955403685052838 ] ], [ [ 110.424269683000034, -6.953256740999961 ], [ 110.424266821308493, -6.95326165196138 ] ], [ [ 110.425280670000063, -6.953845764999926 ], [ 110.424269683000034, -6.953256740999961 ] ], [ [ 110.424417240039602, -6.955325289857826 ], [ 110.424639559975461, -6.954944334961002 ] ], [ [ 110.424475934000043, -6.935893586999953 ], [ 110.425135535907756, -6.935893744453365 ] ], [ [ 110.424639559975461, -6.954944334961002 ], [ 110.424989589767407, -6.954344543661298 ] ], [ [ 110.425182770861923, -6.951207179875015 ], [ 110.425105105000057, -6.951343446999942 ] ], [ [ 110.425105105000057, -6.951343446999942 ], [ 110.425109698082011, -6.951346070109956 ] ], [ [ 110.425264158252617, -6.948861751491364 ], [ 110.425170311000045, -6.948756361999926 ] ], [ [ 110.425279783604822, -6.953847283876805 ], [ 110.425280670000063, -6.953845764999926 ] ], [ [ 110.426352183000063, -6.950083591999942 ], [ 110.425440444954901, -6.949059719629943 ] ], [ [ 110.426187774832329, -6.951961759956512 ], [ 110.426193590000082, -6.951965080999969 ] ], [ [ 110.426196813907922, -6.93837286617262 ], [ 110.426188159000048, -6.93839363799998 ] ], [ [ 110.426188159000048, -6.93839363799998 ], [ 110.426189679000061, -6.938509966999959 ], [ 110.426178784000058, -6.939305023999964 ], [ 110.426167156000076, -6.940153541999962 ], [ 110.426156051000078, -6.940963860999943 ], [ 110.426526042000035, -6.942084181999974 ] ], [ [ 110.426193590000082, -6.951965080999969 ], [ 110.426217962992013, -6.951951692733978 ] ], [ [ 110.426204649284315, -6.935917451959109 ], [ 110.426216356000054, -6.936438623999948 ] ], [ [ 110.426216356000054, -6.936438623999948 ], [ 110.426259544058311, -6.93662589792166 ] ], [ [ 110.426298182807656, -6.951836705300288 ], [ 110.426591299536895, -6.951342320422849 ] ], [ [ 110.426584853000065, -6.950059068999963 ], [ 110.426496813000085, -6.949964485999942 ], [ 110.426352183000063, -6.950083591999942 ] ], [ [ 110.426589612000043, -6.950448110999957 ], [ 110.426413481053387, -6.950235941831328 ] ], [ [ 110.426526042000035, -6.942084181999974 ], [ 110.426591413913755, -6.942139231918393 ] ], [ [ 110.426572684614001, -6.950070989907766 ], [ 110.426584853000065, -6.950059068999963 ] ], [ [ 110.426700851000078, -6.950460602999954 ], [ 110.426655047000054, -6.950395167999943 ], [ 110.426589612000043, -6.950448110999957 ] ], [ [ 110.426591299536895, -6.951342320422849 ], [ 110.42659169585319, -6.951341651976586 ] ], [ [ 110.426591875772218, -6.942139620851028 ], [ 110.426616462000084, -6.942160324999975 ] ], [ [ 110.426616462000084, -6.942160324999975 ], [ 110.427452706000054, -6.941908597999941 ], [ 110.428343950000055, -6.944464118999974 ], [ 110.430267983000078, -6.943808814999954 ], [ 110.430271790000063, -6.943762653999954 ] ], [ [ 110.426666311925715, -6.951215800893404 ], [ 110.426672456000063, -6.951205437999931 ] ], [ [ 110.426672456000063, -6.951205437999931 ], [ 110.426756332000082, -6.951254811999945 ] ], [ [ 110.426690488969683, -6.950470558923999 ], [ 110.426700851000078, -6.950460602999954 ] ], [ [ 110.426756332000082, -6.951254811999945 ], [ 110.426984502074689, -6.950850585281442 ] ], [ [ 110.427059375000056, -6.950494772999946 ], [ 110.427035195087896, -6.950517049986835 ] ], [ [ 110.427082160000055, -6.950475474999962 ], [ 110.427059375000056, -6.950494772999946 ] ], [ [ 110.42713905710184, -6.950539048702862 ], [ 110.427082160000055, -6.950475474999962 ] ], [ [ 110.430271790000063, -6.943762653999954 ], [ 110.430277972889911, -6.943751993991784 ] ], [ [ 110.431970286293264, -6.943456259440879 ], [ 110.432032115000084, -6.943582528999968 ] ], [ [ 110.432032115000084, -6.943582528999968 ], [ 110.432139667000058, -6.943889002999981 ], [ 110.432190111000068, -6.944023204999951 ], [ 110.432204388000059, -6.944068889999926 ], [ 110.432242512000073, -6.944108827999969 ], [ 110.43229956600004, -6.944097443999965 ], [ 110.432457563000071, -6.944655189999935 ], [ 110.432578439000054, -6.945050179999953 ], [ 110.43258890900006, -6.945094913999981 ], [ 110.432647920000079, -6.945221500999935 ], [ 110.432669215000033, -6.945248687999936 ], [ 110.432683505000057, -6.945285306999949 ], [ 110.432847360000039, -6.945709267999973 ], [ 110.43298758800006, -6.946113306999962 ], [ 110.433215414000074, -6.946933860999934 ], [ 110.433329941000068, -6.947370630999956 ], [ 110.433368607000034, -6.947546116999945 ], [ 110.433427499000061, -6.947850726999945 ], [ 110.433421788000089, -6.948061071999973 ], [ 110.433387433000064, -6.948355819999961 ], [ 110.433377678000056, -6.948397488999944 ], [ 110.433367228000066, -6.948444571999971 ], [ 110.433290482000075, -6.948694978999981 ], [ 110.433247881000057, -6.948782655999935 ], [ 110.433241876000068, -6.948796709999954 ], [ 110.433097229000055, -6.948928146999947 ], [ 110.433347549000075, -6.949219392999964 ], [ 110.433370726000078, -6.949202828999944 ], [ 110.433422740000083, -6.94917656299998 ], [ 110.433462715000076, -6.949139442999979 ], [ 110.43348555700004, -6.949097564999931 ], [ 110.433514111000079, -6.949029035999956 ], [ 110.433540761000074, -6.948966217999953 ], [ 110.433560672000056, -6.948917972999936 ], [ 110.433562097000049, -6.94890758899993 ], [ 110.433562512000037, -6.948898897999925 ], [ 110.433529498000041, -6.948824068999954 ], [ 110.433722353000064, -6.948737387999927 ], [ 110.433755547000032, -6.948808697999937 ], [ 110.433759830000042, -6.94881060199998 ], [ 110.433766968000043, -6.948808221999968 ], [ 110.43379742500008, -6.948748259999945 ], [ 110.43381983200004, -6.94869158299997 ], [ 110.433864138000047, -6.948564995999959 ], [ 110.433916724000085, -6.948314081999968 ], [ 110.433918077000044, -6.948307961999944 ], [ 110.43391936200004, -6.94830567799994 ], [ 110.433922217000088, -6.948304821999955 ], [ 110.433926270000086, -6.948303728999974 ], [ 110.433927714000049, -6.948304571999927 ], [ 110.433939298000041, -6.948325283999964 ], [ 110.433946590000062, -6.948336062999942 ], [ 110.433961496000052, -6.948369816999957 ], [ 110.434049655000081, -6.94848581499997 ], [ 110.434596763000059, -6.949174351999943 ], [ 110.434756662000041, -6.949374226999964 ], [ 110.434975115000043, -6.94964456799994 ], [ 110.435008549000088, -6.949687443999949 ], [ 110.435080771000059, -6.94977991199994 ], [ 110.435216366000077, -6.949953587999971 ], [ 110.435255586000039, -6.950004133999926 ], [ 110.435316329000045, -6.950081748999935 ], [ 110.435321112000054, -6.950087977999942 ], [ 110.435391874000061, -6.950199828999928 ], [ 110.435460007000074, -6.950307130999931 ], [ 110.435478894000084, -6.950336111999945 ], [ 110.43550304200005, -6.95037204099998 ], [ 110.435525275000089, -6.950406530999942 ], [ 110.435547276000079, -6.95043551599997 ], [ 110.435568797000087, -6.950464500999942 ], [ 110.435593906000065, -6.950498275999962 ], [ 110.435626427000045, -6.950541872999963 ], [ 110.435661581000033, -6.950587866999967 ], [ 110.435698408000064, -6.950636494999969 ], [ 110.435990057000083, -6.951001617999964 ], [ 110.436038729000074, -6.951059234999946 ], [ 110.436076399000058, -6.951103914999976 ], [ 110.43611012100007, -6.951145717999964 ], [ 110.436136666000039, -6.951179734999926 ], [ 110.436164168000062, -6.951214948999962 ], [ 110.436196573000075, -6.951256152999974 ], [ 110.436227652000071, -6.951294601999962 ], [ 110.436253089000047, -6.951323746999947 ], [ 110.436279711000054, -6.951353897999979 ], [ 110.436304643000085, -6.95138501699995 ], [ 110.436324623000075, -6.951411175999965 ], [ 110.436349802000052, -6.951445992999936 ], [ 110.436372220000067, -6.951476677999949 ], [ 110.436382084000059, -6.951490510999975 ], [ 110.436391445000083, -6.95150319399994 ], [ 110.436401273000058, -6.951516847999926 ], [ 110.436409594000054, -6.951528740999947 ], [ 110.436411136000061, -6.951531003999946 ], [ 110.436411638000038, -6.95153154299993 ], [ 110.436412285000074, -6.951531830999954 ], [ 110.436412537000081, -6.951531615999954 ], [ 110.436412382000071, -6.951530885999944 ], [ 110.43641124800007, -6.951527114999976 ], [ 110.436407075000034, -6.951512330999947 ], [ 110.436404607000043, -6.951506264999978 ], [ 110.436402936000036, -6.951501237999935 ], [ 110.43639911300005, -6.951493454999934 ], [ 110.436393018000047, -6.951483036999946 ], [ 110.43637760200005, -6.951455734999968 ], [ 110.436362551000059, -6.951423765999948 ], [ 110.436342485000068, -6.951379585999973 ], [ 110.436332457000049, -6.951352648999944 ], [ 110.436327087000052, -6.951336846999936 ], [ 110.43632673500008, -6.951330383999959 ], [ 110.436330334000047, -6.951325362999967 ], [ 110.436356569000054, -6.951318213999969 ], [ 110.436376878000033, -6.951313960999926 ], [ 110.436409801000082, -6.951305593999962 ], [ 110.436417353000081, -6.951299499999948 ], [ 110.436423469000033, -6.951292326999976 ], [ 110.436424558000056, -6.951283353999941 ], [ 110.436423857000079, -6.951268274999961 ], [ 110.436423513000079, -6.951255350999929 ], [ 110.436424254000087, -6.951236324999968 ], [ 110.436424985000087, -6.951226273999964 ], [ 110.436426794000056, -6.951215505999926 ], [ 110.436430768000037, -6.951196842999934 ], [ 110.436436912000033, -6.951166335999972 ], [ 110.436460757000077, -6.951054715999931 ], [ 110.436505233000048, -6.950938090999955 ], [ 110.436532407000072, -6.950882090999926 ], [ 110.436535738000089, -6.950866386999962 ], [ 110.436530503000085, -6.950853061999965 ], [ 110.436527648000038, -6.950845922999974 ], [ 110.436529075000067, -6.950834977999932 ], [ 110.436545678000073, -6.950791313999957 ], [ 110.436552698000071, -6.950779833999945 ], [ 110.436567095000044, -6.950757234999969 ], [ 110.43657105300008, -6.950752213999976 ], [ 110.436579319000089, -6.95075006899998 ], [ 110.43658578700007, -6.950749358999929 ], [ 110.436595847000035, -6.95074901199996 ], [ 110.436608781000075, -6.95074866899995 ], [ 110.436619916000041, -6.950750117999974 ], [ 110.436633204000088, -6.950754440999958 ], [ 110.436658341000054, -6.950764163999963 ], [ 110.43666336800004, -6.950767041999939 ], [ 110.436665518000041, -6.950771352999936 ], [ 110.43666623200005, -6.950775661999955 ], [ 110.436663345000056, -6.950785709999934 ], [ 110.436661539000056, -6.950793964999946 ], [ 110.436652520000052, -6.950825545999976 ], [ 110.436648554000044, -6.950837028999956 ], [ 110.436642790000064, -6.950850842999955 ], [ 110.43660331500007, -6.950917306999941 ], [ 110.436595700000055, -6.950943956999936 ], [ 110.436600459000033, -6.950973461999979 ], [ 110.436568099000056, -6.951108139999974 ], [ 110.436556439000071, -6.951198416999944 ], [ 110.436571668000056, -6.951390676999949 ], [ 110.436587848000045, -6.95149727699993 ], [ 110.43661747200008, -6.951567137999973 ], [ 110.436623897000061, -6.951574989999926 ], [ 110.436632106000047, -6.951576774999978 ], [ 110.436685287000046, -6.951554288999944 ], [ 110.43668849900007, -6.951548577999972 ], [ 110.436687785000061, -6.951538226999958 ], [ 110.436648881000053, -6.951462917999947 ], [ 110.436629608000032, -6.951429366999946 ], [ 110.43662461100007, -6.951405096999963 ], [ 110.43661390300008, -6.951299804999962 ], [ 110.436605149000059, -6.951189235999948 ], [ 110.436606114000085, -6.951178024999933 ], [ 110.436610102000088, -6.951147634999927 ], [ 110.436659946000077, -6.950997732999951 ], [ 110.436693731000048, -6.950913189999937 ], [ 110.436719174000075, -6.950867268999957 ], [ 110.436757570000054, -6.950805087999981 ], [ 110.436774850000063, -6.950776149999967 ], [ 110.436854467000046, -6.950650688999929 ], [ 110.43688078100007, -6.950593667999954 ], [ 110.436975017000066, -6.950428160999934 ], [ 110.437003183000058, -6.950388947999954 ], [ 110.437045610000041, -6.95028033899996 ], [ 110.437054788000069, -6.950215729999968 ], [ 110.437057224000057, -6.950181268999927 ], [ 110.437057265000078, -6.950146805999964 ], [ 110.437057780000089, -6.950116650999973 ], [ 110.437055878000081, -6.95010468199996 ], [ 110.437058770000078, -6.950089846999958 ], [ 110.437064531000033, -6.950079322999954 ], [ 110.437079419000042, -6.95004727099996 ], [ 110.437095279000062, -6.950003252999977 ], [ 110.437103447000084, -6.949982200999955 ], [ 110.43710346000006, -6.949971191999964 ], [ 110.437098717000083, -6.949931935999928 ], [ 110.437092054000061, -6.949895549999951 ], [ 110.437086803000057, -6.949879747999944 ], [ 110.437073445000067, -6.949833779999949 ], [ 110.437062963000074, -6.949786379999978 ], [ 110.437053695000088, -6.949749646999976 ], [ 110.437045462000071, -6.94972378999995 ], [ 110.437036155000044, -6.949695417999976 ], [ 110.437023984000064, -6.949658785999929 ], [ 110.437015037000037, -6.949629336999976 ], [ 110.437008246000062, -6.949600250999936 ], [ 110.437002886000073, -6.949575832999926 ], [ 110.436998238000058, -6.94955644099997 ], [ 110.436993948000065, -6.949539203999962 ], [ 110.436989671000049, -6.94952705299994 ], [ 110.436982862000036, -6.949512684999945 ], [ 110.436961722000035, -6.949464913999975 ], [ 110.436953479000067, -6.949447671999962 ], [ 110.436949177000088, -6.949440127999935 ], [ 110.436942360000046, -6.949432221999928 ], [ 110.436929086000077, -6.949416409999969 ], [ 110.436915813000041, -6.949399880999977 ], [ 110.436896802000035, -6.949374727999952 ], [ 110.436879941000086, -6.949354245999928 ], [ 110.436843344000067, -6.949313635999943 ], [ 110.436809615000072, -6.949278054999979 ], [ 110.436783063000064, -6.949249662999932 ], [ 110.436763695000081, -6.949222714999962 ], [ 110.436735003000081, -6.94918103699996 ], [ 110.436716712000077, -6.949154090999969 ], [ 110.436704873000053, -6.949140075999935 ], [ 110.436686571000052, -6.949122462999981 ], [ 110.436663604000046, -6.949100536999936 ], [ 110.436636331000045, -6.949074297999971 ], [ 110.436614083000052, -6.94905201399996 ], [ 110.436602242000049, -6.94903979399993 ], [ 110.436593268000081, -6.949033679999957 ], [ 110.436581420000039, -6.949026844999935 ], [ 110.436573520000081, -6.949023963999934 ], [ 110.436563466000052, -6.949018925999951 ], [ 110.436562040000069, -6.949009948999958 ], [ 110.436562768000044, -6.949002051999969 ], [ 110.436564935000035, -6.948992002999944 ], [ 110.436564587000078, -6.948982309999963 ], [ 110.436562080000044, -6.94897584499995 ], [ 110.436548090000088, -6.948958236999943 ], [ 110.436534815000073, -6.948942784999929 ], [ 110.436522976000049, -6.948928769999952 ], [ 110.436513289000061, -6.948917628999936 ], [ 110.43650432000004, -6.948906848999968 ], [ 110.436494989000039, -6.948899298999947 ], [ 110.436485289000075, -6.948898927999949 ], [ 110.436477741000033, -6.948901790999969 ], [ 110.436468041000069, -6.948901061999948 ], [ 110.436461218000034, -6.948898540999949 ], [ 110.436450090000051, -6.948891346999972 ], [ 110.436437162000061, -6.948885946999951 ], [ 110.436431054000082, -6.94888629899998 ], [ 110.43642350500005, -6.948890238999979 ], [ 110.436417032000065, -6.948895974999971 ], [ 110.436411996000061, -6.948900635999962 ], [ 110.436407323000083, -6.948903142999939 ], [ 110.436400498000069, -6.948902057999931 ], [ 110.436391882000066, -6.948896662999971 ], [ 110.436380752000048, -6.948890546999962 ], [ 110.436364235000042, -6.948882628999968 ], [ 110.436355619000039, -6.948877233999951 ], [ 110.436349518000043, -6.948872200999972 ], [ 110.436340186000052, -6.948864650999951 ], [ 110.436329063000073, -6.948852790999979 ], [ 110.436316501000078, -6.94884200599995 ], [ 110.43630621300008, -6.948832539999955 ], [ 110.436296642000059, -6.948825348999947 ], [ 110.436289457000044, -6.948824861999981 ], [ 110.436280353000086, -6.948826765999968 ], [ 110.436270769000089, -6.948829625999963 ], [ 110.436263103000044, -6.948831531999929 ], [ 110.436255918000086, -6.94883056599997 ], [ 110.436248262000049, -6.948823854999944 ], [ 110.436232948000054, -6.948811391999925 ], [ 110.436214287000041, -6.948794137999926 ], [ 110.436204238000073, -6.948785509999936 ], [ 110.436198501000035, -6.948775929999954 ], [ 110.436199469000087, -6.948767793999934 ], [ 110.436199490000035, -6.948749604999932 ], [ 110.43619758300008, -6.948742422999942 ], [ 110.436189450000086, -6.948733796999932 ], [ 110.436180361000083, -6.948722776999944 ], [ 110.436162182000089, -6.948702651999952 ], [ 110.436138738000068, -6.948679647999938 ], [ 110.43611816300006, -6.948659997999926 ], [ 110.436095197000043, -6.948637473999952 ], [ 110.436060740000073, -6.948610148999933 ], [ 110.436024366000083, -6.948583779999979 ], [ 110.43598942400007, -6.948560761999943 ], [ 110.435961184000064, -6.948542060999955 ], [ 110.435936306000087, -6.948516661999975 ], [ 110.435900901000082, -6.94848024199996 ], [ 110.435878417000083, -6.948455324999941 ], [ 110.435856886000067, -6.948434237999948 ], [ 110.435844931000076, -6.948417469999981 ], [ 110.435834890000081, -6.948401183999977 ], [ 110.435822462000033, -6.94837962899993 ], [ 110.435812423000073, -6.948362385999928 ], [ 110.435806209000077, -6.948351368999965 ], [ 110.435801912000045, -6.94833891899998 ], [ 110.435801921000063, -6.948331738999968 ], [ 110.43580576100004, -6.948324562999971 ], [ 110.435811997000087, -6.948317869999926 ], [ 110.435823984000081, -6.948308310999948 ], [ 110.435836454000082, -6.948295401999928 ], [ 110.435849875000088, -6.948288237999975 ], [ 110.435861859000056, -6.948280592999936 ], [ 110.435870972000089, -6.948271509999927 ], [ 110.435876251000082, -6.948262899999975 ], [ 110.435876259000054, -6.948256198999957 ], [ 110.43586909000004, -6.948242308999966 ], [ 110.435864312000035, -6.948232250999979 ], [ 110.435856668000042, -6.948215488999949 ], [ 110.435849490000066, -6.948209257999963 ], [ 110.435840392000046, -6.948206374999927 ], [ 110.435828896000089, -6.948205882999957 ], [ 110.43582267000005, -6.948204917999931 ], [ 110.435815494000053, -6.94819677199996 ], [ 110.435808795000071, -6.948190541999963 ], [ 110.435796818000085, -6.948191963999932 ], [ 110.43579154400004, -6.948195786999975 ], [ 110.435789140000054, -6.948203441999965 ], [ 110.435796302000085, -6.948223075999977 ], [ 110.435802037000087, -6.948234570999944 ], [ 110.435806338000077, -6.948242712999956 ], [ 110.435813032000056, -6.948252772999979 ], [ 110.435815418000061, -6.948260912999956 ], [ 110.435815411000078, -6.948266656999976 ], [ 110.435805340000059, -6.948276217999933 ], [ 110.435795751000057, -6.948283386999947 ], [ 110.435783766000043, -6.94829103099994 ], [ 110.435771302000035, -6.948299152999937 ], [ 110.435761236000076, -6.94830488499997 ], [ 110.435750695000081, -6.948307265999972 ], [ 110.435741595000081, -6.948305818999927 ], [ 110.435735374000046, -6.94830006799998 ], [ 110.435731074000046, -6.948290967999981 ], [ 110.43572725100006, -6.948283783999955 ], [ 110.435720078000088, -6.948273244999939 ], [ 110.435712427000055, -6.94826222599994 ], [ 110.435703341000078, -6.948248812999964 ], [ 110.435693299000036, -6.94823396299995 ], [ 110.435682300000053, -6.948219110999958 ], [ 110.435669374000042, -6.948212393999938 ], [ 110.435656443000084, -6.948210463999942 ], [ 110.435643507000066, -6.948211884999978 ], [ 110.43561906900004, -6.948219035999955 ], [ 110.43560853200006, -6.948217586999931 ], [ 110.435601831000042, -6.948212792999925 ], [ 110.43559130400007, -6.948203684999953 ], [ 110.435585565000054, -6.948195540999961 ], [ 110.435578035000049, -6.948183206999943 ], [ 110.435578157000066, -6.948182057999929 ], [ 110.435574582000072, -6.948166975999925 ], [ 110.435574590000044, -6.94815979599997 ], [ 110.435584664000089, -6.948148319999973 ], [ 110.435595452000086, -6.948139716999947 ], [ 110.435614860000044, -6.948133277999943 ], [ 110.435643617000039, -6.948119670999972 ], [ 110.43566375000006, -6.948108206999962 ], [ 110.435681012000089, -6.948093867999944 ], [ 110.43568246600006, -6.948079509999957 ], [ 110.435673856000051, -6.948069446999966 ], [ 110.435657335000087, -6.948064401999943 ], [ 110.43564008900006, -6.948065816999929 ], [ 110.435619238000072, -6.94807727999995 ], [ 110.435602700000061, -6.948087311999927 ], [ 110.435578972000087, -6.948100925999938 ], [ 110.435570339000037, -6.948109531999933 ], [ 110.435559561000048, -6.948109518999956 ], [ 110.435540192000076, -6.948083647999965 ], [ 110.43553087500004, -6.948063532999981 ], [ 110.435527296000089, -6.948052040999926 ], [ 110.435530907000043, -6.948036248999927 ], [ 110.43554314000005, -6.948021185999949 ], [ 110.435558241000081, -6.948011151999935 ], [ 110.435581251000087, -6.947997537999981 ], [ 110.435598509000044, -6.947986070999946 ], [ 110.435608594000087, -6.947964542999955 ], [ 110.435613648000071, -6.947944444999962 ], [ 110.435611511000047, -6.947928646999969 ], [ 110.435604825000041, -6.947911645999966 ], [ 110.435602682000081, -6.94790087399997 ], [ 110.435609164000084, -6.947888675999934 ], [ 110.435619961000043, -6.947872174999929 ], [ 110.435619257000042, -6.947859967999932 ], [ 110.435611366000046, -6.947849906999977 ], [ 110.435597726000083, -6.947839119999969 ], [ 110.435584805000076, -6.947829052999964 ], [ 110.435581943000045, -6.947818997999946 ], [ 110.435586994000062, -6.947801053999967 ], [ 110.435590607000051, -6.947783826999967 ], [ 110.435587028000043, -6.947772333999978 ], [ 110.435575540000059, -6.947765140999934 ], [ 110.435564760000034, -6.947766563999949 ], [ 110.435553968000079, -6.94777875699998 ], [ 110.435543173000042, -6.94779310399997 ], [ 110.435530939000046, -6.947808884999972 ], [ 110.435514388000058, -6.947829686999967 ], [ 110.435504321000053, -6.947836136999967 ], [ 110.435492107000073, -6.947834686999954 ], [ 110.435477025000068, -6.947828924999953 ], [ 110.43546481900006, -6.94782172999993 ], [ 110.435453332000066, -6.947813100999952 ], [ 110.435445438000045, -6.947805192999965 ], [ 110.435444731000075, -6.947795140999972 ], [ 110.435451216000047, -6.947780070999954 ], [ 110.435460579000051, -6.94776213199998 ], [ 110.435464190000062, -6.947746339999981 ], [ 110.43545989100005, -6.947736282999927 ], [ 110.435447684000053, -6.947729088999949 ], [ 110.435431157000039, -6.947729786999957 ], [ 110.435414629000036, -6.947731921999946 ], [ 110.435400266000045, -6.947725442999968 ], [ 110.435385905000089, -6.947716809999974 ], [ 110.435373704000085, -6.947705306999978 ], [ 110.435364380000067, -6.947690935999958 ], [ 110.435357207000038, -6.947680875999936 ], [ 110.435348593000072, -6.947673685999973 ], [ 110.435340691000079, -6.947672239999974 ], [ 110.435327751000045, -6.947677250999959 ], [ 110.435321276000082, -6.947684422999941 ], [ 110.435315514000081, -6.947695903999943 ], [ 110.435306867000065, -6.947716714999956 ], [ 110.435300386000051, -6.947728195999957 ], [ 110.435291762000077, -6.947729620999951 ], [ 110.435274520000064, -6.947727446999977 ], [ 110.435252247000051, -6.947725983999931 ], [ 110.435235001000081, -6.947727399999962 ], [ 110.43522708900008, -6.947733851999942 ], [ 110.435217014000045, -6.947747481999954 ], [ 110.435201912000082, -6.947758233999934 ], [ 110.435186096000052, -6.947764676999952 ], [ 110.435163807000038, -6.947776855999962 ], [ 110.435153013000047, -6.947790484999928 ], [ 110.435145807000083, -6.947807707999971 ], [ 110.435139320000076, -6.947824932999936 ], [ 110.43513426700008, -6.947844311999972 ], [ 110.435130661000073, -6.947855077999975 ], [ 110.435123472000043, -6.947858658999962 ], [ 110.435108386000081, -6.947855768999943 ], [ 110.435088273000076, -6.947850718999973 ], [ 110.435060978000081, -6.947842788999935 ], [ 110.435037273000034, -6.94783773499995 ], [ 110.435013569000034, -6.947831244999975 ], [ 110.435003521000056, -6.947821898999962 ], [ 110.435002101000066, -6.94780753699996 ], [ 110.435001404000047, -6.947789586999932 ], [ 110.434992796000074, -6.947777369999926 ], [ 110.434974125000053, -6.947768013999962 ], [ 110.434953298000039, -6.947759373999929 ], [ 110.434932471000081, -6.947750732999964 ], [ 110.434913800000061, -6.947741376999943 ], [ 110.434889382000051, -6.947732013999939 ], [ 110.434870707000073, -6.947726246999935 ], [ 110.434857064000084, -6.947718093999981 ], [ 110.43485372400005, -6.94770755899998 ], [ 110.434848947000035, -6.947696543999939 ], [ 110.434843206000039, -6.947689835999938 ], [ 110.434831234000058, -6.947687428999927 ], [ 110.434818303000043, -6.947685019999938 ], [ 110.434804414000041, -6.947683088999952 ], [ 110.434792439000034, -6.947682116999943 ], [ 110.434782382000037, -6.947680190999961 ], [ 110.434777120000035, -6.947673961999953 ], [ 110.434776654000075, -6.947663430999967 ], [ 110.434775714000068, -6.947648590999961 ], [ 110.434773808000045, -6.94763997299998 ], [ 110.43476998400007, -6.947633266999958 ], [ 110.434763763000035, -6.947627515999955 ], [ 110.434747962000074, -6.947621752999964 ], [ 110.434727853000084, -6.947614069999929 ], [ 110.434711093000033, -6.947608784999943 ], [ 110.43469433000007, -6.947606371999939 ], [ 110.434688109000035, -6.947601577999933 ], [ 110.434686680000084, -6.947594395999943 ], [ 110.434691006000037, -6.947582434999958 ], [ 110.434698223000055, -6.947555637999926 ], [ 110.434701595000035, -6.947539845999927 ], [ 110.43470257000007, -6.947525965999944 ], [ 110.434695869000052, -6.947521171999938 ], [ 110.434687250000081, -6.947518289999948 ], [ 110.434678634000079, -6.947513013999981 ], [ 110.434675294000044, -6.947502000999975 ], [ 110.434673395000061, -6.947488116999978 ], [ 110.434671015000049, -6.947475190999967 ], [ 110.434663841000088, -6.947465608999948 ], [ 110.434649955000054, -6.947460805999981 ], [ 110.434630322000089, -6.94745551699998 ], [ 110.434615472000075, -6.947455498999943 ], [ 110.434604926000077, -6.947462187999975 ], [ 110.434597250000081, -6.947471751999956 ], [ 110.434585257000037, -6.94748657599996 ], [ 110.434574699000052, -6.947502837999934 ], [ 110.434563663000063, -6.947518141999979 ], [ 110.434555998000064, -6.947519089999957 ], [ 110.434546423000086, -6.947514291999937 ], [ 110.434529672000053, -6.947502305999933 ], [ 110.434511483000051, -6.94749031799995 ], [ 110.434499996000056, -6.947482166999976 ], [ 110.434496171000035, -6.947476417999951 ], [ 110.434495221000077, -6.947469715999944 ], [ 110.434498588000054, -6.947458231999974 ], [ 110.434502916000042, -6.947443876999955 ], [ 110.434506284000065, -6.947431435999931 ], [ 110.434507736000057, -6.947419470999932 ], [ 110.434502473000066, -6.947413720999975 ], [ 110.434490985000082, -6.947406526999941 ], [ 110.434477105000042, -6.94739693799994 ], [ 110.43446322300008, -6.947388783999941 ], [ 110.434452691000047, -6.947383984999931 ], [ 110.434446939000054, -6.947386370999936 ], [ 110.434437828000057, -6.947394975999941 ], [ 110.434428237000077, -6.947403579999957 ], [ 110.434421046000068, -6.947408358999951 ], [ 110.434413861000053, -6.947407870999939 ], [ 110.434407637000049, -6.947405470999968 ], [ 110.434400460000063, -6.947398281999938 ], [ 110.434377486000074, -6.947382936999929 ], [ 110.434309994000046, -6.947340734999955 ], [ 110.434263562000069, -6.947312916999977 ], [ 110.434236756000075, -6.94729708899996 ], [ 110.434225747000085, -6.947290374999966 ], [ 110.434221445000048, -6.947282231999964 ], [ 110.434221458000081, -6.947271701999966 ], [ 110.434223864000046, -6.947262130999945 ], [ 110.43423731200005, -6.94723246999996 ], [ 110.434241639000049, -6.947219072999928 ], [ 110.434242615000073, -6.947204713999952 ], [ 110.434236396000074, -6.947197526999958 ], [ 110.434224904000075, -6.947193683999956 ], [ 110.434210059000065, -6.947189836999939 ], [ 110.43419569200006, -6.947186468999973 ], [ 110.434190905000037, -6.947184548999928 ], [ 110.434188038000059, -6.947177843999953 ], [ 110.43418709000008, -6.947169705999954 ], [ 110.434184706000053, -6.947160129999929 ], [ 110.434175184000082, -6.94711177399995 ], [ 110.434151803000077, -6.947002075999933 ], [ 110.434144710000055, -6.946964564999973 ], [ 110.434143523000046, -6.946956485999976 ], [ 110.43414352700006, -6.946952596999949 ], [ 110.43414742300007, -6.946949609999933 ], [ 110.434169586000053, -6.946942156999967 ], [ 110.434193248000042, -6.946934107999937 ], [ 110.434214214000065, -6.946926653999981 ], [ 110.434227392000082, -6.94692218199998 ], [ 110.434233382000059, -6.946920693999971 ], [ 110.434238471000072, -6.946920998999929 ], [ 110.434243559000038, -6.946921901999929 ], [ 110.434255532000066, -6.94692460899995 ], [ 110.434289055000079, -6.946931230999951 ], [ 110.434333954000067, -6.946939062999945 ], [ 110.434341738000057, -6.946939071999964 ], [ 110.434348624000052, -6.946938780999972 ], [ 110.434357008000063, -6.946938192999937 ], [ 110.434404973000085, -6.946935628999938 ], [ 110.434422459000075, -6.946933974999979 ], [ 110.434439946000055, -6.94693160199995 ], [ 110.434449768000036, -6.946930177999945 ], [ 110.43448330800004, -6.946922798999935 ], [ 110.434551586000055, -6.946908280999935 ], [ 110.434625734000065, -6.946891687999937 ], [ 110.434704787000044, -6.946879097999954 ], [ 110.434771144000081, -6.946869124999978 ], [ 110.434820732000048, -6.946861285999944 ], [ 110.434833428000047, -6.946859146999941 ], [ 110.43484707600004, -6.946862513999974 ], [ 110.434913405000088, -6.94687575699993 ], [ 110.434982819000084, -6.946888348999948 ], [ 110.435030950000055, -6.946897021999973 ], [ 110.435064857000043, -6.946903237999948 ], [ 110.435096035000072, -6.946908443999973 ], [ 110.435113852000086, -6.94691133799995 ], [ 110.435121467000045, -6.946912064999935 ], [ 110.435131097000067, -6.946910783999954 ], [ 110.435134404000053, -6.946909063999954 ], [ 110.435137715000053, -6.946904472999961 ], [ 110.435143330000074, -6.946895719999929 ], [ 110.435153407000087, -6.946881228999928 ], [ 110.435166939000055, -6.946860853999965 ], [ 110.435178745000087, -6.946842582999977 ], [ 110.435181048000061, -6.946839857999976 ], [ 110.435183778000066, -6.946839860999944 ], [ 110.435186220000048, -6.946841012999926 ], [ 110.435189379000064, -6.946842882999931 ], [ 110.435191819000067, -6.946845039999971 ], [ 110.435195839000073, -6.946848203999934 ], [ 110.435199285000067, -6.946851223999943 ], [ 110.435205027000052, -6.946856112999967 ], [ 110.435210052000059, -6.946859851999932 ], [ 110.435213499000042, -6.946861866999939 ], [ 110.435215799000048, -6.946860863999973 ], [ 110.435217957000077, -6.946859143999973 ], [ 110.435220835000052, -6.946856274999959 ], [ 110.435222275000058, -6.946853117999979 ], [ 110.435221417000037, -6.946850387999973 ], [ 110.435218689000067, -6.946847799999944 ], [ 110.435219124000071, -6.946844641999974 ], [ 110.435221140000067, -6.946841628999948 ], [ 110.435225745000082, -6.946836176999966 ], [ 110.435228623000057, -6.946832446999963 ], [ 110.435231933000068, -6.946828573999937 ], [ 110.435235672000033, -6.94682613699996 ], [ 110.435239696000053, -6.946825997999952 ], [ 110.435242714000083, -6.946826432999956 ], [ 110.435246163000045, -6.946826149999936 ], [ 110.435248751000074, -6.946825290999925 ], [ 110.435251052000069, -6.94682342699997 ], [ 110.435255801000039, -6.946818119999932 ], [ 110.435260406000054, -6.946812668999939 ], [ 110.435269471000083, -6.946802914999978 ], [ 110.435277672000041, -6.946794738999927 ], [ 110.435295369000073, -6.94677681099995 ], [ 110.435305729000049, -6.946766339999954 ], [ 110.435316231000058, -6.946756013999959 ], [ 110.435325872000078, -6.946745972999963 ], [ 110.435331627000039, -6.946740379999937 ], [ 110.435340404000044, -6.94673062499993 ], [ 110.435349183000085, -6.946720296999956 ], [ 110.435356522000063, -6.946711401999949 ], [ 110.435363454000083, -6.946703272999969 ], [ 110.435368058000051, -6.946698683999955 ], [ 110.435372661000088, -6.946694811999976 ], [ 110.435377265000056, -6.946690509999939 ], [ 110.435381006000057, -6.946686492999959 ], [ 110.435380292000048, -6.946682614999929 ], [ 110.435377853000034, -6.946679309999979 ], [ 110.435374549000073, -6.946678730999963 ], [ 110.435371816000043, -6.946680594999975 ], [ 110.435369081000033, -6.946684037999944 ], [ 110.435365773000058, -6.94668704999998 ], [ 110.43536318200006, -6.946690492999949 ], [ 110.435358435000069, -6.946693789999927 ], [ 110.435355130000062, -6.946694359999981 ], [ 110.435351538000077, -6.94669306399993 ], [ 110.435347710000087, -6.946690378999961 ], [ 110.435336707000033, -6.946677441999952 ], [ 110.435324272000059, -6.946661630999927 ], [ 110.435313269000062, -6.946649650999973 ], [ 110.435308969000062, -6.946640072999969 ], [ 110.435310896000033, -6.946630501999948 ], [ 110.435315697000078, -6.946621412999946 ], [ 110.435315230000072, -6.946611839999946 ], [ 110.435309493000034, -6.946602258999974 ], [ 110.435299451000049, -6.946587887999954 ], [ 110.435285583000052, -6.946567766999976 ], [ 110.43527649300006, -6.946558661999973 ], [ 110.435264519000043, -6.946557211999959 ], [ 110.435256370000047, -6.946561988999974 ], [ 110.435245827000074, -6.946565326999973 ], [ 110.435234337000054, -6.946560525999928 ], [ 110.435225723000087, -6.946553335999965 ], [ 110.435213763000036, -6.946539918999974 ], [ 110.435205633000066, -6.946528900999965 ], [ 110.435201812000059, -6.946519322999961 ], [ 110.435204699000053, -6.946508795999932 ], [ 110.435206625000035, -6.946500660999959 ], [ 110.435204719000069, -6.946492520999925 ], [ 110.435194671000033, -6.946482456999945 ], [ 110.435175528000059, -6.946467595999934 ], [ 110.435154949000037, -6.946451775999947 ], [ 110.43513643700004, -6.946440121999956 ], [ 110.435120282000071, -6.946430050999936 ], [ 110.435104127000045, -6.946419979999973 ], [ 110.435093, -6.946411350999938 ], [ 110.435090852000087, -6.946405244999937 ], [ 110.435091580000062, -6.946396988999936 ], [ 110.435095545000081, -6.946385864999968 ], [ 110.435101670000051, -6.94637187099994 ], [ 110.435109952000062, -6.946355366999967 ], [ 110.435118951000049, -6.946341017999941 ], [ 110.435126870000033, -6.946328462999929 ], [ 110.435141096000052, -6.946315475999938 ], [ 110.435157277000087, -6.946304126999962 ], [ 110.435168065000084, -6.946295763999956 ], [ 110.435174065000069, -6.946285000999978 ], [ 110.435175875000084, -6.94627423299994 ], [ 110.435171693000086, -6.946265851999954 ], [ 110.435171106000041, -6.946256277999964 ], [ 110.435178304000033, -6.946245515999976 ], [ 110.43518610700005, -6.946229370999959 ], [ 110.435195107000084, -6.946214422999958 ], [ 110.435206500000049, -6.946200674999943 ], [ 110.43521908300005, -6.946193509999944 ], [ 110.435234057000059, -6.946189339999933 ], [ 110.435242454000047, -6.946177382999963 ], [ 110.435249657000043, -6.946162433999973 ], [ 110.435253863000071, -6.946150471999943 ], [ 110.435255076000033, -6.946137310999973 ], [ 110.435253886000055, -6.946131325999943 ], [ 110.435248510000065, -6.946119950999957 ], [ 110.435243140000068, -6.946104387999981 ], [ 110.435243159000038, -6.946088233999944 ], [ 110.435250352000082, -6.946081659999948 ], [ 110.435252157000036, -6.946074482999961 ], [ 110.435253966000062, -6.94606371499998 ], [ 110.435262365000085, -6.946050561999925 ], [ 110.435285022000073, -6.946030723999968 ], [ 110.435311633000083, -6.94600993399996 ], [ 110.43532530300007, -6.945994872999961 ], [ 110.435328908000088, -6.945984106999958 ], [ 110.435338262000073, -6.945973347999939 ], [ 110.435401530000036, -6.94594183199996 ], [ 110.435421385000041, -6.945929090999925 ], [ 110.435454944000071, -6.945905197999934 ], [ 110.435485515000039, -6.945877112999938 ], [ 110.435526878000076, -6.945837672999971 ], [ 110.435544862000086, -6.94582034299998 ], [ 110.435555057000045, -6.945807191999961 ], [ 110.435573635000083, -6.945793451999975 ], [ 110.435584424000069, -6.945783891999952 ], [ 110.435593427000072, -6.945766550999963 ], [ 110.435602431000063, -6.945747414999971 ], [ 110.435610832000066, -6.945731868999928 ], [ 110.43561744200008, -6.945712131999926 ], [ 110.435624048000079, -6.945695984999929 ], [ 110.435625867000056, -6.945676840999965 ], [ 110.435625884000046, -6.945663078999928 ], [ 110.435622308000063, -6.945649313999979 ], [ 110.435615738000081, -6.945634945999927 ], [ 110.435610366000049, -6.945621177999953 ], [ 110.435607388000051, -6.945607412999948 ], [ 110.435611, -6.945591261999937 ], [ 110.435614007000083, -6.945580495999934 ], [ 110.435612225000057, -6.945567928999935 ], [ 110.435605652000049, -6.945557150999946 ], [ 110.435596086000089, -6.945544574999928 ], [ 110.435590717000082, -6.945528413999966 ], [ 110.43559312800005, -6.945514654999954 ], [ 110.435602121000045, -6.945505092999952 ], [ 110.435614109000085, -6.945494934999942 ], [ 110.435624305000033, -6.945480587999953 ], [ 110.435623726000074, -6.945463833999952 ], [ 110.435615367000082, -6.945444078999969 ], [ 110.435604012000056, -6.945425516999933 ], [ 110.435597444000052, -6.945409952999967 ], [ 110.435595062000061, -6.945399179999981 ], [ 110.435592080000049, -6.945389004999981 ], [ 110.435595094000064, -6.94537285399997 ], [ 110.435604084000033, -6.945365085999981 ], [ 110.435617266000065, -6.945357921999971 ], [ 110.435629249000044, -6.945351952999943 ], [ 110.435636440000053, -6.945347174999938 ], [ 110.435640041000056, -6.94534 ], [ 110.435638857000072, -6.945328629999949 ], [ 110.435636471000066, -6.945320848999927 ], [ 110.435625715000072, -6.945302287999937 ], [ 110.435613044000036, -6.945283484999948 ], [ 110.435610537000059, -6.94527666099998 ], [ 110.435611621000078, -6.945270918999938 ], [ 110.435616658000072, -6.945265180999968 ], [ 110.435623490000069, -6.945259803999932 ], [ 110.435632480000038, -6.945252993999929 ], [ 110.435643989000084, -6.945242955999959 ], [ 110.435655136000037, -6.945233993999977 ], [ 110.435667724000041, -6.945222520999948 ], [ 110.435678513000084, -6.945213558999967 ], [ 110.435686425000085, -6.945206746999929 ], [ 110.435690025000042, -6.945200289999946 ], [ 110.435679626000081, -6.945184122999933 ], [ 110.435667787000057, -6.945170107999957 ], [ 110.435665278000045, -6.945165437999947 ], [ 110.435664204000034, -6.945162204999974 ], [ 110.435664570000085, -6.945156461999943 ], [ 110.435668169000053, -6.945150721999937 ], [ 110.435676082000043, -6.945142833999967 ], [ 110.435686873000066, -6.945132076999926 ], [ 110.435695146000057, -6.945124188999955 ], [ 110.435707733000072, -6.94511343399995 ], [ 110.435719240000083, -6.945104113999946 ], [ 110.435728590000053, -6.945096226999965 ], [ 110.435737940000081, -6.945088698999939 ], [ 110.435750162000033, -6.94508296999993 ], [ 110.435760946000073, -6.945077596999965 ], [ 110.435775684000077, -6.945070793999946 ], [ 110.435787186000084, -6.945066140999927 ], [ 110.435797252000043, -6.945060767999962 ], [ 110.435803366000073, -6.945055030999981 ], [ 110.435806966000087, -6.945049291999965 ], [ 110.435808052000084, -6.945042471999955 ], [ 110.435806981000042, -6.945037085999957 ], [ 110.435802685000056, -6.945023797999966 ], [ 110.435795880000057, -6.945006557999932 ], [ 110.435787991000041, -6.944993624999938 ], [ 110.435767197000075, -6.944957699999975 ], [ 110.435746044000041, -6.944921056999931 ], [ 110.435737437000057, -6.944908122999948 ], [ 110.435729898000034, -6.944903446999945 ], [ 110.435723790000054, -6.944903798999974 ], [ 110.435715886000082, -6.944903789999955 ], [ 110.435701872000038, -6.944906285999934 ], [ 110.435682467000049, -6.94491057099998 ], [ 110.435670249000054, -6.944912709999926 ], [ 110.435658751000062, -6.944913773999929 ], [ 110.43565228600005, -6.944913047999933 ], [ 110.435639002000073, -6.944905492999965 ], [ 110.435628222000048, -6.944907274999935 ], [ 110.435621395000055, -6.944907625999974 ], [ 110.43561672800007, -6.944905466999955 ], [ 110.435612064000054, -6.944900075999954 ], [ 110.435605252000073, -6.944888220999928 ], [ 110.435595927000065, -6.944874926999944 ], [ 110.435588038000049, -6.94486199399995 ], [ 110.435582304000036, -6.944850139999971 ], [ 110.43557764500008, -6.944840441999929 ], [ 110.435578012000065, -6.944833979999942 ], [ 110.435580173000062, -6.944829674999937 ], [ 110.435588084000074, -6.944823221999968 ], [ 110.435601386000087, -6.944816057999958 ], [ 110.435612531000061, -6.944809609999936 ], [ 110.43562475300007, -6.944803161999971 ], [ 110.435635538000042, -6.944797430999927 ], [ 110.435644163000063, -6.944795286999977 ], [ 110.435650987000088, -6.944797090999941 ], [ 110.435655293000082, -6.944801044999963 ], [ 110.43565923400007, -6.944810382999947 ], [ 110.435665325000059, -6.944824390999941 ], [ 110.435669623000081, -6.944835524999974 ], [ 110.43567463800008, -6.944847377999963 ], [ 110.435681094000074, -6.944856719999962 ], [ 110.435687555000072, -6.944861034999974 ], [ 110.435697972000071, -6.944862483999941 ], [ 110.435709114000076, -6.944858906999968 ], [ 110.43571415100007, -6.944852450999974 ], [ 110.43571595800006, -6.944843836999951 ], [ 110.435713459000056, -6.944830551999928 ], [ 110.43571053800008, -6.944819119999977 ], [ 110.435707856000079, -6.944809243999941 ], [ 110.435705472000052, -6.944799967999927 ], [ 110.435703984000043, -6.944792187999951 ], [ 110.435703390000072, -6.944787998999971 ], [ 110.435704893000036, -6.944782914999962 ], [ 110.435707593000075, -6.944778429999928 ], [ 110.435712687000034, -6.944774546999952 ], [ 110.435719280000058, -6.944769468999937 ], [ 110.435728510000047, -6.94476218099993 ], [ 110.435732108000082, -6.94475751799996 ], [ 110.43573606800004, -6.944750701999965 ], [ 110.435739311000077, -6.944742089999977 ], [ 110.43574183700008, -6.944732758999976 ], [ 110.43574508100005, -6.944723787999976 ], [ 110.435745451000059, -6.944715530999929 ], [ 110.435744741000065, -6.944708350999974 ], [ 110.435742596000068, -6.94469901399998 ], [ 110.43573179100008, -6.944621577999953 ], [ 110.435718688000065, -6.944562626999925 ], [ 110.435711235000042, -6.944536291999952 ], [ 110.435708555000076, -6.944523723999964 ], [ 110.435705575000043, -6.944512650999968 ], [ 110.43570139600007, -6.944501875999947 ], [ 110.435680724000065, -6.944426089999979 ], [ 110.435662878000073, -6.944402890999982 ], [ 110.435587426000041, -6.944375970999943 ], [ 110.435517137000033, -6.944342808999977 ], [ 110.435421906000045, -6.944339602999946 ], [ 110.435411259000034, -6.944327895999947 ], [ 110.435410307000041, -6.944322629999931 ], [ 110.435409116000073, -6.944317123999951 ], [ 110.435407926000039, -6.944310659999928 ], [ 110.435408411000083, -6.944305634999978 ], [ 110.435411529000078, -6.944301809999956 ], [ 110.435415859000045, -6.944299660999945 ], [ 110.435424004000083, -6.944298233999973 ], [ 110.435431667000046, -6.944299200999978 ], [ 110.435440766000056, -6.944301604999964 ], [ 110.435447468000064, -6.944304484999975 ], [ 110.435454647000086, -6.944309758999964 ], [ 110.435459435000041, -6.944325557999946 ], [ 110.435470142000042, -6.944330911999941 ], [ 110.435533198000087, -6.944333885999981 ], [ 110.435561823000057, -6.944349340999963 ], [ 110.435567391000063, -6.944349768999928 ], [ 110.435569675000067, -6.944348340999966 ], [ 110.435571388000085, -6.94434320199997 ], [ 110.435561823000057, -6.944287807999956 ], [ 110.435658767000064, -6.944065904999945 ], [ 110.435677979000047, -6.944027601999949 ], [ 110.435727511000039, -6.944030659999953 ], [ 110.435743572000035, -6.943853984999976 ], [ 110.435815551000076, -6.943862907999971 ], [ 110.435853092000059, -6.943859442999951 ], [ 110.435874442000056, -6.943849225999941 ], [ 110.43589109900006, -6.943829594999954 ], [ 110.435897059000069, -6.943802825999967 ], [ 110.435854462000066, -6.943670252999937 ], [ 110.435863279000046, -6.943668156999934 ], [ 110.435872094000047, -6.943666635999932 ], [ 110.435883593000085, -6.94366492599994 ], [ 110.435891035000054, -6.943665292999981 ], [ 110.435912537000036, -6.943710790999944 ], [ 110.43594642100004, -6.943701698999973 ], [ 110.435915069000089, -6.943595915999936 ], [ 110.43595818600005, -6.943591179999942 ], [ 110.435986859000081, -6.943648653999958 ], [ 110.436021374000063, -6.943634478999968 ], [ 110.435996985000088, -6.943574397999953 ], [ 110.43603965300008, -6.94356255699995 ], [ 110.436058771000035, -6.943598479999935 ], [ 110.436094714000035, -6.943584162999969 ] ], [ [ 110.436094714000035, -6.943584162999969 ], [ 110.436078209197746, -6.943533449021897 ] ], [ [ 110.436384886014352, -6.943412932794106 ], [ 110.436401496000087, -6.94340742199995 ] ], [ [ 110.436401496000087, -6.94340742199995 ], [ 110.436394376000067, -6.943352367999978 ], [ 110.436495018000073, -6.943311800999936 ], [ 110.436514184000089, -6.943307036999954 ], [ 110.436521406000054, -6.943275932999939 ], [ 110.436561735000055, -6.943280856999934 ], [ 110.436615651000068, -6.943292751999934 ], [ 110.436660287000052, -6.943304817999945 ], [ 110.43670578800004, -6.943309657999976 ], [ 110.436720148000063, -6.943318051999938 ], [ 110.436729487000036, -6.943328742999938 ], [ 110.436732759000051, -6.943343614999947 ], [ 110.436731179000049, -6.943364245999931 ], [ 110.436724866000077, -6.943379086999926 ], [ 110.436722437000071, -6.943407803999946 ], [ 110.436782052000069, -6.943523439999979 ], [ 110.436797004000084, -6.94355836099993 ], [ 110.436875582000084, -6.943525257999966 ], [ 110.436901869000053, -6.943575547999956 ], [ 110.436818419000076, -6.943619929999954 ], [ 110.436858900000061, -6.943723859999977 ], [ 110.43684072700006, -6.943745743999955 ], [ 110.436898428000063, -6.943876911999951 ], [ 110.436915892000059, -6.943867548999947 ], [ 110.436973254000065, -6.943968135999967 ] ], [ [ 110.436973254000065, -6.943968135999967 ], [ 110.437110262629858, -6.943921945678481 ] ], [ [ 110.437159425043291, -6.944050718731329 ], [ 110.437016190000065, -6.944116571999928 ] ], [ [ 110.437016190000065, -6.944116571999928 ], [ 110.437040101000036, -6.944150106999928 ], [ 110.437125667000089, -6.944116939999958 ], [ 110.437168795000048, -6.944209440999941 ], [ 110.437138754000046, -6.944220743999949 ], [ 110.43716403600007, -6.944284096999979 ], [ 110.437219595000045, -6.944265198999972 ], [ 110.437269750000041, -6.944384923999962 ] ], [ [ 110.437269750000041, -6.944384923999962 ], [ 110.437283106725246, -6.944381428499698 ] ], [ [ 110.437415961000056, -6.944865874999948 ], [ 110.437453045900824, -6.944855094645513 ] ], [ [ 110.437428164000039, -6.944788668999934 ], [ 110.437374628000043, -6.944811056999981 ], [ 110.437369812000043, -6.944832590999965 ], [ 110.437396124000088, -6.944861341999967 ], [ 110.437415961000056, -6.944865874999948 ] ], [ [ 110.437431282333478, -6.944794434913518 ], [ 110.437428164000039, -6.944788668999934 ] ], [ [ 110.437484839651873, -6.94495089004474 ], [ 110.437477437000041, -6.944961956999975 ] ], [ [ 110.437477437000041, -6.944961956999975 ], [ 110.437491780000073, -6.944985907999978 ] ], [ [ 110.437491780000073, -6.944985907999978 ], [ 110.437498878930867, -6.944985916368882 ] ], [ [ 110.437634270779739, -6.945323697576694 ], [ 110.437615903000051, -6.945340263999981 ] ], [ [ 110.437615903000051, -6.945340263999981 ], [ 110.437651230000085, -6.945483106999973 ], [ 110.437678356000049, -6.945533789999956 ] ], [ [ 110.437678356000049, -6.945533789999956 ], [ 110.43771087504112, -6.945520429856632 ] ], [ [ 110.437945443109186, -6.946168739735993 ], [ 110.437945443000046, -6.946168739999962 ] ], [ [ 110.437945443000046, -6.946168739999962 ], [ 110.4379454435865, -6.946168741259632 ] ], [ [ 110.438025519157634, -6.946386360266209 ], [ 110.438002653000069, -6.946398565999971 ] ], [ [ 110.438002653000069, -6.946398565999971 ], [ 110.438016898000058, -6.946503887999938 ] ], [ [ 110.438016898000058, -6.946503887999938 ], [ 110.438066629947528, -6.946499288644723 ] ], [ [ 110.438164002046406, -6.946762728862294 ], [ 110.438143517000071, -6.946774481999967 ] ], [ [ 110.438143517000071, -6.946774481999967 ], [ 110.438224732000037, -6.946958862999963 ], [ 110.438241398000059, -6.947042648999968 ] ], [ [ 110.438241398000059, -6.947042648999968 ], [ 110.438264305044015, -6.947034096234924 ] ], [ [ 110.4382758182267, -6.947065247324367 ], [ 110.438255732000073, -6.947073778999936 ] ], [ [ 110.438255732000073, -6.947073778999936 ], [ 110.438286743000049, -6.947179120999976 ], [ 110.438298719000045, -6.947179134999942 ], [ 110.438313072000085, -6.947193511999956 ] ], [ [ 110.438425052119982, -6.947468999043102 ], [ 110.438312683000049, -6.947521394999967 ] ], [ [ 110.438312683000049, -6.947521394999967 ], [ 110.438346127000045, -6.947595626999941 ] ], [ [ 110.438341060987, -6.947241759114087 ], [ 110.438312999000061, -6.947255737999967 ] ], [ [ 110.438312999000061, -6.947255737999967 ], [ 110.438346442000068, -6.947329969999942 ], [ 110.438322471000049, -6.947346694999965 ], [ 110.438351138000087, -6.947408954999958 ], [ 110.438387071000079, -6.947404210999935 ], [ 110.438382312000044, -6.94737787899993 ] ], [ [ 110.438313072000085, -6.947193511999956 ], [ 110.43832188512711, -6.947189880193146 ] ], [ [ 110.438346127000045, -6.947595626999941 ], [ 110.438458386975142, -6.947558382908911 ] ], [ [ 110.438382312000044, -6.94737787899993 ], [ 110.438390138196638, -6.947374538412666 ] ], [ [ 110.438569603976006, -6.947851424851735 ], [ 110.438470317000053, -6.947894937999934 ] ], [ [ 110.438470317000053, -6.947894937999934 ], [ 110.438456015000042, -6.947837481999954 ], [ 110.438408090000053, -6.947856570999932 ], [ 110.438431933000061, -6.947947544999977 ], [ 110.438364827000044, -6.94798336599996 ], [ 110.438379141000041, -6.948031248999939 ], [ 110.438568451000037, -6.947950099999957 ] ], [ [ 110.438519618974055, -6.946476527680391 ], [ 110.438541473000043, -6.946463822999931 ] ], [ [ 110.438548607000087, -6.946506910999972 ], [ 110.438528037977434, -6.946508599800882 ] ], [ [ 110.438541473000043, -6.946463822999931 ], [ 110.438534108000056, -6.946398364999936 ], [ 110.438529622000033, -6.946358503999932 ], [ 110.438529693000078, -6.946298670999965 ], [ 110.438563247000047, -6.946279563999951 ], [ 110.438558517000047, -6.946229298999981 ], [ 110.438544246000049, -6.946145516999934 ], [ 110.438503518000061, -6.94615504199993 ], [ 110.438477245000058, -6.946092783999973 ], [ 110.438389004000044, -6.945774369999981 ], [ 110.438444120000042, -6.945750501999953 ], [ 110.438427397000055, -6.945714582999926 ], [ 110.438362704000042, -6.945736045999979 ], [ 110.438330787000041, -6.945598879999977 ], [ 110.438303130000065, -6.945479890999934 ], [ 110.438274471000057, -6.94541045099993 ], [ 110.438329573000033, -6.945398549999936 ], [ 110.438284154000087, -6.94532430299995 ], [ 110.438260373000048, -6.945180676999939 ], [ 110.438219651000054, -6.945185414999969 ], [ 110.438188629000081, -6.945089645999929 ], [ 110.438188683000078, -6.945044172999928 ], [ 110.438227015000052, -6.945034644999964 ], [ 110.43825096900008, -6.945032279999964 ], [ 110.438239065000062, -6.944972433999965 ], [ 110.438169601000084, -6.944977137999956 ], [ 110.438124231000074, -6.944862204999936 ], [ 110.438074141000072, -6.944687433999945 ], [ 110.438040676000071, -6.94463234899996 ], [ 110.438043113000049, -6.944596451999928 ], [ 110.438035985000056, -6.944548576999978 ], [ 110.438019250000082, -6.944522230999951 ], [ 110.437995373000035, -6.944459976999951 ], [ 110.438045696000074, -6.944438495999975 ], [ 110.438031405000061, -6.944371466999939 ], [ 110.437976306000053, -6.944380974999945 ], [ 110.437921393000067, -6.94423491799995 ], [ 110.437902459000043, -6.944043430999955 ], [ 110.437876159000041, -6.944005106999953 ], [ 110.437856025000087, -6.943926361999956 ], [ 110.437830862000055, -6.943827947999978 ], [ 110.437797453000087, -6.943724995999958 ], [ 110.437768943000037, -6.943531103999931 ], [ 110.437737795000089, -6.94354064099997 ], [ 110.437682859000063, -6.943413729999975 ], [ 110.437670986000057, -6.943327556999975 ], [ 110.437747657000045, -6.943303714999956 ], [ 110.43774290600004, -6.94327020299994 ], [ 110.437711759000081, -6.943279738999934 ], [ 110.437690260000068, -6.943231846999936 ], [ 110.437726203000068, -6.94321752999997 ], [ 110.437723837000078, -6.943193593999979 ], [ 110.43768790200005, -6.943200730999934 ], [ 110.437661641000034, -6.943128900999966 ], [ 110.437685618000046, -6.943107389999966 ], [ 110.437659383000039, -6.943014019999964 ], [ 110.43758272000008, -6.943030681999971 ], [ 110.437570790000052, -6.94299237499996 ], [ 110.437587584000084, -6.942968461999953 ], [ 110.43757806900004, -6.942913403999967 ], [ 110.43765234500006, -6.94288955899998 ], [ 110.437649996000061, -6.942851262999966 ], [ 110.437654823000059, -6.942820155999925 ], [ 110.437657275000049, -6.942772292999962 ], [ 110.437630957000067, -6.942748327999936 ], [ 110.43758801000007, -6.942609465999965 ], [ 110.437571356000035, -6.94251610699996 ], [ 110.437632127000086, -6.942482695999956 ], [ 110.437679208000077, -6.94245400899996 ], [ 110.437705554000047, -6.942454039999973 ], [ 110.437727084000073, -6.94247560499997 ], [ 110.437755839000033, -6.942463672999963 ], [ 110.437715231000084, -6.942372678999959 ], [ 110.43769621000007, -6.942255383999964 ], [ 110.437744137000038, -6.942233900999952 ], [ 110.43775848100006, -6.942255457999977 ], [ 110.437780014000055, -6.942274629999929 ], [ 110.437830334000068, -6.942255542999931 ], [ 110.437868681000054, -6.942234048999978 ], [ 110.437856765000049, -6.942183774999933 ], [ 110.438013557000033, -6.942134825999972 ], [ 110.438101153000048, -6.942107478999958 ], [ 110.438184768000042, -6.942287075999957 ], [ 110.438206244000071, -6.942354113999954 ], [ 110.438242188000061, -6.942339796999931 ], [ 110.438266073000079, -6.942394870999976 ], [ 110.438234912000041, -6.942416373999947 ], [ 110.438267074000066, -6.942511149999973 ], [ 110.43831446300004, -6.942629622999959 ], [ 110.438366249000069, -6.942746805999946 ], [ 110.438358982000068, -6.942816203999939 ], [ 110.438246375000062, -6.942857592999928 ], [ 110.438174606000075, -6.942889471999933 ], [ 110.438097790000086, -6.942923592999932 ], [ 110.438016323000056, -6.94295221699997 ], [ 110.438021074000062, -6.94298572799994 ], [ 110.438057, -6.94298577099994 ], [ 110.438080888000059, -6.943038451999939 ], [ 110.438078456000085, -6.943069561999948 ], [ 110.438092773000051, -6.943115051999939 ], [ 110.438064012000041, -6.943131770999969 ], [ 110.438078329000064, -6.94317726099996 ], [ 110.438114258000041, -6.943174909999925 ], [ 110.438140544000078, -6.943225200999962 ], [ 110.438164503000053, -6.943218048999938 ], [ 110.438185985000075, -6.943280300999959 ], [ 110.438159622000057, -6.943294629999968 ], [ 110.438185874000055, -6.943373639999947 ], [ 110.438226599000075, -6.94336650799994 ], [ 110.438245734000077, -6.943388070999958 ], [ 110.438226557000064, -6.94340240799994 ], [ 110.438243288000081, -6.943431146999956 ], [ 110.43826004500005, -6.943438346999926 ], [ 110.438300779000087, -6.943424034999964 ], [ 110.438346223000053, -6.943476741999973 ], [ 110.438291091000053, -6.943514969999967 ], [ 110.438317402000052, -6.943543720999969 ], [ 110.438350874000037, -6.943594019999978 ], [ 110.438403589000075, -6.943574935999948 ], [ 110.438439495000068, -6.94359173099997 ], [ 110.438480183000081, -6.943615712999929 ], [ 110.438463392000074, -6.943637232999947 ], [ 110.438518391000059, -6.943711489999941 ], [ 110.438515925000047, -6.943771319999939 ], [ 110.438456102000089, -6.943725775999951 ], [ 110.438422633000073, -6.943673083999954 ], [ 110.438381922000076, -6.943668248999927 ], [ 110.438345970000057, -6.943689745999961 ], [ 110.438369861000069, -6.943740033999973 ], [ 110.438432097000089, -6.943771220999963 ], [ 110.438467927000033, -6.943852635999974 ], [ 110.438475078000067, -6.943881363999935 ], [ 110.438496634000046, -6.943881388999955 ], [ 110.438530043000071, -6.943984340999975 ], [ 110.43854917200008, -6.944010689999971 ], [ 110.438594557000044, -6.944113655999956 ], [ 110.438539441000046, -6.944137523999927 ], [ 110.438596816000086, -6.944228537999948 ], [ 110.438601538000057, -6.944285982999929 ], [ 110.438620616000037, -6.944355411999936 ], [ 110.438642172000073, -6.944355436999956 ], [ 110.438663665000036, -6.944408114999931 ], [ 110.438634910000076, -6.944420047999927 ], [ 110.438656372000082, -6.944499051999969 ], [ 110.438637197000048, -6.944510995999963 ], [ 110.43864910800005, -6.944566056999975 ], [ 110.438701799000057, -6.944566118999944 ], [ 110.438720884000077, -6.944630760999928 ], [ 110.438665780000065, -6.944645054999967 ], [ 110.438672902000064, -6.94469771699994 ], [ 110.438684832000035, -6.944736023999951 ], [ 110.438689589000035, -6.944764748999944 ], [ 110.438689546000035, -6.944800648999944 ], [ 110.438660774000084, -6.944826940999974 ], [ 110.438632033000033, -6.944826906999936 ], [ 110.438655887000039, -6.944908307999981 ], [ 110.438703806000035, -6.944894004999981 ], [ 110.438727731000085, -6.944915572999946 ], [ 110.438749210000083, -6.944980217999955 ], [ 110.438785125000038, -6.944989832999966 ], [ 110.438811327000053, -6.945111922999956 ], [ 110.438828039000043, -6.94514542099995 ], [ 110.438846915000056, -6.945183257999929 ], [ 110.438873438000087, -6.94524841499998 ], [ 110.438875765000034, -6.945305856999937 ], [ 110.438902025000061, -6.945377687999951 ], [ 110.438921166000057, -6.945394463999946 ], [ 110.438940222000042, -6.945483038999953 ], [ 110.438966497000081, -6.945542901999943 ], [ 110.438976018000062, -6.945593172999963 ], [ 110.438839438000059, -6.945643270999938 ], [ 110.438863361000074, -6.945667232999938 ], [ 110.438925639000047, -6.945662519999928 ], [ 110.439002109000057, -6.945808601999943 ], [ 110.43900923700005, -6.94585647699995 ], [ 110.438956523000058, -6.94587556099998 ], [ 110.438956455000039, -6.945933 ], [ 110.438987551000082, -6.94596654299994 ], [ 110.438992279000047, -6.946019201999945 ], [ 110.43907850800008, -6.946014516999981 ], [ 110.439083270000083, -6.94603845599994 ], [ 110.439169499000059, -6.946033770999975 ], [ 110.439224425000077, -6.94617025499997 ], [ 110.439248367000062, -6.94617746299997 ], [ 110.439260294000064, -6.946218162999969 ], [ 110.439279455000076, -6.946218185999953 ], [ 110.439284177000047, -6.946275630999935 ], [ 110.439245833000086, -6.946294731999956 ], [ 110.439264776000073, -6.946409140999947 ], [ 110.439269597000077, -6.946452718999979 ], [ 110.439180967000084, -6.946462186999952 ], [ 110.439142620000041, -6.946483680999961 ], [ 110.439164054000059, -6.946586618999959 ], [ 110.439204737000068, -6.946615386999952 ], [ 110.43920470200004, -6.946644106999941 ], [ 110.439192710000043, -6.946658451999951 ], [ 110.439163960000087, -6.946665597999981 ], [ 110.439142373000038, -6.946691898999973 ], [ 110.439101569000059, -6.946766042999968 ], [ 110.439084777000062, -6.94678756299993 ], [ 110.439091934000089, -6.946811504999971 ], [ 110.439113485000064, -6.946816316999957 ], [ 110.43911341900008, -6.946871362999957 ], [ 110.43909663900007, -6.946883309999976 ], [ 110.439139578000038, -6.947029351999959 ], [ 110.439163458000053, -6.94708921299997 ], [ 110.439172985000084, -6.947134697999957 ], [ 110.439187313000048, -6.947170613999958 ], [ 110.439208872000052, -6.947168245999933 ], [ 110.439237497000079, -6.947266405999926 ], [ 110.439417178000042, -6.947225931999981 ], [ 110.439603998000052, -6.947161689999973 ], [ 110.439728535000086, -6.947119897999926 ], [ 110.439838763000068, -6.947084374999974 ], [ 110.439981620000083, -6.94704037899993 ], [ 110.440150966000033, -6.946992830999932 ], [ 110.440249047000066, -6.946965391999981 ], [ 110.440433063000057, -6.946920788999932 ], [ 110.440485778000038, -6.946901704999959 ], [ 110.440540896000073, -6.946875442999954 ], [ 110.440579269000068, -6.946832408999967 ], [ 110.44058652800004, -6.946770190999928 ], [ 110.44054596400008, -6.946640904999981 ], [ 110.440708904000076, -6.946578870999929 ], [ 110.440785420000054, -6.946686659999955 ], [ 110.440804584000034, -6.946684288999961 ], [ 110.440835697000068, -6.946703472999957 ], [ 110.440900204000059, -6.94683996699996 ], [ 110.441137271000059, -6.946880932999932 ], [ 110.441175706000081, -6.946785245999934 ], [ 110.441099105000035, -6.946749255999976 ], [ 110.441115938000053, -6.946691836999946 ], [ 110.441199739000069, -6.946715867999956 ], [ 110.44130307000006, -6.94642639999995 ], [ 110.441293582000071, -6.946347408999941 ], [ 110.441310461000057, -6.94625169699998 ], [ 110.441296096000087, -6.946246892999966 ], [ 110.441300912000088, -6.946225358999925 ], [ 110.441279364000081, -6.946218153999951 ], [ 110.441293831000053, -6.946136797999941 ], [ 110.441116605000047, -6.946127015999934 ], [ 110.441195957000048, -6.945861451999974 ], [ 110.441247668000074, -6.945721349999928 ], [ 110.441299684000057, -6.945607 ], [ 110.441325403000064, -6.945531235999965 ], [ 110.441357002000075, -6.94541884299997 ], [ 110.441390623000075, -6.945299253999963 ], [ 110.441453236000086, -6.945180515999937 ], [ 110.441510657000038, -6.945062456999949 ], [ 110.441549490000057, -6.944925964999925 ], [ 110.441582809000067, -6.944808850999948 ], [ 110.441660423000087, -6.944678321999959 ], [ 110.441738792000081, -6.944552950999935 ], [ 110.441762831000062, -6.944478785999934 ], [ 110.441753307000056, -6.944430908999948 ], [ 110.441758170000071, -6.94436868899993 ], [ 110.441990474000079, -6.944385714999953 ], [ 110.442050535000078, -6.944230220999941 ], [ 110.442117859000064, -6.944007721999981 ], [ 110.442223375000083, -6.943709340999931 ], [ 110.442283673000077, -6.94353882799993 ], [ 110.442292488000078, -6.94348346299995 ], [ 110.442298150000056, -6.943447898999977 ], [ 110.442322258000047, -6.943326225999954 ], [ 110.44234126300006, -6.943276551999929 ], [ 110.442327109000075, -6.943229204999966 ], [ 110.442324807000034, -6.943172405999974 ], [ 110.442313022000064, -6.943125060999932 ], [ 110.442182703000071, -6.943179337999936 ], [ 110.442142501000035, -6.94312959399997 ] ], [ [ 110.438634445000048, -6.946832502999939 ], [ 110.438610621000066, -6.94672477599994 ], [ 110.438591532000089, -6.946664920999979 ], [ 110.438567626000065, -6.946626598999956 ], [ 110.438574851000055, -6.946593101999952 ], [ 110.438548607000087, -6.946506910999972 ] ], [ [ 110.438568451000037, -6.947950099999957 ], [ 110.438602833176446, -6.947938979361753 ] ], [ [ 110.438610357266384, -6.947958804562335 ], [ 110.438597175000041, -6.947964493999962 ] ], [ [ 110.438597175000041, -6.947964493999962 ], [ 110.438629320889319, -6.948008770635435 ] ], [ [ 110.43861477414363, -6.946839029546545 ], [ 110.438634445000048, -6.946832502999939 ] ], [ [ 110.438636735000046, -6.94692105799993 ], [ 110.438632624137426, -6.946907030575189 ] ], [ [ 110.438772651000079, -6.947430993999944 ], [ 110.438763119000043, -6.94739029699997 ], [ 110.438775117000034, -6.947371163999946 ], [ 110.438772745000051, -6.947352014999979 ], [ 110.438775160000034, -6.947335264999936 ], [ 110.438813521000043, -6.947301803999949 ], [ 110.438803980000046, -6.94726828599994 ], [ 110.438739298000087, -6.947280175999936 ], [ 110.438732156000071, -6.947244267999963 ], [ 110.438760911000088, -6.947232335999956 ], [ 110.438746609000077, -6.947174878999931 ], [ 110.438727448000066, -6.947174856999936 ], [ 110.438708352000049, -6.947119787999952 ], [ 110.438751490000072, -6.947098298999947 ], [ 110.438727629000084, -6.947021684999982 ], [ 110.438698934000058, -6.946983357999954 ], [ 110.438672650000058, -6.94693067399993 ], [ 110.438636735000046, -6.94692105799993 ] ], [ [ 110.438666807878036, -6.948107543618217 ], [ 110.438664068000037, -6.948108171999934 ] ], [ [ 110.438664068000037, -6.948108171999934 ], [ 110.438661517000071, -6.948239800999943 ], [ 110.438651905000086, -6.948266115999957 ], [ 110.438671038000052, -6.948290071999963 ], [ 110.438563173000034, -6.948361742999964 ], [ 110.438563124000041, -6.948402429999931 ], [ 110.438579873000037, -6.94841680899998 ], [ 110.43864698200008, -6.948378595999941 ], [ 110.438687749000053, -6.948335564999979 ], [ 110.438735672000064, -6.948318867999944 ] ], [ [ 110.438735672000064, -6.948318867999944 ], [ 110.438746432963953, -6.948317344837601 ] ], [ [ 110.438770745993438, -6.947431942975844 ], [ 110.438772651000079, -6.947430993999944 ] ], [ [ 110.438793850934715, -6.948315333055775 ], [ 110.438795515000038, -6.948347658999978 ] ], [ [ 110.438795515000038, -6.948347658999978 ], [ 110.438836238000079, -6.948342919999959 ], [ 110.438850577000039, -6.94836926399995 ], [ 110.438886524000054, -6.94835255299995 ], [ 110.438874591000058, -6.948316638999927 ], [ 110.438893791000055, -6.948283155999945 ] ], [ [ 110.438848979000056, -6.947696741999948 ], [ 110.438844523616083, -6.947698694595704 ] ], [ [ 110.438869730312078, -6.947769643032878 ], [ 110.438848979000056, -6.947696741999948 ] ], [ [ 110.438899172000049, -6.947785353999961 ], [ 110.438873653825922, -6.947780686501991 ] ], [ [ 110.438885959028141, -6.947815321989988 ], [ 110.438899140000046, -6.947811679999973 ] ], [ [ 110.438893791000055, -6.948283155999945 ], [ 110.438899774942186, -6.948277190690568 ] ], [ [ 110.438899140000046, -6.947811679999973 ], [ 110.438899172000049, -6.947785353999961 ] ], [ [ 110.438937405000047, -6.947859591999929 ], [ 110.438904041968556, -6.947866218184878 ] ], [ [ 110.43892529783551, -6.947926045940465 ], [ 110.43893733200008, -6.947921817999941 ] ], [ [ 110.43893733200008, -6.947921817999941 ], [ 110.438937405000047, -6.947859591999929 ] ] ] } },
{ "type": "Feature", "properties": { "OBJECTID": 940.0, "NAMOBJ": "Garis Pantai", "THNSBDATA": "2017", "THNPBL": "2022", "SHAPE_Leng": 0.23371628612603301 }, "geometry": { "type": "MultiLineString", "coordinates": [ [ [ 110.443504130000065, -6.944525215999931 ], [ 110.443729202000043, -6.94459520099997 ], [ 110.44377690400006, -6.944616499999938 ], [ 110.443785159000072, -6.944626550999942 ], [ 110.443794677000085, -6.944642016999978 ], [ 110.443801816000075, -6.944660160999945 ], [ 110.443805980000036, -6.944682764999925 ], [ 110.44379854400006, -6.944714590999979 ], [ 110.443789323000033, -6.944742548999955 ], [ 110.443778318000057, -6.94478062099995 ], [ 110.443753334000064, -6.944852301999958 ], [ 110.443741139000053, -6.944875798999931 ], [ 110.443735488000073, -6.94489721399998 ], [ 110.443719724000061, -6.944938556999944 ], [ 110.443703663000065, -6.944989120999935 ], [ 110.443684924000081, -6.945035222999934 ], [ 110.44367421700008, -6.945056935999958 ], [ 110.443663253000068, -6.945079033999946 ], [ 110.443656766000061, -6.945104031999961 ], [ 110.443635455000049, -6.94511913499997 ], [ 110.443613564000088, -6.945156063999946 ], [ 110.443603095000071, -6.945183665999934 ], [ 110.443595861000063, -6.945220784999947 ], [ 110.443584821000059, -6.945254287999944 ], [ 110.443559693000054, -6.945319580999978 ], [ 110.443543323000085, -6.945362791999969 ], [ 110.443534757000066, -6.945385062999947 ], [ 110.443518957000038, -6.945422372999928 ], [ 110.443489452000051, -6.945482335999941 ], [ 110.443474794000053, -6.945497373999956 ], [ 110.44345633000006, -6.945512792999978 ], [ 110.443443195000043, -6.945530495999947 ], [ 110.443432535000056, -6.945551054999953 ], [ 110.443425301000048, -6.945574658999931 ], [ 110.443425492000074, -6.945587412999942 ], [ 110.443439435000073, -6.945601593999982 ], [ 110.443452998000055, -6.945612301999972 ], [ 110.443485121000037, -6.945622295999954 ], [ 110.443508678000057, -6.94562990999998 ], [ 110.443532472000072, -6.945637285999965 ], [ 110.44355650500006, -6.945649420999928 ], [ 110.443574113000068, -6.945660128999975 ], [ 110.443581727000037, -6.945669646999932 ], [ 110.443579348000071, -6.945688206999932 ], [ 110.443575779000071, -6.945705576999956 ], [ 110.443558646000042, -6.945719615999963 ], [ 110.443537707000075, -6.945725325999945 ], [ 110.443478697000046, -6.945725563999929 ], [ 110.443430631000069, -6.945726753999963 ], [ 110.443393512000057, -6.945730322999964 ], [ 110.44336829000008, -6.945748168999955 ], [ 110.443345685000054, -6.94577981599997 ], [ 110.443308565000052, -6.945879038999976 ], [ 110.443216623000069, -6.946094094999978 ], [ 110.443140956000036, -6.946275647999926 ], [ 110.443127393000054, -6.946322760999976 ], [ 110.443056009000088, -6.946484088999966 ], [ 110.443055295000079, -6.946484088999966 ], [ 110.443039677000058, -6.946598018999964 ], [ 110.442664971000056, -6.947507035999934 ], [ 110.442251738000039, -6.948588326999925 ], [ 110.44217476700004, -6.948865859999955 ], [ 110.442078748000085, -6.949047638999957 ], [ 110.441892626000083, -6.949393262999934 ], [ 110.441887777000034, -6.949417419999975 ], [ 110.441888847000087, -6.949447043999953 ], [ 110.441887777000034, -6.949472028999935 ], [ 110.441889272000083, -6.94948438299997 ], [ 110.442174026000089, -6.949363881999943 ], [ 110.44247669300006, -6.949256330999958 ], [ 110.442699411000035, -6.949180187999957 ], [ 110.442747, -6.949154489999955 ], [ 110.442835516000059, -6.949118321999947 ], [ 110.443047764000084, -6.949086912999974 ], [ 110.443299987000046, -6.949057407999931 ], [ 110.443589329000076, -6.949041226999952 ], [ 110.443808240000067, -6.949039323999955 ], [ 110.444201326000041, -6.949068828999941 ], [ 110.444514254000069, -6.949130622999974 ], [ 110.444846853000058, -6.949234030999946 ], [ 110.444896129000085, -6.949235390999945 ], [ 110.44495882800004, -6.949237710999967 ], [ 110.444984110000064, -6.949239198999976 ], [ 110.445020099000033, -6.949243064999962 ], [ 110.445048058000054, -6.94925287999996 ], [ 110.445107079000081, -6.949267701999929 ], [ 110.445096610000064, -6.949300776999962 ], [ 110.445098989000087, -6.949305773999981 ], [ 110.445110921000037, -6.949316132999968 ], [ 110.445139685000072, -6.94932507599998 ], [ 110.445168231000082, -6.949328616999935 ], [ 110.445191550000061, -6.949334088999933 ], [ 110.445216058000085, -6.949345034999965 ], [ 110.445241642000042, -6.949356774999956 ], [ 110.445389715000033, -6.94940281199996 ], [ 110.445418313000062, -6.94941855999997 ], [ 110.445441393000067, -6.949432360999936 ], [ 110.445481844000085, -6.949453537999943 ], [ 110.445530861000066, -6.949475190999976 ], [ 110.44556607700008, -6.949492323999948 ], [ 110.445598914000072, -6.94951016999994 ], [ 110.445634368000071, -6.949526587999969 ], [ 110.445661256000051, -6.94954086499996 ], [ 110.445734305000087, -6.949588453999979 ], [ 110.445769045000077, -6.949599874999933 ], [ 110.445821631000058, -6.949620576999962 ], [ 110.445843760000059, -6.949631759999932 ], [ 110.445855658000085, -6.94964865399993 ], [ 110.445873266000035, -6.949671972999965 ], [ 110.445932990000074, -6.949708140999974 ], [ 110.445975344000033, -6.949734790999969 ], [ 110.446126678000041, -6.949821164999946 ], [ 110.446223046000057, -6.94987053899996 ], [ 110.446369978000064, -6.949939542999971 ], [ 110.446473782000055, -6.949979993999932 ], [ 110.446509474000038, -6.949985942999945 ], [ 110.446544274000075, -6.949999624999975 ], [ 110.44656301200007, -6.950014793999969 ], [ 110.446580263000044, -6.950040967999939 ], [ 110.446593053000072, -6.950052864999975 ], [ 110.446692098000085, -6.950092125999959 ], [ 110.446862229000033, -6.950183140999968 ], [ 110.446934774000056, -6.950213024999925 ], [ 110.447202749000041, -6.950374113999942 ], [ 110.447719670000083, -6.950738499999943 ], [ 110.448255687000085, -6.951160346999927 ], [ 110.448734466000076, -6.951371515999938 ], [ 110.449041065000074, -6.951352725999925 ], [ 110.449132354000085, -6.951316360999954 ], [ 110.449219323000079, -6.951333906999935 ], [ 110.449317119000057, -6.951377451999974 ], [ 110.449361377000059, -6.951399580999976 ], [ 110.449391358000071, -6.951401721999957 ], [ 110.449412773000063, -6.951376023999956 ], [ 110.449472736000075, -6.951295359999961 ], [ 110.449569104000034, -6.951184714999954 ], [ 110.449811809000039, -6.950905603999956 ], [ 110.449851784000089, -6.95081780199996 ], [ 110.449878196000043, -6.950778540999977 ], [ 110.449951007000038, -6.950739993999946 ], [ 110.450053800000035, -6.950666468999941 ], [ 110.450089492000075, -6.950631490999967 ], [ 110.450129467000068, -6.950607933999947 ], [ 110.450183719000051, -6.950566530999936 ], [ 110.450256530000047, -6.95049015099994 ], [ 110.450287225000068, -6.950454458999957 ], [ 110.450328628000079, -6.950389498999925 ], [ 110.450334339000051, -6.950368083999933 ], [ 110.45032434500007, -6.950317401999939 ], [ 110.45030435700005, -6.950256011999954 ], [ 110.450286511000058, -6.95019462099998 ], [ 110.45029650500004, -6.950157501999968 ], [ 110.450344332000043, -6.950100394999936 ], [ 110.450401439000075, -6.95004828499998 ], [ 110.450425710000047, -6.950077551999925 ], [ 110.450449980000087, -6.950120381999966 ], [ 110.450511370000072, -6.950181771999951 ], [ 110.450527075000082, -6.950211753999952 ], [ 110.450534213000083, -6.950233882999953 ], [ 110.450577757000076, -6.950264577999974 ], [ 110.450606919000052, -6.950262633999955 ], [ 110.450650569000061, -6.950281709999956 ], [ 110.450729091000085, -6.950338816999931 ], [ 110.450784771000087, -6.950384501999963 ], [ 110.450849016000063, -6.950430187999928 ], [ 110.450900412000067, -6.950481583999931 ], [ 110.45095217800008, -6.950558742999931 ], [ 110.450976079000043, -6.950612930999966 ], [ 110.451002491000054, -6.950646480999978 ], [ 110.451053794000075, -6.950646641999981 ], [ 110.451141345000053, -6.950800152999932 ], [ 110.451197369000056, -6.950877764999973 ], [ 110.451283744000079, -6.951006255999971 ], [ 110.451347989000055, -6.951108334999958 ], [ 110.451416517000041, -6.951211840999974 ], [ 110.451456492000034, -6.951269661999959 ], [ 110.451510030000065, -6.951334620999944 ], [ 110.451525021000066, -6.951368884999965 ], [ 110.451543581000067, -6.951407432999929 ], [ 110.451589980000051, -6.951493806999963 ], [ 110.451611395000043, -6.951546630999928 ], [ 110.451657795000074, -6.951630149999971 ], [ 110.451713474000087, -6.951718665999977 ], [ 110.45176844000008, -6.951805040999943 ], [ 110.451814125000055, -6.951891414999977 ], [ 110.451846248000038, -6.951955660999943 ], [ 110.45188336800004, -6.952030613999966 ], [ 110.451915490000033, -6.952125553999963 ], [ 110.451941902000044, -6.952169811999966 ], [ 110.451959748000036, -6.952196937999929 ], [ 110.451976167000055, -6.952220494999949 ], [ 110.452009717000067, -6.952210500999968 ], [ 110.452036843000087, -6.952217638999969 ], [ 110.45207324900008, -6.952261896999971 ], [ 110.451990443000057, -6.952326142999937 ], [ 110.451991157000066, -6.952361834999977 ], [ 110.452013286000067, -6.952451777999954 ], [ 110.452036129000078, -6.952494607999938 ], [ 110.45205683000006, -6.952511740999967 ], [ 110.452081815000042, -6.95254314999994 ], [ 110.452096092000033, -6.952583837999953 ], [ 110.452097519000063, -6.952616674999945 ], [ 110.452124645000083, -6.952687344999958 ], [ 110.452170331000048, -6.952770863999945 ], [ 110.452246711000043, -6.952876511999932 ], [ 110.452308815000038, -6.952938615999926 ], [ 110.45237306100006, -6.952982873999929 ], [ 110.452475853000067, -6.953018565999969 ], [ 110.452590781000083, -6.953054257999952 ], [ 110.452652688000057, -6.953071281999939 ], [ 110.452750681000055, -6.953097801999945 ], [ 110.452814213000067, -6.953105653999955 ], [ 110.452897018000044, -6.953097801999945 ], [ 110.45300123800007, -6.953071389999934 ], [ 110.453100462000066, -6.953042835999952 ], [ 110.453241802000036, -6.952998577999949 ], [ 110.453429936000077, -6.952936518999934 ], [ 110.453714608000041, -6.952870712999925 ], [ 110.453868430000057, -6.952832475999969 ], [ 110.453954213000088, -6.952821545999939 ], [ 110.454049546000078, -6.952787452999928 ], [ 110.454097940000054, -6.952775422999935 ], [ 110.45416196900004, -6.952741952999929 ], [ 110.454228594000085, -6.95270388199998 ], [ 110.454259527000033, -6.952720537999937 ], [ 110.454317824000043, -6.95281809599993 ], [ 110.454365997000082, -6.952948049999975 ], [ 110.454454643000076, -6.953052472999957 ], [ 110.45455933900007, -6.953144081999937 ], [ 110.454746302000046, -6.953283241999941 ], [ 110.454844539000078, -6.953369824999925 ], [ 110.455256521000081, -6.953629491999948 ], [ 110.455459965000045, -6.953895991999957 ], [ 110.455524211000068, -6.953985221999972 ], [ 110.455561092000039, -6.954019723999977 ], [ 110.45560749200007, -6.954042328999947 ], [ 110.45569553200005, -6.954031620999956 ], [ 110.455844248000062, -6.95397094499998 ], [ 110.455993567000064, -6.953926394999939 ], [ 110.456504647000088, -6.953781117999938 ], [ 110.457469363000087, -6.953463279999937 ], [ 110.457737912000084, -6.953334852999944 ], [ 110.457868218000044, -6.95325980299998 ], [ 110.457950071000084, -6.95315510699993 ], [ 110.458006563000083, -6.952990522999926 ], [ 110.458141173000058, -6.952569452999967 ], [ 110.458314083000062, -6.95216757399993 ], [ 110.458344110000041, -6.952096722999954 ], [ 110.457751514000051, -6.951760601999979 ], [ 110.457354254000052, -6.951540880999971 ], [ 110.456621380000058, -6.950958388999936 ], [ 110.456531912000059, -6.950956484999949 ], [ 110.456415795000055, -6.95099074899997 ], [ 110.456333941000082, -6.951045952999948 ], [ 110.456280641000035, -6.951093541999967 ], [ 110.456233052000073, -6.951080216999969 ], [ 110.456130259000076, -6.951007881999942 ], [ 110.456073625000045, -6.950958775999936 ], [ 110.456013035000069, -6.950806909999926 ], [ 110.45603888800008, -6.950663335999934 ], [ 110.456050246000075, -6.950560960999951 ], [ 110.456077329000038, -6.95048272799994 ], [ 110.456150951000041, -6.950365321999925 ], [ 110.456419337000057, -6.950250750999942 ], [ 110.456547141000044, -6.950295946999972 ], [ 110.456623284000045, -6.950335921999965 ], [ 110.456714655000042, -6.950364474999958 ], [ 110.456786991000058, -6.950366378999945 ], [ 110.456853616000046, -6.950354957999934 ], [ 110.45690501200005, -6.950358764999976 ], [ 110.456954505000056, -6.95038160699994 ], [ 110.456979251000064, -6.950450135999972 ], [ 110.457000190000088, -6.950509146999934 ], [ 110.457030647000067, -6.950522471999932 ], [ 110.457055394000065, -6.95050533899996 ], [ 110.457160090000059, -6.950406353999938 ], [ 110.457339026000056, -6.95022741799994 ], [ 110.458106579000059, -6.949314502999925 ], [ 110.458204436000074, -6.949162053999942 ], [ 110.458225851000066, -6.949079962999974 ], [ 110.458190159000083, -6.948876518999953 ], [ 110.458143759000052, -6.948708766999971 ], [ 110.458030747000066, -6.94860599499998 ], [ 110.457892726000068, -6.948395867999977 ], [ 110.457554843000082, -6.948611208999978 ], [ 110.457111989000055, -6.947762495999939 ], [ 110.45694332100004, -6.947410770999966 ], [ 110.456921906000048, -6.947341766999955 ], [ 110.456934993000061, -6.94731440299995 ], [ 110.457177698000066, -6.947201378999978 ], [ 110.457577143323675, -6.946979209387433 ] ], [ [ 110.457577143340103, -6.946979209378291 ], [ 110.457590535000065, -6.946971760999929 ], [ 110.457696421000037, -6.946934878999969 ], [ 110.457732113000077, -6.946947965999925 ], [ 110.457890795000083, -6.947221867999929 ], [ 110.458332761000065, -6.947917673999939 ], [ 110.458430484000075, -6.948071071999948 ], [ 110.458499489000076, -6.948126988999945 ], [ 110.458548268000072, -6.948172198999941 ], [ 110.458558975000074, -6.94824596199993 ], [ 110.458539940000037, -6.948330432999967 ], [ 110.458548026000074, -6.94866402599996 ], [ 110.45854231900006, -6.948768253999958 ], [ 110.458556596000051, -6.94880870399993 ], [ 110.458580390000066, -6.948846775999925 ], [ 110.458598236000057, -6.948853913999926 ], [ 110.458632739000052, -6.948843206999925 ], [ 110.458934552763438, -6.948625273962691 ] ], [ [ 110.45893455276348, -6.948625273962656 ], [ 110.459071459000086, -6.948526416999925 ], [ 110.459229466000068, -6.948418285999935 ], [ 110.459331110000051, -6.948372072999973 ], [ 110.459486965000053, -6.948255479999943 ], [ 110.459785587000056, -6.948011584999961 ], [ 110.459826038000074, -6.947998497999947 ], [ 110.460014016000059, -6.948086537999927 ], [ 110.460089766000067, -6.948143277999975 ], [ 110.460326915000053, -6.948320914999954 ], [ 110.460448267000061, -6.94844702599994 ], [ 110.46070887500008, -6.948586157999955 ], [ 110.461009425000043, -6.948840864999966 ], [ 110.461051461000068, -6.948925297999949 ], [ 110.461103809000065, -6.948982404999981 ], [ 110.461171623000041, -6.949022855999942 ], [ 110.461225161000073, -6.949083531999975 ], [ 110.461275130000047, -6.949137069999949 ], [ 110.461326288000066, -6.949160864999953 ], [ 110.461379826000041, -6.94920607399996 ], [ 110.461462264000033, -6.949248537999949 ], [ 110.461552337000057, -6.949310770999944 ], [ 110.461600784000041, -6.949350675999938 ], [ 110.461652163000053, -6.949376418999975 ], [ 110.461809319000054, -6.949497557999962 ], [ 110.461923497000043, -6.94932870699995 ], [ 110.462210963000075, -6.948861978999958 ], [ 110.462261655000077, -6.948779674999969 ], [ 110.462370158000056, -6.948638810999967 ], [ 110.462429169000075, -6.948604546999945 ], [ 110.462747065000087, -6.948141978999956 ], [ 110.462831200000039, -6.948035860999937 ], [ 110.463124376000053, -6.947666081999955 ], [ 110.463295292000055, -6.947582329999932 ], [ 110.463625402000048, -6.947215025999981 ], [ 110.46407385200007, -6.946676230999969 ], [ 110.464416673000073, -6.946259128999941 ], [ 110.46451310100008, -6.946158222999941 ], [ 110.464653489000057, -6.945999988999972 ], [ 110.464730821000046, -6.945933363999927 ], [ 110.464783169000043, -6.945903619999967 ], [ 110.464834328000052, -6.945904809999945 ], [ 110.464865261000057, -6.945915517999936 ], [ 110.46489381400005, -6.94590956899998 ], [ 110.464929506000033, -6.945883394999953 ], [ 110.464961629000072, -6.945816769999965 ], [ 110.464962581799142, -6.945814685814547 ] ], [ [ 110.464980663395664, -6.945775133509431 ], [ 110.464980665000041, -6.945775129999959 ], [ 110.46501754600007, -6.945745385999942 ], [ 110.465066325000066, -6.945738247999941 ], [ 110.465138899000067, -6.945733488999963 ], [ 110.465212662000056, -6.945756093999933 ], [ 110.465407184000071, -6.94521575999994 ], [ 110.464713919000076, -6.945004067999946 ], [ 110.463708329000042, -6.944691800999976 ], [ 110.463100343000065, -6.944365620999974 ], [ 110.462760739000089, -6.943924865999975 ], [ 110.461593668000035, -6.942396604999942 ], [ 110.460388300000034, -6.940853938999965 ], [ 110.460098125000059, -6.940457889999948 ], [ 110.459940311000082, -6.94022795199993 ], [ 110.45983990600007, -6.940062698999952 ], [ 110.459689242000081, -6.939865078999958 ], [ 110.459606759000053, -6.93973574499995 ], [ 110.459495483000069, -6.939653048999958 ], [ 110.45940939500008, -6.939534481999942 ], [ 110.459280283000055, -6.939340475999927 ], [ 110.459169080000038, -6.939193159999945 ], [ 110.459133232000056, -6.939124909999975 ], [ 110.459334569000077, -6.938992309999946 ], [ 110.459715696000046, -6.93871990599996 ], [ 110.459924239000088, -6.938569363999932 ], [ 110.460240682000062, -6.938311245999955 ], [ 110.460251501000073, -6.938275357999942 ], [ 110.460172619000048, -6.938138848999927 ], [ 110.460115215000087, -6.938070573999937 ], [ 110.460079292000046, -6.938045172999978 ], [ 110.460032573000035, -6.938081249999925 ], [ 110.459931890000064, -6.93816011499996 ], [ 110.459777265000071, -6.938285588999975 ], [ 110.459588171000064, -6.938417796999943 ], [ 110.459448259000055, -6.938247902999933 ], [ 110.459425416000045, -6.938260751999962 ], [ 110.459322624000038, -6.938135116999945 ], [ 110.459356888000059, -6.938107990999981 ], [ 110.459296925000046, -6.938010908999956 ], [ 110.458683025000084, -6.938473475999956 ], [ 110.45864540000008, -6.938456617999975 ], [ 110.458473079000044, -6.938348721999944 ], [ 110.458211176000077, -6.938036094999973 ], [ 110.458132266000064, -6.937924715999941 ], [ 110.458053455000083, -6.937727176999942 ], [ 110.457999689000076, -6.937619415999961 ], [ 110.457985367000049, -6.93756773399997 ], [ 110.458057702000076, -6.937526806999927 ], [ 110.458111096000039, -6.937587233999977 ], [ 110.458193623000057, -6.937677076999933 ], [ 110.458233043000064, -6.937763281999935 ], [ 110.458246949000056, -6.937795806999929 ], [ 110.458259005000059, -6.937890983999978 ], [ 110.458357514000056, -6.938010908999956 ], [ 110.458484577000036, -6.938183657999957 ], [ 110.45857023800005, -6.938249330999952 ], [ 110.458644477000064, -6.938269317999925 ], [ 110.458678742000075, -6.938269317999925 ], [ 110.458740132000059, -6.938240764999932 ], [ 110.458940440000049, -6.938065646999974 ], [ 110.458994374000042, -6.938026218999937 ], [ 110.45912018000007, -6.937968921999925 ], [ 110.459217299000045, -6.937864923999939 ], [ 110.459274855000047, -6.937800369999934 ], [ 110.459300080000048, -6.937732188999973 ], [ 110.459303759000079, -6.937656802999925 ], [ 110.45933612500005, -6.937628119999943 ], [ 110.459307442000068, -6.937577827999974 ], [ 110.459264372000064, -6.93754187899998 ], [ 110.459311161000073, -6.937466542999971 ], [ 110.459422630000063, -6.937380510999958 ], [ 110.459480238000083, -6.937269286999936 ], [ 110.459426525000083, -6.937114856999926 ], [ 110.45937994500008, -6.937007103999974 ], [ 110.459315393000054, -6.936906510999961 ], [ 110.459275923000064, -6.93686338699996 ], [ 110.459053216000086, -6.936834412999929 ], [ 110.458966965000059, -6.936859444999925 ], [ 110.458851974000083, -6.93688444299994 ], [ 110.458801632000075, -6.93692387599998 ], [ 110.458708250000086, -6.936902228999941 ], [ 110.458632822000084, -6.936887783999964 ], [ 110.458578916000079, -6.936902081999961 ], [ 110.458499826000036, -6.936948660999974 ], [ 110.458409983000081, -6.936973688999956 ], [ 110.458402876000036, -6.936905470999932 ], [ 110.458410147000052, -6.936830089999944 ], [ 110.458464048000053, -6.936819380999964 ], [ 110.458561097000086, -6.936776411999972 ], [ 110.458615010000074, -6.936754933999964 ], [ 110.458737175000067, -6.936740712999949 ], [ 110.458880878000059, -6.936740876999977 ], [ 110.459067680000089, -6.936751859999958 ], [ 110.459143141000084, -6.936737585999936 ], [ 110.459229461000064, -6.936651524999945 ], [ 110.459222399000055, -6.936543817999961 ], [ 110.459193724000045, -6.936486344999935 ], [ 110.45916188800004, -6.936422537999931 ], [ 110.458946282000056, -6.936094755999932 ], [ 110.458888924000064, -6.935986990999936 ], [ 110.458835066000063, -6.935926701999961 ], [ 110.45881004000006, -6.935920313999929 ], [ 110.458782200000087, -6.935921027999939 ], [ 110.458734521000054, -6.935918605999973 ], [ 110.458677101000035, -6.93586468999996 ], [ 110.458700952000072, -6.935786699999937 ], [ 110.458701388000065, -6.935778069999969 ], [ 110.458694715000036, -6.935749586999975 ], [ 110.458644991000085, -6.935669 ], [ 110.458601940000051, -6.935616895999942 ], [ 110.458512338000048, -6.935430114999974 ], [ 110.458533547000059, -6.935375179999937 ], [ 110.45855139300005, -6.935333538999942 ], [ 110.458566395000048, -6.935282987999926 ], [ 110.458526934000076, -6.935232682999981 ], [ 110.458490988000051, -6.935250591999932 ], [ 110.458419030000073, -6.935343848999935 ], [ 110.458357841000065, -6.935444298999926 ], [ 110.458246316000043, -6.935580590999962 ], [ 110.458159983000087, -6.935677421999969 ], [ 110.45810242400006, -6.93574556599998 ], [ 110.458052124000062, -6.935749097999974 ], [ 110.458077934000073, -6.935714615999927 ], [ 110.45815562000007, -6.935638596999979 ], [ 110.458266424000044, -6.935505176999925 ], [ 110.458359989000087, -6.93536742799995 ], [ 110.458426202000055, -6.935271291999925 ], [ 110.458482325000034, -6.935202428999958 ], [ 110.458499601000085, -6.935175164999976 ], [ 110.458568758000069, -6.935017283999969 ], [ 110.458668077000084, -6.934873798999945 ], [ 110.458727077000049, -6.934802065999975 ], [ 110.458872350000036, -6.934685916999968 ], [ 110.458963022000034, -6.934563960999981 ], [ 110.459058567000056, -6.93447416999993 ], [ 110.459289298000044, -6.934291942999948 ], [ 110.459440544000074, -6.934188124999935 ], [ 110.459534018000056, -6.934129355999971 ], [ 110.459598729000049, -6.934090657999946 ], [ 110.459657674000084, -6.93406631299996 ], [ 110.459677796000051, -6.934063463999962 ], [ 110.459697218000088, -6.934088474999953 ], [ 110.459711707000054, -6.934095049999939 ], [ 110.459730148000062, -6.934089695999944 ], [ 110.459769790000053, -6.934042028999954 ], [ 110.459815816000059, -6.934006180999972 ], [ 110.459913589000053, -6.933957468999949 ], [ 110.459992655000065, -6.933931710999957 ], [ 110.460057344000063, -6.933911679999937 ], [ 110.460123487000033, -6.933877291999977 ], [ 110.460183899000072, -6.933827100999963 ], [ 110.460271589000058, -6.933799916999931 ], [ 110.460370818000058, -6.933770252999977 ], [ 110.460433279000085, -6.933756570999947 ], [ 110.460516560000087, -6.933745863999945 ], [ 110.460615307000069, -6.933741699999928 ], [ 110.46066587100006, -6.93375062299998 ], [ 110.460702753000078, -6.933765493999942 ], [ 110.460725952000075, -6.933783339999934 ], [ 110.460754652000048, -6.933820028999946 ], [ 110.460775229000035, -6.933833516999925 ], [ 110.460913083000037, -6.933921986999962 ], [ 110.46093533700008, -6.93393924399993 ], [ 110.460943173000089, -6.93395320999997 ], [ 110.460947167000086, -6.933967921999965 ], [ 110.460942234000072, -6.933982139999955 ], [ 110.460935519000088, -6.933989790999931 ], [ 110.46092591300004, -6.934012755999959 ], [ 110.460920117000057, -6.934054871999933 ], [ 110.460925832000044, -6.934083597999972 ], [ 110.460941154000068, -6.934089358999927 ], [ 110.460975296000072, -6.93408027299995 ], [ 110.461004202000083, -6.93408145899997 ], [ 110.461017903000084, -6.934091543999955 ], [ 110.461029268000061, -6.934110519999933 ], [ 110.461056036000059, -6.934160331999976 ], [ 110.461067484000068, -6.934202466999977 ], [ 110.461065527000073, -6.934238843999935 ], [ 110.461065490000067, -6.93427139299996 ], [ 110.461078876000045, -6.934294383999941 ], [ 110.461107575000085, -6.934330794999937 ], [ 110.461149693000038, -6.934361476999925 ], [ 110.461182257000075, -6.934369172999936 ], [ 110.461220857000058, -6.934365094999976 ], [ 110.461262763000036, -6.934340543999951 ], [ 110.461310710000078, -6.934300390999965 ], [ 110.461309578000055, -6.934261612999933 ], [ 110.461304733000077, -6.934243027999969 ], [ 110.461290443000053, -6.93422305799993 ], [ 110.461251434000076, -6.934193102999927 ], [ 110.461238037000044, -6.934179684999947 ], [ 110.461222746000033, -6.934147117999942 ], [ 110.461215121000066, -6.93411264599996 ], [ 110.461197914000081, -6.934080076999976 ], [ 110.46116345300004, -6.93405514799997 ], [ 110.46112901500004, -6.934011071999976 ], [ 110.461111825000046, -6.933963185999971 ], [ 110.461108030000048, -6.933930631999942 ], [ 110.461121472000059, -6.93390384199995 ], [ 110.461150233000069, -6.933886642999937 ], [ 110.461203903000069, -6.933867556999928 ], [ 110.461236461000055, -6.93388099699996 ], [ 110.461253657000043, -6.933923138999944 ], [ 110.461290023000061, -6.933957643999975 ], [ 110.461342923000075, -6.933987116999958 ], [ 110.461386388000051, -6.934025632999976 ], [ 110.461408710000057, -6.93405159699995 ], [ 110.461469956000087, -6.934111019999932 ], [ 110.46153120200006, -6.93417044399996 ], [ 110.461565647000043, -6.934208775999934 ], [ 110.461617310000065, -6.93427010399995 ], [ 110.461638354000058, -6.934298847999969 ], [ 110.461674698000081, -6.934352498999942 ], [ 110.461693830000058, -6.934377410999957 ], [ 110.461753380000061, -6.934465388999968 ], [ 110.461854745000039, -6.934579602999975 ], [ 110.461990431000061, -6.934716641999955 ], [ 110.462148093000053, -6.934868556999959 ], [ 110.462135941000042, -6.935024108999926 ], [ 110.462165778000042, -6.935113891999947 ], [ 110.462291328000049, -6.935281565999958 ], [ 110.462530534000052, -6.935545101999935 ], [ 110.462883262000048, -6.936024165999982 ], [ 110.46326005700007, -6.936401539999963 ], [ 110.46349323000004, -6.936706950999962 ], [ 110.464507724000043, -6.937990929999955 ], [ 110.465892590000067, -6.939658240999961 ], [ 110.466531154000052, -6.940477474999966 ], [ 110.466666700000076, -6.940633284999933 ], [ 110.466865964000078, -6.940925270999969 ], [ 110.467285144000073, -6.941467745999944 ], [ 110.467865648000043, -6.94224166999993 ], [ 110.468426199000078, -6.942752768999981 ], [ 110.469164912000053, -6.943133031999935 ], [ 110.469594855000082, -6.943299400999933 ], [ 110.470175286000085, -6.943497496999953 ], [ 110.470498191000047, -6.94362720099997 ], [ 110.47107426000008, -6.943800369999963 ], [ 110.471664884000063, -6.94403889199998 ], [ 110.472337806000041, -6.944276608999928 ], [ 110.472853254000086, -6.944447981999929 ], [ 110.473643296000034, -6.944717974999946 ], [ 110.475007358000084, -6.945176516999936 ], [ 110.475715537000042, -6.945442770999932 ], [ 110.476849707000042, -6.945829122999953 ], [ 110.477416473000062, -6.946020763999968 ], [ 110.478986433000046, -6.946567019999975 ], [ 110.479341425000086, -6.946614474999933 ], [ 110.480185962000064, -6.946397808999961 ], [ 110.480942262000042, -6.946686912999951 ], [ 110.481624976000035, -6.946884917999967 ], [ 110.482598092000046, -6.947199637999972 ], [ 110.483377573000041, -6.947476930999926 ], [ 110.484230487000048, -6.947780146999946 ], [ 110.485098149000066, -6.948108523999963 ], [ 110.485491651000075, -6.948381956999981 ], [ 110.485738182000034, -6.948411721999946 ], [ 110.486404431000039, -6.947531320999929 ], [ 110.486975501000074, -6.946579536999934 ], [ 110.48717347499236, -6.946295487390264 ] ] ] } },
{ "type": "Feature", "properties": { "OBJECTID": 920.0, "NAMOBJ": "Garis Pantai", "THNSBDATA": "2017", "THNPBL": "2022", "SHAPE_Leng": 0.011410622802874 }, "geometry": { "type": "MultiLineString", "coordinates": [ [ [ 110.443790616529199, -6.939104557360826 ], [ 110.443740274000049, -6.939267833999963 ], [ 110.443713228000036, -6.93935455999997 ], [ 110.443668240000079, -6.939423314999942 ], [ 110.443650178000041, -6.939507059999926 ], [ 110.443605236000053, -6.939536922999935 ], [ 110.443545060000076, -6.939791141999933 ], [ 110.443457962000082, -6.940027379999947 ], [ 110.443313695000086, -6.94050587299995 ], [ 110.443175511000049, -6.940903598999967 ], [ 110.443055321000088, -6.941274420999946 ], [ 110.44303134200004, -6.941298325999981 ], [ 110.442986474000065, -6.941265364999936 ], [ 110.442950642000085, -6.941184548999956 ], [ 110.442965770000058, -6.941049942999939 ], [ 110.443004887000086, -6.94088245699993 ], [ 110.44303211600004, -6.94064016599998 ], [ 110.443038287000036, -6.940484607999963 ], [ 110.443056457000068, -6.940308122999966 ], [ 110.443095497000058, -6.940206452999973 ], [ 110.443257371000072, -6.940030135999962 ], [ 110.443359404000034, -6.939823832999934 ], [ 110.443380607000051, -6.939614442999925 ], [ 110.443329842000082, -6.93950369199996 ], [ 110.443237170000089, -6.939386909999939 ], [ 110.443003929000042, -6.93915029599998 ], [ 110.442947106000076, -6.93909937199993 ], [ 110.442842361000089, -6.939066340999943 ], [ 110.442731639000044, -6.939024327999959 ], [ 110.442656740000075, -6.939069114999938 ], [ 110.442641683000033, -6.939143887999933 ], [ 110.442680525000071, -6.939209749999975 ], [ 110.442704402000061, -6.93927260199996 ], [ 110.442614524000078, -6.939326345999973 ], [ 110.442494743000054, -6.939350137999952 ], [ 110.442386940000063, -6.93937095299998 ], [ 110.442294107000066, -6.939391785999931 ], [ 110.44223127500004, -6.939358803999937 ], [ 110.442267257000083, -6.939310979999959 ], [ 110.442351208000048, -6.939206370999955 ], [ 110.442492041000037, -6.939101828999981 ], [ 110.442552016000036, -6.93901813399998 ], [ 110.442615024000077, -6.938901533999967 ], [ 110.442696040000044, -6.938746063999929 ], [ 110.442756157084148, -6.938638475083173 ] ] ] } },
{ "type": "Feature", "properties": { "OBJECTID": 1820.0, "NAMOBJ": "Garis Pantai", "THNSBDATA": "2017", "THNPBL": "2022", "SHAPE_Leng": 0.010572870028526001 }, "geometry": { "type": "MultiLineString", "coordinates": [ [ [ 110.442142501000035, -6.94312959399997 ], [ 110.442223403000071, -6.943065005999927 ], [ 110.442415185000073, -6.942916845999946 ], [ 110.442469402000086, -6.942862795999929 ], [ 110.442677092000054, -6.942904926999972 ], [ 110.442975681000064, -6.943009055999937 ], [ 110.443029391000039, -6.942847854999968 ], [ 110.443209693000085, -6.942277261999948 ], [ 110.443386301000089, -6.941792823999947 ], [ 110.443384218000062, -6.941773877999935 ], [ 110.443382731000042, -6.941757221999978 ], [ 110.443377377000047, -6.941747108999948 ], [ 110.443363100000056, -6.941733724999949 ], [ 110.443341488000044, -6.94171199699997 ], [ 110.443329830000039, -6.941696725999975 ], [ 110.443328003000033, -6.941683755999975 ], [ 110.443330383000045, -6.941669181999941 ], [ 110.443337091000046, -6.941650477999929 ], [ 110.443368565000071, -6.941598944999953 ], [ 110.44338689500006, -6.941566269999953 ], [ 110.443396413000073, -6.941541880999978 ], [ 110.443402064000054, -6.941515408999976 ], [ 110.443405633000054, -6.941493398999967 ], [ 110.443403849000049, -6.941457112999956 ], [ 110.443404444000066, -6.941423204999978 ], [ 110.443417828000065, -6.941334272999939 ], [ 110.443434653000054, -6.941266535999944 ], [ 110.443491313000038, -6.941089312999964 ], [ 110.443559783000069, -6.940909894999947 ], [ 110.443583498000066, -6.940835180999954 ], [ 110.443594503000043, -6.940799488999971 ], [ 110.443620796000062, -6.940766597999925 ], [ 110.443650441000045, -6.940737043999945 ], [ 110.44366504900006, -6.940729099999942 ], [ 110.443703829000071, -6.940722308999966 ], [ 110.443714666000062, -6.940716207999969 ], [ 110.443723510000041, -6.940704370999981 ], [ 110.443751547000033, -6.940646013999981 ], [ 110.443773260000057, -6.940585931999976 ], [ 110.443783968000048, -6.940548752999973 ], [ 110.443795224000041, -6.940504638999926 ], [ 110.443832660000055, -6.940391976999933 ], [ 110.443927169000062, -6.940109762999953 ], [ 110.443995723000057, -6.939858545999925 ], [ 110.444107452000083, -6.939553528999966 ], [ 110.444168695000087, -6.939410001999931 ], [ 110.444201066000062, -6.939377729999933 ], [ 110.444220658000063, -6.939366220999943 ], [ 110.444237076000036, -6.939364792999982 ], [ 110.444240646000083, -6.939375143999939 ], [ 110.444214862000081, -6.939435204999938 ], [ 110.444179612000084, -6.939511129999971 ], [ 110.444163551000088, -6.939550033999978 ], [ 110.444146419000049, -6.939603571999953 ], [ 110.444117865000067, -6.93968637699993 ], [ 110.44410496100005, -6.939737411999943 ], [ 110.444092881000074, -6.939766326999973 ], [ 110.444090740000036, -6.939832356999943 ], [ 110.444092221000062, -6.93987920099994 ], [ 110.444065785000078, -6.939955755999961 ], [ 110.444032150000055, -6.940044268999941 ], [ 110.443928878000065, -6.940285872999937 ], [ 110.443851986000084, -6.940498787999957 ], [ 110.443767858000058, -6.940754772999981 ], [ 110.443746187000045, -6.940852873999972 ], [ 110.443758033000051, -6.940962979999938 ], [ 110.443779454000037, -6.941077883999981 ], [ 110.443774583000049, -6.941147283999953 ], [ 110.44373379600006, -6.941207068999972 ], [ 110.443671339000048, -6.941364954999926 ], [ 110.443625723000082, -6.941458239999974 ], [ 110.443606393000039, -6.941601815999945 ], [ 110.443387871000084, -6.94208740199997 ], [ 110.44330369100004, -6.942386467999938 ], [ 110.443236929000079, -6.942584679999925 ], [ 110.443224358000066, -6.942637671999933 ], [ 110.443217100000084, -6.942699889999972 ], [ 110.44290718600007, -6.943506071999934 ], [ 110.442635498000072, -6.944255118999934 ], [ 110.443073472000037, -6.944391304999954 ] ] ] } },
{ "type": "Feature", "properties": { "OBJECTID": 1821.0, "NAMOBJ": "Garis Penutup Sungai", "THNSBDATA": "2017", "THNPBL": "2022", "SHAPE_Leng": 0.00045099719389699998 }, "geometry": { "type": "MultiLineString", "coordinates": [ [ [ 110.443073472000037, -6.944391304999954 ], [ 110.443329826889126, -6.94447101729961 ] ], [ [ 110.443334107110033, -6.944472348213378 ], [ 110.443504130000065, -6.944525215999931 ] ] ] } },
{ "type": "Feature", "properties": { "OBJECTID": 918.0, "NAMOBJ": "Garis Pantai", "THNSBDATA": "2017", "THNPBL": "2022", "SHAPE_Leng": 0.029251826573932001 }, "geometry": { "type": "MultiLineString", "coordinates": [ [ [ 110.381724446344066, -6.948814109186082 ], [ 110.38175007379094, -6.948691532132237 ] ], [ [ 110.381750144644158, -6.948691179633946 ], [ 110.381842110085287, -6.948232531739317 ] ], [ [ 110.385270083792321, -6.948232296655361 ], [ 110.385270061000085, -6.948249892999968 ] ], [ [ 110.385270061000085, -6.948249892999968 ], [ 110.385293901000068, -6.948334884999952 ], [ 110.385309412000083, -6.94837918099995 ], [ 110.385347682000088, -6.94841871999995 ], [ 110.385358396000072, -6.948467795999932 ], [ 110.38537520400007, -6.948636037999961 ], [ 110.385395139000082, -6.948761021999928 ], [ 110.385397425000065, -6.948844789999953 ], [ 110.385418649000087, -6.949100898999973 ], [ 110.385449642000083, -6.949211029999958 ] ], [ [ 110.385449642000083, -6.949211029999958 ], [ 110.385508325546809, -6.949391787640727 ] ], [ [ 110.385839589000057, -6.947714534999932 ], [ 110.385707627301116, -6.947801098967822 ] ], [ [ 110.385921089000078, -6.947663184999954 ], [ 110.385865960000046, -6.947695421999981 ], [ 110.385839589000057, -6.947714534999932 ] ], [ [ 110.385955033776227, -6.947669215332946 ], [ 110.385921089000078, -6.947663184999954 ] ], [ [ 110.386121611751662, -6.950922278911873 ], [ 110.386122035000085, -6.950929850999955 ] ], [ [ 110.386122035000085, -6.950929850999955 ], [ 110.386125248000042, -6.95097981999993 ], [ 110.386129174000075, -6.95101122899996 ], [ 110.386125961000062, -6.951062624999963 ] ], [ [ 110.386125961000062, -6.951062624999963 ], [ 110.386122645430405, -6.951093068958124 ] ], [ [ 110.387243213123909, -6.951675487224408 ], [ 110.387243688000069, -6.951675487999978 ] ], [ [ 110.387248252254452, -6.951674675491368 ], [ 110.387290403000065, -6.951667171999929 ] ], [ [ 110.387290403000065, -6.951667171999929 ], [ 110.387299417459971, -6.951662007931813 ] ], [ [ 110.38743510767344, -6.951597292317723 ], [ 110.387444974000061, -6.951600957999972 ] ], [ [ 110.387444974000061, -6.951600957999972 ], [ 110.387474314000087, -6.951600396999936 ], [ 110.387506654000049, -6.951596250999955 ], [ 110.387567054000044, -6.951583576999951 ], [ 110.387626434000083, -6.951577258999976 ], [ 110.387656694000043, -6.951572499999941 ], [ 110.387724632000072, -6.951577984999972 ], [ 110.387745252000059, -6.951576558999932 ], [ 110.387763669000037, -6.951570419999939 ], [ 110.387797711000076, -6.951555940999981 ] ], [ [ 110.387797711000076, -6.951555940999981 ], [ 110.387800672637383, -6.951556109313855 ] ], [ [ 110.387857278442311, -6.951564754079454 ], [ 110.387865350000084, -6.951573379999957 ] ], [ [ 110.387865350000084, -6.951573379999957 ], [ 110.38788050900007, -6.951576460999945 ], [ 110.387888933000056, -6.951577173999965 ], [ 110.387899613000059, -6.951576263999925 ] ], [ [ 110.387899613000059, -6.951576263999925 ], [ 110.387910572640067, -6.951572893244863 ] ], [ [ 110.388239670529742, -6.951533960195387 ], [ 110.388245300000051, -6.951534577999951 ] ], [ [ 110.388245300000051, -6.951534577999951 ], [ 110.388268500000038, -6.95152743999995 ] ], [ [ 110.388268500000038, -6.95152743999995 ], [ 110.388276356694149, -6.951520705488567 ] ], [ [ 110.3890099681539, -6.951375722869191 ], [ 110.389064295000082, -6.951423551999937 ] ], [ [ 110.389064295000082, -6.951423551999937 ], [ 110.389085836000049, -6.951434947999928 ], [ 110.389110978000076, -6.951439766999954 ], [ 110.389161883000043, -6.951433250999969 ], [ 110.389192440000045, -6.951418331999946 ], [ 110.389234399000088, -6.951383085999964 ] ], [ [ 110.389234399000088, -6.951383085999964 ], [ 110.389302983401251, -6.951326939764633 ] ], [ [ 110.390441695842284, -6.950955739079907 ], [ 110.390452271000072, -6.950949075999972 ] ], [ [ 110.390452271000072, -6.950949075999972 ], [ 110.390478648000055, -6.950925176999931 ], [ 110.390498432000072, -6.950906653999937 ], [ 110.390505030000043, -6.950897687999941 ], [ 110.390517622000061, -6.950883343999976 ], [ 110.390511056000037, -6.950867778999964 ], [ 110.390501638000046, -6.95084216999993 ], [ 110.390481820000048, -6.950821261999977 ], [ 110.390429425000036, -6.950750381999967 ], [ 110.390363801000035, -6.950631912999938 ], [ 110.390169419000074, -6.950366655999971 ], [ 110.389942839000071, -6.950048475999949 ], [ 110.389944945000082, -6.950033900999927 ], [ 110.389735046000055, -6.949745901999961 ], [ 110.389522322000062, -6.949439196999947 ], [ 110.389332937000063, -6.949157936999939 ], [ 110.389227261000087, -6.949026492999963 ], [ 110.389133044000062, -6.948894309999957 ], [ 110.389006533000043, -6.948706654999967 ], [ 110.388914235000072, -6.94859731899993 ], [ 110.388906478000081, -6.948576367999976 ], [ 110.388911437000047, -6.948561490999964 ], [ 110.388932423000085, -6.948538781999957 ], [ 110.388986070000044, -6.948495172999969 ], [ 110.389055306000046, -6.948434532999954 ], [ 110.389345687000059, -6.948190611999962 ], [ 110.389495281000052, -6.948081670999954 ], [ 110.389538434000087, -6.948049177999962 ], [ 110.389660250000077, -6.947936370999969 ], [ 110.389791631000037, -6.947836021999933 ], [ 110.389956575000042, -6.947709868999937 ], [ 110.390020833000051, -6.947656341999959 ], [ 110.390138796000087, -6.947558847999971 ], [ 110.390329650000069, -6.947400178999942 ], [ 110.390501325000059, -6.947254887999975 ], [ 110.390585716000089, -6.947189898999966 ], [ 110.390748692000045, -6.947103949999928 ], [ 110.390839775000074, -6.947049499999935 ], [ 110.391099600000075, -6.946895705999964 ], [ 110.391292314000054, -6.946780117999936 ], [ 110.391481181000074, -6.946675055999947 ], [ 110.391546848000075, -6.94664290999998 ], [ 110.39163745500008, -6.946586065999952 ], [ 110.391787985000065, -6.946493399999952 ], [ 110.39190590700008, -6.946428453999943 ], [ 110.392042540000034, -6.946340076999945 ], [ 110.392196888000058, -6.946258902999944 ], [ 110.392256330000066, -6.946224515999972 ] ], [ [ 110.392256330000066, -6.946224515999972 ], [ 110.392425294175482, -6.946112293220112 ] ], [ [ 110.392503038073741, -6.946066763686616 ], [ 110.392510222000055, -6.946064251999928 ] ], [ [ 110.392510222000055, -6.946064251999928 ], [ 110.392543760384896, -6.946073497212062 ] ], [ [ 110.392568731583665, -6.946115416805926 ], [ 110.392625702000089, -6.946222356999954 ] ], [ [ 110.392625702000089, -6.946222356999954 ], [ 110.392658678570385, -6.946266410328771 ] ], [ [ 110.39268519323528, -6.94631092102735 ], [ 110.392694473000063, -6.946383991999937 ] ], [ [ 110.392694473000063, -6.946383991999937 ], [ 110.392706639000039, -6.946422060999964 ], [ 110.392727440000044, -6.946450088999939 ], [ 110.392766215000051, -6.946470241999975 ], [ 110.392789187000062, -6.946486066999967 ], [ 110.392807811000068, -6.946531324999967 ], [ 110.392808498000079, -6.946555736999926 ], [ 110.392983363000042, -6.946835895999925 ], [ 110.393206114000066, -6.947202832999949 ], [ 110.39334031900006, -6.947467423999967 ], [ 110.39347777100005, -6.94767461899994 ], [ 110.393757408000056, -6.948134488999926 ], [ 110.39422632600008, -6.94893910899998 ] ] ] } },
{ "type": "Feature", "properties": { "OBJECTID": 922.0, "NAMOBJ": "Garis Penutup Sungai", "THNSBDATA": "2017", "THNPBL": "2022", "SHAPE_Leng": 0.0019693981231619999 }, "geometry": { "type": "MultiLineString", "coordinates": [ [ [ 110.39422632600008, -6.94893910899998 ], [ 110.394245598177804, -6.948930351037382 ] ], [ [ 110.395927152955352, -6.948166153952054 ], [ 110.395939440000063, -6.94816056999997 ], [ 110.39601925900007, -6.948124295999946 ] ] ] } },
{ "type": "Feature", "properties": { "OBJECTID": 1787.0, "NAMOBJ": "Garis Pantai", "THNSBDATA": "2017", "THNPBL": "2022", "SHAPE_Leng": 0.020216134547052001 }, "geometry": { "type": "MultiLineString", "coordinates": [ [ [ 110.39601925900007, -6.948124295999946 ], [ 110.395970439000052, -6.947919258999946 ], [ 110.395917887000053, -6.947809099999972 ], [ 110.395879639000043, -6.947751611999934 ], [ 110.395791262000046, -6.947562429999948 ], [ 110.395750693000082, -6.947447499999953 ], [ 110.395617262000087, -6.947137797999972 ], [ 110.395537325000078, -6.946904349999954 ], [ 110.395465226908712, -6.946781760194958 ] ], [ [ 110.395401620721842, -6.946624230037295 ], [ 110.395398797000041, -6.946601421999958 ], [ 110.395372950494959, -6.946553223943234 ] ], [ [ 110.394993384997107, -6.945586199333898 ], [ 110.394966715000066, -6.945484399999941 ], [ 110.394905952000045, -6.945240206999927 ], [ 110.394875672000069, -6.945071389999953 ], [ 110.394899412930684, -6.945030180026507 ] ], [ [ 110.40182695504113, -6.945175424067552 ], [ 110.401817612000059, -6.945190938999929 ], [ 110.401814573000081, -6.945226834999971 ], [ 110.401816939000071, -6.945249573999945 ], [ 110.401831000999692, -6.945357624124703 ] ], [ [ 110.40186566519867, -6.946210472797936 ], [ 110.401856172000066, -6.946234463999929 ], [ 110.401852313000063, -6.946254056999976 ], [ 110.40184885900004, -6.94626864199995 ], [ 110.40182444800007, -6.946320582999931 ], [ 110.401797384853339, -6.946398594249545 ] ], [ [ 110.401753441112717, -6.946482405664884 ], [ 110.401740880000034, -6.946494229999928 ], [ 110.401739753583897, -6.946515114053849 ] ], [ [ 110.401769900682382, -6.946785112052671 ], [ 110.401759137000056, -6.946830271999943 ], [ 110.401753290000045, -6.946907806999945 ], [ 110.401750335000088, -6.946972422999977 ], [ 110.401746007655447, -6.946993366928962 ] ], [ [ 110.401937666339251, -6.948049084375505 ], [ 110.401947223000036, -6.948099911999975 ], [ 110.40195858900006, -6.94820331699998 ], [ 110.401972834000048, -6.948302416999979 ], [ 110.401965580000081, -6.948356974999967 ], [ 110.401943979000066, -6.948392847999969 ], [ 110.40193963300004, -6.948420125999974 ], [ 110.401935241000047, -6.94848473899998 ], [ 110.401948098000048, -6.948545065999951 ], [ 110.401988046000042, -6.948597914999937 ], [ 110.402032066000061, -6.948604457999977 ], [ 110.402082034000045, -6.948588991999941 ], [ 110.402122485000064, -6.948567575999959 ], [ 110.402164622190455, -6.948558074367677 ] ], [ [ 110.402314830007796, -6.948777844985121 ], [ 110.402319683000087, -6.948795111999971 ], [ 110.402325632000043, -6.948826937999968 ], [ 110.402334555000039, -6.948864711999931 ], [ 110.402344965000054, -6.94891230099995 ], [ 110.402353590000075, -6.948942638999938 ], [ 110.402369652000061, -6.948979222999981 ], [ 110.402394339000068, -6.949015211999949 ], [ 110.402419620000046, -6.949035734999939 ], [ 110.402509445000078, -6.949078565999969 ], [ 110.402547219000041, -6.949091652999925 ], [ 110.402601054000058, -6.949109498999974 ], [ 110.40267927900004, -6.949133292999932 ], [ 110.402719730000058, -6.949143702999947 ], [ 110.402833349000048, -6.949178502999928 ], [ 110.402913061000049, -6.949198727999942 ], [ 110.402974035000057, -6.949209435999933 ], [ 110.403021624000075, -6.949211814999956 ], [ 110.403121264000049, -6.949214194999968 ], [ 110.403177776000064, -6.949215979999963 ], [ 110.403223581000077, -6.949218358999929 ], [ 110.403266411000061, -6.949216573999934 ], [ 110.403280093000035, -6.949209732999975 ], [ 110.403297641000051, -6.949199917999977 ], [ 110.403322167160525, -6.949182081019472 ] ], [ [ 110.405351374583688, -6.94881063162712 ], [ 110.405368367000051, -6.948812362999945 ], [ 110.405401977000054, -6.948818906999975 ], [ 110.405448079000053, -6.948827532999928 ], [ 110.405489455847984, -6.948839095118466 ] ], [ [ 110.406339372394825, -6.949643024373257 ], [ 110.406348322000042, -6.949719710999943 ], [ 110.406369737000034, -6.949906736999935 ], [ 110.406382586000063, -6.950068063999936 ], [ 110.406404001000055, -6.950202265999962 ], [ 110.406440948000068, -6.950211752999962 ], [ 110.406449651000059, -6.950212372999943 ] ] ] } },
{ "type": "Feature", "properties": { "OBJECTID": 919.0, "NAMOBJ": "Garis Pantai", "THNSBDATA": "2017", "THNPBL": "2022", "SHAPE_Leng": 0.039679932118528001 }, "geometry": { "type": "MultiLineString", "coordinates": [ [ [ 110.406699657000047, -6.950166757999966 ], [ 110.406699629000059, -6.950166656999954 ], [ 110.406693733836505, -6.950139316995343 ] ], [ [ 110.406803867516643, -6.950128735183839 ], [ 110.406814524000083, -6.950219453999978 ], [ 110.406892003000053, -6.950206082999955 ], [ 110.406987344000072, -6.950189628999965 ], [ 110.407014980000042, -6.950184859999979 ], [ 110.407030667000072, -6.950182126999948 ], [ 110.407023571000082, -6.950140442999952 ], [ 110.407020591000048, -6.950122914999952 ], [ 110.40701634800007, -6.950098013999934 ], [ 110.407016356000042, -6.950097946999961 ], [ 110.407019271000081, -6.950073506999956 ], [ 110.407020870000053, -6.950060100999963 ], [ 110.40702251600004, -6.950046305999933 ], [ 110.407027665000044, -6.950003138999932 ], [ 110.407027692000042, -6.950003134999974 ], [ 110.407051617000036, -6.950002463999965 ], [ 110.407031283000038, -6.949895543999958 ], [ 110.407021720000046, -6.949818425999979 ], [ 110.407005607000087, -6.949743298999977 ], [ 110.406994218000079, -6.949657125999977 ], [ 110.407005747000085, -6.949631291999935 ], [ 110.407037400000036, -6.949601176999977 ], [ 110.407126583000036, -6.949533796999958 ], [ 110.407148153000037, -6.949522335999973 ], [ 110.407232823000072, -6.949476243999925 ], [ 110.407321339000077, -6.949416281999959 ], [ 110.407392723000044, -6.949366788999953 ], [ 110.407439360000069, -6.949324910999962 ], [ 110.407463205000056, -6.949254202999953 ], [ 110.407470484000044, -6.949179540999978 ], [ 110.407502290000082, -6.949027366999928 ], [ 110.407540249000078, -6.948924208999927 ], [ 110.407547863000048, -6.948863294999967 ], [ 110.407574452000063, -6.948780468999928 ], [ 110.407601816000067, -6.948733115999971 ], [ 110.407637778000037, -6.948704440999961 ], [ 110.40774993000008, -6.948655757999973 ], [ 110.407988585000055, -6.948572769999942 ], [ 110.408109343000035, -6.948537020999936 ], [ 110.40817116900007, -6.948511250999957 ], [ 110.408228736000069, -6.948443831999953 ], [ 110.40826471400004, -6.948402232999968 ], [ 110.408335173000069, -6.948367857999926 ], [ 110.408441546000063, -6.948343578999925 ], [ 110.408510535000062, -6.948335048999979 ], [ 110.40855795300007, -6.948339415999953 ], [ 110.408609681000087, -6.948343788999978 ], [ 110.408639243000039, -6.948347427999977 ], [ 110.408680883000045, -6.948329581999928 ], [ 110.408700264000061, -6.948305129999937 ], [ 110.408736801000089, -6.94823321399997 ], [ 110.408762975000059, -6.948172537999938 ], [ 110.408783200000073, -6.948129706999964 ], [ 110.408834359000082, -6.948074979999944 ], [ 110.408874810000043, -6.948034528999926 ], [ 110.408960470000068, -6.947994077999965 ], [ 110.409084391000079, -6.947959538999953 ], [ 110.409133249000035, -6.947961034999935 ], [ 110.409264023000048, -6.947959761999925 ], [ 110.409391933000052, -6.947949869999945 ], [ 110.409495407000065, -6.947945690999973 ], [ 110.409627680000085, -6.947894160999965 ], [ 110.409787269000049, -6.947834047999947 ], [ 110.409924152000087, -6.947719249999977 ], [ 110.409977690000062, -6.947639537999976 ], [ 110.410052643000085, -6.947519375999946 ], [ 110.41009981600007, -6.947395583999935 ], [ 110.410110523000071, -6.947294932999966 ], [ 110.410101957000052, -6.94716501399995 ], [ 110.410089822000089, -6.947085777999973 ], [ 110.410069121000049, -6.947014869999975 ], [ 110.41005365400008, -6.946992265999938 ], [ 110.410015583000074, -6.94698393699997 ], [ 110.409957286000065, -6.946994644999961 ], [ 110.409793103000084, -6.947044613999935 ], [ 110.409649146000049, -6.947079115999941 ], [ 110.409589659000062, -6.947094581999977 ], [ 110.409548019000056, -6.947119566999959 ], [ 110.409493291000047, -6.947151688999952 ], [ 110.409419528000058, -6.947175483999956 ], [ 110.409354092000058, -6.947198088999926 ], [ 110.409301744000061, -6.94722545299993 ], [ 110.409261294000089, -6.947258764999958 ], [ 110.409175734000087, -6.947312025999963 ], [ 110.409126854000078, -6.94732776099994 ], [ 110.409063590000073, -6.947354965999978 ], [ 110.409014692000085, -6.947385059999931 ], [ 110.408990221000067, -6.947418056999936 ], [ 110.40893980900006, -6.947509896999975 ], [ 110.408892329000082, -6.947555788999978 ], [ 110.408833327000082, -6.947621770999945 ], [ 110.408785858000044, -6.947659046999945 ], [ 110.408761451000089, -6.947640348999926 ], [ 110.408739926000067, -6.947615909999968 ], [ 110.40870688800004, -6.947604380999962 ], [ 110.408656589000088, -6.947605753999937 ], [ 110.408622091000041, -6.947612890999949 ], [ 110.408578960000057, -6.947628632999965 ], [ 110.40853870400008, -6.947642942999948 ], [ 110.40848834500008, -6.947693138999966 ], [ 110.408410686000082, -6.947738993999963 ], [ 110.408341677000067, -6.947763318999932 ], [ 110.408297094000034, -6.947790546999954 ], [ 110.408179162000067, -6.947865070999967 ], [ 110.408110137000051, -6.947902319999969 ], [ 110.408054058000062, -6.947929532999979 ], [ 110.408020969000063, -6.947958211999946 ], [ 110.407974946000081, -6.947988309999971 ], [ 110.407938989000058, -6.948012675999962 ], [ 110.40790443700007, -6.948062891999939 ], [ 110.407887147000054, -6.948098769999945 ], [ 110.407891410000047, -6.948137546999931 ], [ 110.407876996000084, -6.94817199199997 ], [ 110.40784532300006, -6.948217903999932 ], [ 110.407782016000056, -6.948279571999933 ], [ 110.407760437000036, -6.94829821299993 ], [ 110.407723046000058, -6.94831970599995 ], [ 110.407697150000047, -6.948342648999926 ], [ 110.407664087000057, -6.948351223999964 ], [ 110.40763249400004, -6.948333951999928 ], [ 110.407623929000067, -6.948287989999926 ], [ 110.407609608000087, -6.948247764999962 ], [ 110.407619716000056, -6.948209005999956 ], [ 110.407638466000037, -6.94815446299998 ], [ 110.407662950000088, -6.948111413999925 ], [ 110.407696058000056, -6.948066939999933 ], [ 110.407805350000046, -6.948006764999946 ], [ 110.407864293000046, -6.947988170999963 ], [ 110.407918946000052, -6.947952339999972 ], [ 110.408008119000044, -6.947892140999954 ], [ 110.408072836000088, -6.947852013999977 ], [ 110.408126052000057, -6.947816180999951 ], [ 110.408254053000064, -6.947734489999959 ], [ 110.408346105000078, -6.947669985999937 ], [ 110.408448208000038, -6.94761267399997 ], [ 110.408494233000056, -6.947581139999954 ], [ 110.408553184000084, -6.94755536599996 ], [ 110.408788733000051, -6.947443728999929 ], [ 110.408948627000086, -6.947353385999975 ], [ 110.409004714000048, -6.947320428999944 ], [ 110.409124079000037, -6.947248778999949 ], [ 110.409180167000045, -6.947214384999938 ], [ 110.409214687000087, -6.947190016999969 ], [ 110.409403585000064, -6.947099182999978 ], [ 110.409609171000056, -6.947005907999937 ], [ 110.410009491000039, -6.946862378999981 ], [ 110.410226498000043, -6.946765296999956 ], [ 110.410477769000067, -6.946630142999936 ], [ 110.410564004470729, -6.946579326092752 ] ], [ [ 110.412374063883945, -6.94622678379285 ], [ 110.412400743000035, -6.946311477999927 ], [ 110.412434259000065, -6.946323485999926 ], [ 110.412489340000036, -6.946328340999969 ], [ 110.413160024000035, -6.946281304999957 ], [ 110.413375589000054, -6.946275588999981 ], [ 110.413558843000033, -6.946251882999945 ], [ 110.413757666000038, -6.946226998999975 ], [ 110.414067785000043, -6.946202850999953 ], [ 110.41432829200005, -6.946170264999978 ], [ 110.414395833000071, -6.946170018999965 ], [ 110.414490682000064, -6.946167263999939 ], [ 110.414535252000064, -6.946150087999968 ], [ 110.414571205000072, -6.94612859199998 ], [ 110.414607146000037, -6.946117148999974 ], [ 110.414655997000068, -6.946124388999976 ], [ 110.414713457000062, -6.946141691999969 ], [ 110.414766573000065, -6.946159417999979 ], [ 110.414787988000057, -6.946162987999969 ], [ 110.414865797000061, -6.946162987999969 ], [ 110.414985365000064, -6.946146925999926 ], [ 110.415026886000078, -6.946131935999972 ], [ 110.415042115000062, -6.946129317999976 ], [ 110.415112309000051, -6.946124558999941 ], [ 110.415212484000051, -6.94612170399995 ], [ 110.415337168000065, -6.946121227999981 ], [ 110.415419021000048, -6.946120037999947 ], [ 110.41551015500005, -6.946111233999943 ], [ 110.415557744000068, -6.946106 ], [ 110.415582975000063, -6.946100940999941 ], [ 110.415630793000048, -6.94609814699993 ], [ 110.415686235000067, -6.946094577999929 ], [ 110.415759046000062, -6.946084821999932 ], [ 110.415812009000035, -6.946065627999928 ], [ 110.416092258000049, -6.946041952999963 ], [ 110.416100444000051, -6.946039156999973 ], [ 110.416109070000061, -6.946035586999926 ], [ 110.416115019000074, -6.946030827999948 ], [ 110.41612284100006, -6.94601999799994 ], [ 110.41613344700005, -6.945995536999931 ], [ 110.416162241000052, -6.945952492999936 ], [ 110.41620296900004, -6.945936125999935 ], [ 110.41625722100008, -6.945932556999935 ], [ 110.416332174000047, -6.945928273999925 ], [ 110.41637214900004, -6.945924703999935 ], [ 110.416410696000071, -6.945915424999953 ], [ 110.416439964000062, -6.945896150999943 ], [ 110.416464234000046, -6.945870452999941 ], [ 110.416478511000037, -6.945844754999939 ], [ 110.416482794000046, -6.945778367999935 ], [ 110.416478511000037, -6.94570555599995 ], [ 110.416472087000045, -6.945677002999957 ], [ 110.416455668000083, -6.945664866999948 ], [ 110.416415578000056, -6.945615348999979 ], [ 110.416389765000076, -6.945572237999954 ], [ 110.416366809000067, -6.94554205399993 ], [ 110.416363976000071, -6.945509022999943 ], [ 110.416391370000042, -6.945435821999979 ], [ 110.416411593000078, -6.945351123999956 ], [ 110.416427462000058, -6.945300883999948 ], [ 110.416496726000048, -6.945166704999963 ], [ 110.416502813701129, -6.945124055930058 ] ], [ [ 110.416639821943008, -6.943943459174222 ], [ 110.416730075000089, -6.943920413999933 ], [ 110.416750895000064, -6.94391535799997 ], [ 110.416782423000086, -6.943910003999974 ], [ 110.416836258000046, -6.94390881399994 ], [ 110.416932969000072, -6.943920331999948 ], [ 110.416958119000071, -6.943919166999933 ], [ 110.416996447000088, -6.943913229999964 ], [ 110.417025294000041, -6.943911181999965 ], [ 110.417060272000072, -6.943902615999946 ], [ 110.417090254000072, -6.943877630999964 ], [ 110.417113096000037, -6.943860498999925 ], [ 110.417135939000048, -6.943851218999953 ], [ 110.417161637000049, -6.943846935999943 ], [ 110.41718876300007, -6.943840511999952 ], [ 110.417201612000042, -6.943831945999932 ], [ 110.417242301000044, -6.943707737999944 ], [ 110.417297981000047, -6.943506434999961 ], [ 110.417292996000072, -6.94329851699996 ], [ 110.417300836000038, -6.943220661999931 ], [ 110.417315113000086, -6.943192108999938 ], [ 110.417332245000068, -6.94315689299998 ], [ 110.41733795600004, -6.943124055999931 ], [ 110.417344142000047, -6.94309074399996 ], [ 110.417375075000052, -6.943064093999965 ], [ 110.417413622000083, -6.943059810999955 ], [ 110.417601124000043, -6.943051719999971 ], [ 110.417684881000071, -6.943051719999971 ], [ 110.417712007000034, -6.943057430999943 ], [ 110.41774594900005, -6.943068118999975 ], [ 110.417799803000037, -6.943096904999948 ], [ 110.417847689000041, -6.943108929999937 ], [ 110.41791997200005, -6.94309930999998 ], [ 110.418006990000038, -6.943086388999973 ], [ 110.418086045000052, -6.943072126999937 ], [ 110.418139948000089, -6.943060225999943 ], [ 110.418179470000041, -6.943057880999959 ], [ 110.418269566000049, -6.94303950799997 ], [ 110.418298576000041, -6.943035539999926 ], [ 110.41833398600005, -6.943030547999967 ], [ 110.418405859000075, -6.943013882999935 ], [ 110.418478926000034, -6.942999612999927 ], [ 110.418504076000033, -6.942998446999979 ], [ 110.418538110000043, -6.942999947999965 ], [ 110.418537232000062, -6.943129902999942 ], [ 110.418478463000042, -6.943124531999956 ], [ 110.418477868000082, -6.943097762999969 ], [ 110.418472514000086, -6.94308646099995 ], [ 110.418462402000046, -6.943081701999972 ], [ 110.418426710000062, -6.94308289099996 ], [ 110.418373412000051, -6.943105984999931 ], [ 110.418359017000057, -6.943126310999958 ], [ 110.418345822000049, -6.943144243999939 ], [ 110.418325430000039, -6.943171741999947 ], [ 110.418298814000082, -6.943238150999946 ], [ 110.418270260000043, -6.943357123999931 ], [ 110.418255607000049, -6.943469622999942 ], [ 110.418250249000039, -6.943509108999933 ], [ 110.418244086000072, -6.943517737999969 ], [ 110.418228025000076, -6.943539747999978 ], [ 110.418210179000084, -6.943575439999961 ], [ 110.418204825000089, -6.943611726999961 ], [ 110.418215532000033, -6.943665858999964 ], [ 110.418253009000068, -6.94376936599997 ], [ 110.418271943000036, -6.943819064999957 ], [ 110.418299394000087, -6.943894486999966 ], [ 110.418328014000053, -6.943992647999949 ], [ 110.418344731000047, -6.94403215799997 ], [ 110.418350679000071, -6.944064474999948 ], [ 110.418374593000067, -6.944094419999942 ], [ 110.418397291000076, -6.94413992099993 ], [ 110.418411620000086, -6.944173444999933 ], [ 110.418470223000043, -6.944235741999933 ], [ 110.41849532100008, -6.94427645899998 ], [ 110.418522843000062, -6.944294442999933 ], [ 110.418560465000041, -6.944326337999939 ], [ 110.418587829000046, -6.944350132999944 ], [ 110.418622926000069, -6.94436619399994 ], [ 110.418662187000052, -6.94437630699997 ], [ 110.418684412000061, -6.944374815999936 ], [ 110.418693948073042, -6.944376907535079 ] ] ] } },
{ "type": "Feature", "properties": { "OBJECTID": 1788.0, "NAMOBJ": "Garis Penutup Sungai", "THNSBDATA": "2017", "THNPBL": "2022", "SHAPE_Leng": 0.00025413328836300001 }, "geometry": { "type": "MultiLineString", "coordinates": [ [ [ 110.406449651000059, -6.950212372999943 ], [ 110.406516151000062, -6.950200239999958 ], [ 110.406643587000076, -6.950176987999953 ], [ 110.406690931000071, -6.950168349999956 ], [ 110.406699657000047, -6.950166757999966 ] ] ] } },
{ "type": "Feature", "properties": { "OBJECTID": 1789.0, "NAMOBJ": "Garis Pantai", "THNSBDATA": "2017", "THNPBL": "2022", "SHAPE_Leng": 0.013201037935603 }, "geometry": { "type": "MultiLineString", "coordinates": [ [ [ 110.418693860939541, -6.94444837980565 ], [ 110.417026641000064, -6.944410800999947 ], [ 110.417026063949692, -6.94443536906343 ] ], [ [ 110.417012653886317, -6.945006305860081 ], [ 110.41700641500006, -6.945271927999954 ], [ 110.417009735044999, -6.945272020735847 ] ], [ [ 110.417620328390981, -6.945289075902386 ], [ 110.418168683069979, -6.945304392611018 ] ], [ [ 110.418668365003242, -6.945436735103693 ], [ 110.418604342000037, -6.945469660999947 ], [ 110.418593873000077, -6.945766498999944 ], [ 110.41860672200005, -6.945787199999927 ], [ 110.418652407000081, -6.945810399999971 ], [ 110.418662914864399, -6.945814839989364 ] ], [ [ 110.418662322926849, -6.945860213787136 ], [ 110.418650266000043, -6.945862509999927 ], [ 110.418634561000033, -6.945872503999965 ], [ 110.418603866000069, -6.945927826999934 ], [ 110.418593873000077, -6.945951025999932 ], [ 110.418577454000058, -6.945966730999942 ], [ 110.418557824000061, -6.945985646999929 ], [ 110.418545689000041, -6.946001708999972 ], [ 110.418542476000084, -6.946030618999941 ], [ 110.418554760000063, -6.946134660999974 ], [ 110.418576175000055, -6.946238167999979 ], [ 110.418579388000069, -6.946263657999964 ], [ 110.418581172000074, -6.946287570999971 ], [ 110.41858224300006, -6.946301847999962 ], [ 110.418587954000088, -6.946318622999968 ], [ 110.418598661000033, -6.94633218599995 ], [ 110.418609952000054, -6.946344392999947 ], [ 110.418609952000054, -6.946352720999926 ], [ 110.418606085000079, -6.946368186999962 ], [ 110.417858816000034, -6.946350103999976 ], [ 110.417849536000062, -6.946729151999932 ], [ 110.418550882000034, -6.946747710999944 ], [ 110.41857550900005, -6.946742714999971 ], [ 110.418612986000085, -6.946752707999963 ], [ 110.418620083092634, -6.9467626824084 ] ], [ [ 110.418637685610548, -6.946849784710656 ], [ 110.418625597000073, -6.947273048999932 ], [ 110.418606561000047, -6.947293511999931 ], [ 110.418573249000076, -6.947294939999949 ], [ 110.418565349000062, -6.94800842899997 ], [ 110.418586764000054, -6.948237332999952 ], [ 110.418615556000077, -6.948242964999963 ], [ 110.418600342202737, -6.948815261039805 ] ], [ [ 110.418593041135694, -6.949089904618984 ], [ 110.418549026000051, -6.950745617999928 ], [ 110.418528467000044, -6.951579952999964 ], [ 110.418531323000082, -6.951658474999931 ], [ 110.418579123595862, -6.951808897232588 ] ], [ [ 110.418625356971958, -6.951954387629529 ], [ 110.418805233000057, -6.95252043399995 ] ] ] } },
{ "type": "Feature", "properties": { "OBJECTID": 1790.0, "NAMOBJ": "Garis Penutup Sungai", "THNSBDATA": "2017", "THNPBL": "2022", "SHAPE_Leng": 0.00032031092608 }, "geometry": { "type": "MultiLineString", "coordinates": [ [ [ 110.418805233000057, -6.95252043399995 ], [ 110.418810093152828, -6.952519015430084 ] ], [ [ 110.419107340085759, -6.95243225552947 ], [ 110.41911271400005, -6.952430686999946 ] ] ] } }
]
}
