{
"type": "FeatureCollection",
"name": "kecsimplify",
"crs": { "type": "name", "properties": { "name": "urn:ogc:def:crs:OGC:1.3:CRS84" } },
"xy_coordinate_resolution": 1e-15,
"features": [
{ "type": "Feature", "properties": { "fid": 1, "WADMKC": "Banyumanik", "LUAS": 31.823394997099999, "LUAS_HA": 3182.3394997099999, "Label": "Kecamatan Banyumanik", "Labl_Inset": "Kec. Banyumanik", "Total_Pend": 145708, "Link_peta": "https://drive.google.com/uc?export=download&id=1uNRjZh8EnrnR3czDbDnrN6K6IBeoW7fM" }, "geometry": { "type": "MultiPolygon", "coordinates": [ [ [ [ 110.404319674000092, -7.025197290999891, 0.0 ], [ 110.405760740000048, -7.027101404999964, 0.0 ], [ 110.406546156000019, -7.026333763999954, 0.0 ], [ 110.408033122000035, -7.027951898, 0.0 ], [ 110.409210001000062, -7.028970855999923, 0.0 ], [ 110.409980140000101, -7.029497187999951, 0.0 ], [ 110.411773596000089, -7.030363962, 0.0 ], [ 110.413727232000085, -7.03089576399994, 0.0 ], [ 110.414843968000113, -7.031055432999917, 0.0 ], [ 110.418806595000063, -7.031383435999967, 0.0 ], [ 110.421082203000054, -7.031502849999988, 0.0 ], [ 110.426410356000105, -7.031060506999982, 0.0 ], [ 110.431359770000086, -7.031215344, 0.0 ], [ 110.431349947000072, -7.031716980999942, 0.0 ], [ 110.431496892000055, -7.032709057999959, 0.0 ], [ 110.432846694, -7.035848815999952, 0.0 ], [ 110.434123235000115, -7.041820123999926, 0.0 ], [ 110.434791125000046, -7.044450191999935, 0.0 ], [ 110.434940997000098, -7.045977791999942, 0.0 ], [ 110.434858453000103, -7.046677273999908, 0.0 ], [ 110.434629915000116, -7.047464026999901, 0.0 ], [ 110.433517903000038, -7.050156067999975, 0.0 ], [ 110.432824248000102, -7.051412308999911, 0.0 ], [ 110.431955155000054, -7.052315752999966, 0.0 ], [ 110.430010194000062, -7.053354195999912, 0.0 ], [ 110.430705873000065, -7.053987153999969, 0.0 ], [ 110.432158731000101, -7.054015604999925, 0.0 ], [ 110.432254281000013, -7.054506657999966, 0.0 ], [ 110.432462054000069, -7.054955157999949, 0.0 ], [ 110.433091153000078, -7.055943132999982, 0.0 ], [ 110.433645375000097, -7.057011060999969, 0.0 ], [ 110.434338727000096, -7.057876378999978, 0.0 ], [ 110.435229926000019, -7.058571173999912, 0.0 ], [ 110.435378869, -7.059083636999947, 0.0 ], [ 110.435728723000082, -7.061303951999982, 0.0 ], [ 110.435791528000038, -7.062371283999919, 0.0 ], [ 110.43594060300002, -7.062777022, 0.0 ], [ 110.436383511000074, -7.063145759999962, 0.0 ], [ 110.43777716400011, -7.063569007999988, 0.0 ], [ 110.438028066000086, -7.063697380999951, 0.0 ], [ 110.438145376000108, -7.063868282999969, 0.0 ], [ 110.438213219000033, -7.065191762999962, 0.0 ], [ 110.438140460000056, -7.065727970999919, 0.0 ], [ 110.437760809000082, -7.066053026, 0.0 ], [ 110.436724231000113, -7.066297243999948, 0.0 ], [ 110.436446303000125, -7.066430314999945, 0.0 ], [ 110.435529209, -7.067253659999945, 0.0 ], [ 110.435130917, -7.067814793000011, 0.0 ], [ 110.435641991000097, -7.068534854999903, 0.0 ], [ 110.437124566000108, -7.068744410999923, 0.0 ], [ 110.437597188000041, -7.069496901000011, 0.0 ], [ 110.437818516000064, -7.069692683999957, 0.0 ], [ 110.43839784100004, -7.070051214999957, 0.0 ], [ 110.439711744000121, -7.070643033999986, 0.0 ], [ 110.441346413000105, -7.071655778999936, 0.0 ], [ 110.441818602000097, -7.072058444999946, 0.0 ], [ 110.443076151000056, -7.073461764999973, 0.0 ], [ 110.44242818700009, -7.07490338299997, 0.0 ], [ 110.442302066000039, -7.075375422999947, 0.0 ], [ 110.442331404000072, -7.075545151999957, 0.0 ], [ 110.443741415000034, -7.076074362999957, 0.0 ], [ 110.444295061, -7.076642942999928, 0.0 ], [ 110.444725238000075, -7.076748606999967, 0.0 ], [ 110.44503266800011, -7.076690929999902, 0.0 ], [ 110.445303252000116, -7.077165696999927, 0.0 ], [ 110.445812807, -7.077086388999938, 0.0 ], [ 110.446991193000059, -7.077531950999944, 0.0 ], [ 110.44731620900005, -7.077773458999943, 0.0 ], [ 110.448939457000066, -7.077737971999937, 0.0 ], [ 110.449973281000069, -7.077996868999954, 0.0 ], [ 110.450304407000019, -7.078143827999945, 0.0 ], [ 110.450625934000072, -7.078404244999909, 0.0 ], [ 110.450871635000055, -7.07874967699998, 0.0 ], [ 110.452754384000045, -7.079541465999945, 0.0 ], [ 110.453824214000107, -7.079372516, 0.0 ], [ 110.454188573000053, -7.079434406999969, 0.0 ], [ 110.455341090000019, -7.081305711, 0.0 ], [ 110.455266545000072, -7.081596915999928, 0.0 ], [ 110.454916324000052, -7.08177133099997, 0.0 ], [ 110.454596985000094, -7.082744417999926, 0.0 ], [ 110.454286080000131, -7.08330826299995, 0.0 ], [ 110.454071343000038, -7.083268277999927, 0.0 ], [ 110.453981570000067, -7.083506570999926, 0.0 ], [ 110.453285643000044, -7.083396487999966, 0.0 ], [ 110.453275441000088, -7.083615008000017, 0.0 ], [ 110.452996375000083, -7.084161008999985, 0.0 ], [ 110.452647139000064, -7.085183724999961, 0.0 ], [ 110.453372409000025, -7.085711041999982, 0.0 ], [ 110.453829662000118, -7.085845677999931, 0.0 ], [ 110.453909305000039, -7.085766305999936, 0.0 ], [ 110.454136725000026, -7.086859232999949, 0.0 ], [ 110.454404855000092, -7.08715754599994, 0.0 ], [ 110.454534130000042, -7.087152729999985, 0.0 ], [ 110.454394812000061, -7.087241967, 0.0 ], [ 110.454324668000126, -7.08769881499996, 0.0 ], [ 110.453140003000073, -7.088849681999971, 0.0 ], [ 110.452950662000035, -7.089197123999941, 0.0 ], [ 110.45281134300005, -7.089286358999953, 0.0 ], [ 110.45168103000006, -7.088614530999966, 0.0 ], [ 110.451157792000018, -7.089619656, 0.0 ], [ 110.450834083000061, -7.090072478999982, 0.0 ], [ 110.450647048000036, -7.090568921999935, 0.0 ], [ 110.450957748000079, -7.090606537999939, 0.0 ], [ 110.4510321650001, -7.090743208999967, 0.0 ], [ 110.451305414000061, -7.090917363999989, 0.0 ], [ 110.451143886000111, -7.090867505999949, 0.0 ], [ 110.450770610000049, -7.091189895999978, 0.0 ], [ 110.450596255, -7.091475271999965, 0.0 ], [ 110.450385081000036, -7.091363272999935, 0.0 ], [ 110.449937226000102, -7.091685573999957, 0.0 ], [ 110.449937064, -7.091822155999978, 0.0 ], [ 110.449713409000054, -7.0917536, 0.0 ], [ 110.449676606000125, -7.091343808999923, 0.0 ], [ 110.449291062000015, -7.09152960099993, 0.0 ], [ 110.449142051000123, -7.091405258999945, 0.0 ], [ 110.449105087000092, -7.091132049999899, 0.0 ], [ 110.448956121000023, -7.090970457999941, 0.0 ], [ 110.448782223000109, -7.090870918999965, 0.0 ], [ 110.448694963000079, -7.091081897000013, 0.0 ], [ 110.448571005000034, -7.090796168999908, 0.0 ], [ 110.448608398000019, -7.090709296999915, 0.0 ], [ 110.448335269000069, -7.090435808999935, 0.0 ], [ 110.448347860000055, -7.090299241, 0.0 ], [ 110.448497180000061, -7.090162835999909, 0.0 ], [ 110.448422986000054, -7.089839916999924, 0.0 ], [ 110.448547460000043, -7.089691065999954, 0.0 ], [ 110.44823668700009, -7.089715529999935, 0.0 ], [ 110.44807518900005, -7.089640838999973, 0.0 ], [ 110.447066560000081, -7.091166877999939, 0.0 ], [ 110.44673069000001, -7.091389976999924, 0.0 ], [ 110.446457265000035, -7.091364817999974, 0.0 ], [ 110.446122195000015, -7.090917422, 0.0 ], [ 110.445911527000078, -7.090383257999939, 0.0 ], [ 110.445638102000103, -7.090358098999989, 0.0 ], [ 110.44428291800007, -7.090642060999947, 0.0 ], [ 110.444344412000092, -7.091188463999949, 0.0 ], [ 110.444481124000035, -7.091201043999924, 0.0 ], [ 110.444480946000027, -7.091350043, 0.0 ], [ 110.444232216000046, -7.091461493999891, 0.0 ], [ 110.444281846000067, -7.091536052999931, 0.0 ], [ 110.444430996000065, -7.091542439999927, 0.0 ], [ 110.443920914000046, -7.091926742999927, 0.0 ], [ 110.443560510000069, -7.091876644999957, 0.0 ], [ 110.443560227000049, -7.092112558999936, 0.0 ], [ 110.442889645000079, -7.091590259999975, 0.0 ], [ 110.442790251000105, -7.091552890999903, 0.0 ], [ 110.442591241000073, -7.091664400999981, 0.0 ], [ 110.442392439000059, -7.091602080999976, 0.0 ], [ 110.442081456000082, -7.091800371999952, 0.0 ], [ 110.441558306000047, -7.092712359999915, 0.0 ], [ 110.441669232000081, -7.093494737, 0.0 ], [ 110.441619333000034, -7.093643675999967, 0.0 ], [ 110.441432706000057, -7.093792449999931, 0.0 ], [ 110.440686796000065, -7.093890885, 0.0 ], [ 110.440413040000067, -7.094138885999907, 0.0 ], [ 110.440203342000117, -7.094865001999946, 0.0 ], [ 110.439954156000113, -7.095351430999958, 0.0 ], [ 110.439207252000131, -7.096269353999968, 0.0 ], [ 110.439046935000093, -7.097272417999829, 0.0 ], [ 110.438831666000141, -7.097583943999847, 0.0 ], [ 110.438419765000077, -7.097699362999982, 0.0 ], [ 110.438221643000205, -7.097474767999962, 0.0 ], [ 110.43813602400013, -7.097082042999975, 0.0 ], [ 110.437978966000102, -7.096950979999967, 0.0 ], [ 110.437754392000173, -7.096932011, 0.0 ], [ 110.437462022000147, -7.097256971999972, 0.0 ], [ 110.437304382000065, -7.097604530999952, 0.0 ], [ 110.437325048000176, -7.098576555, 0.0 ], [ 110.436966667000107, -7.098903918, 0.0 ], [ 110.435637013000047, -7.098614239, 0.0 ], [ 110.434530081000119, -7.099159218999979, 0.0 ], [ 110.43328681200019, -7.099381200999872, 0.0 ], [ 110.433092883000214, -7.09959859899983, 0.0 ], [ 110.432689156000123, -7.099166055999923, 0.0 ], [ 110.432799169999811, -7.098854315000509, 0.0 ], [ 110.432658704173633, -7.09858716368495, 0.0 ], [ 110.43275127962157, -7.098350228032608, 0.0 ], [ 110.432666848554277, -7.098111233128741, 0.0 ], [ 110.432506427689773, -7.098030863894984, 0.0 ], [ 110.432362353550303, -7.097709995223262, 0.0 ], [ 110.431953266210485, -7.097517079293009, 0.0 ], [ 110.431792747339045, -7.097516882835759, 0.0 ], [ 110.431688606805693, -7.097356409113537, 0.0 ], [ 110.431303489632697, -7.097251712423464, 0.0 ], [ 110.430982767260659, -7.09699476545434, 0.0 ], [ 110.430380201186281, -7.097499117023471, 0.0 ], [ 110.429452523634083, -7.098051172039305, 0.0 ], [ 110.428995163142389, -7.097954401933777, 0.0 ], [ 110.428633906522208, -7.098026113155981, 0.0 ], [ 110.42761493819134, -7.097760286633232, 0.0 ], [ 110.426916661458378, -7.09777545967108, 0.0 ], [ 110.426029556596276, -7.097966778889326, 0.0 ], [ 110.42553137138124, -7.098431166172354, 0.0 ], [ 110.424575681011547, -7.098306680992412, 0.0 ], [ 110.424044269027974, -7.098602813395278, 0.0 ], [ 110.422657203457135, -7.098486212254357, 0.0 ], [ 110.422107146635, -7.099085324360239, 0.0 ], [ 110.421995255002145, -7.099365313994827, 0.0 ], [ 110.421876934000082, -7.103747122999977, 0.0 ], [ 110.421442355000096, -7.104684603999917, 0.0 ], [ 110.421072776000159, -7.104988799999951, 0.0 ], [ 110.420326121000116, -7.105172264999943, 0.0 ], [ 110.419932965000086, -7.105075565999936, 0.0 ], [ 110.418865041000188, -7.105360764999908, 0.0 ], [ 110.41821872700018, -7.105997563999928, 0.0 ], [ 110.417034311000066, -7.106845365, 0.0 ], [ 110.416695485000091, -7.107421063999936, 0.0 ], [ 110.416565485, -7.107997025999985, 0.0 ], [ 110.41585818500009, -7.108999388999965, 0.0 ], [ 110.415649459000051, -7.108919659999941, 0.0 ], [ 110.415619827000086, -7.108760690999933, 0.0 ], [ 110.415620285000131, -7.108398129999955, 0.0 ], [ 110.415829325000189, -7.108229528999949, 0.0 ], [ 110.413234199000058, -7.10799778799996, 0.0 ], [ 110.412418510000151, -7.108210317999959, 0.0 ], [ 110.411015225000128, -7.109122390999929, 0.0 ], [ 110.410179626000186, -7.109349791999914, 0.0 ], [ 110.410109789000174, -7.109528499999957, 0.0 ], [ 110.410000327, -7.109587959999903, 0.0 ], [ 110.409605102000071, -7.10954524100001, 0.0 ], [ 110.409195461000195, -7.109110141999981, 0.0 ], [ 110.408847527, -7.109022782999947, 0.0 ], [ 110.408524200000173, -7.109134117999922, 0.0 ], [ 110.408014945000048, -7.108835472, 0.0 ], [ 110.407865465000114, -7.109083610999917, 0.0 ], [ 110.407977193000121, -7.109195501999938, 0.0 ], [ 110.407529437000022, -7.109406009999947, 0.0 ], [ 110.406770424000186, -7.110007238999867, 0.0 ], [ 110.406123895000079, -7.110130574999946, 0.0 ], [ 110.405974541000148, -7.110279380999913, 0.0 ], [ 110.405763149000066, -7.110341191999964, 0.0 ], [ 110.405353319000085, -7.110055088, 0.0 ], [ 110.404868670000042, -7.109955134, 0.0 ], [ 110.404507955000128, -7.110140917999914, 0.0 ], [ 110.404370631000134, -7.110600150999986, 0.0 ], [ 110.404506515, -7.111258397999915, 0.0 ], [ 110.404207774000071, -7.111580842999949, 0.0 ], [ 110.40374763200002, -7.111754080999983, 0.0 ], [ 110.403163283000069, -7.111852659999968, 0.0 ], [ 110.402942751000126, -7.111771668999928, 0.0 ], [ 110.402896398000109, -7.111569841999838, 0.0 ], [ 110.403348355000105, -7.110515023999959, 0.0 ], [ 110.403349037000169, -7.109987325, 0.0 ], [ 110.403162964000131, -7.109692195, 0.0 ], [ 110.402743546000067, -7.10961405099993, 0.0 ], [ 110.402028222008568, -7.109690731966751, 0.0 ], [ 110.401866495887177, -7.1097967232656, 0.0 ], [ 110.401699349000097, -7.108393444999834, 0.0 ], [ 110.401221003000131, -7.107746641999963, 0.0 ], [ 110.400790391000029, -7.107243496999988, 0.0 ], [ 110.400096013000123, -7.10690754, 0.0 ], [ 110.399066178000098, -7.106595080999984, 0.0 ], [ 110.398204247000095, -7.106139239999926, 0.0 ], [ 110.397773670000092, -7.105612159999925, 0.0 ], [ 110.397726687000016, -7.104894115999933, 0.0 ], [ 110.397918732, -7.104607171999906, 0.0 ], [ 110.398218436000121, -7.104440031999932, 0.0 ], [ 110.398768993000104, -7.104823669999966, 0.0 ], [ 110.399128283000167, -7.104895934, 0.0 ], [ 110.399535740000047, -7.104776797999907, 0.0 ], [ 110.399512279000149, -7.104393842999929, 0.0 ], [ 110.399225393000037, -7.103914815999907, 0.0 ], [ 110.399106406000044, -7.103292409999835, 0.0 ], [ 110.399178904000181, -7.10281384899994, 0.0 ], [ 110.399923086000115, -7.101689970999942, 0.0 ], [ 110.400763037000075, -7.100614081999918, 0.0 ], [ 110.401303562000123, -7.099489938999987, 0.0 ], [ 110.401065554000141, -7.098269059999957, 0.0 ], [ 110.401353645000086, -7.097814708999934, 0.0 ], [ 110.401355005000198, -7.096761667999935, 0.0 ], [ 110.401235522, -7.096522185999927, 0.0 ], [ 110.401882927000187, -7.096116161999905, 0.0 ], [ 110.402074997000085, -7.09580528299994, 0.0 ], [ 110.402015718000072, -7.095326551999943, 0.0 ], [ 110.401345902000074, -7.094535905999983, 0.0 ], [ 110.401274367000099, -7.094272553999954, 0.0 ], [ 110.401562393000134, -7.093866066999983, 0.0 ], [ 110.402281792000053, -7.093364404999953, 0.0 ], [ 110.402977416000056, -7.092719113999941, 0.0 ], [ 110.40316951400014, -7.09238430199995, 0.0 ], [ 110.403040456000127, -7.090278048999849, 0.0 ], [ 110.403329586000069, -7.089009981999912, 0.0 ], [ 110.40414609900003, -7.087503262999945, 0.0 ], [ 110.404242424000103, -7.087120460999891, 0.0 ], [ 110.404051281000179, -7.086713357999958, 0.0 ], [ 110.403357300000053, -7.086090214999913, 0.0 ], [ 110.403442045000048, -7.085396271999961, 0.0 ], [ 110.40384985300004, -7.084989938, 0.0 ], [ 110.404306281000046, -7.08403320999998, 0.0 ], [ 110.404164685000055, -7.082357731999906, 0.0 ], [ 110.403925538000081, -7.082022365999958, 0.0 ], [ 110.403494329000111, -7.081997879999975, 0.0 ], [ 110.402727342000063, -7.082260157999915, 0.0 ], [ 110.40236816, -7.082116098999986, 0.0 ], [ 110.402238950000068, -7.080129509999928, 0.0 ], [ 110.4031508180001, -7.07898190600001, 0.0 ], [ 110.40367831500005, -7.078647521999965, 0.0 ], [ 110.404181301, -7.078743897999946, 0.0 ], [ 110.404445081000077, -7.078552772999942, 0.0 ], [ 110.403775958000054, -7.077235610999939, 0.0 ], [ 110.403464572000047, -7.077187346999942, 0.0 ], [ 110.402985083000075, -7.077449993, 0.0 ], [ 110.402457803000047, -7.077616845999952, 0.0 ], [ 110.402146509000048, -7.077496782999965, 0.0 ], [ 110.402003441000033, -7.076970076, 0.0 ], [ 110.402399325, -7.076515861999983, 0.0 ], [ 110.403861467000112, -7.075943347999953, 0.0 ], [ 110.403981531000099, -7.075728107, 0.0 ], [ 110.403862051000061, -7.075488624999899, 0.0 ], [ 110.402904708000079, -7.074745480999962, 0.0 ], [ 110.403024833000075, -7.074482374999953, 0.0 ], [ 110.403384715000101, -7.0740759779999, 0.0 ], [ 110.403744106000076, -7.074052504999912, 0.0 ], [ 110.404055367000069, -7.074196500000014, 0.0 ], [ 110.404390004000049, -7.074795249, 0.0 ], [ 110.404917097000052, -7.074771990999935, 0.0 ], [ 110.405444344000074, -7.074629066999922, 0.0 ], [ 110.405995761000042, -7.074318644, 0.0 ], [ 110.406044134000041, -7.073959712999962, 0.0 ], [ 110.405948642000055, -7.07369632999993, 0.0 ], [ 110.405063047000056, -7.073049013999928, 0.0 ], [ 110.404560250000102, -7.072809042999967, 0.0 ], [ 110.404392887000114, -7.072545567999928, 0.0 ], [ 110.404453179000129, -7.072234517999949, 0.0 ], [ 110.40500554400009, -7.071182179999919, 0.0 ], [ 110.405030052000072, -7.070751419999983, 0.0 ], [ 110.404719650000061, -7.069937305999947, 0.0 ], [ 110.405056244000022, -7.069004355999937, 0.0 ], [ 110.405105015000061, -7.068334299999918, 0.0 ], [ 110.40532118, -7.067903783999913, 0.0 ], [ 110.40612462600005, -7.067210755999948, 0.0 ], [ 110.406148889000093, -7.066971458999955, 0.0 ], [ 110.405766311000065, -7.066396583, 0.0 ], [ 110.405670972000081, -7.066013535999922, 0.0 ], [ 110.406344850000053, -7.06359717799992, 0.0 ], [ 110.405759833000062, -7.062088663999894, 0.0 ], [ 110.405090237000081, -7.061154429999956, 0.0 ], [ 110.404875330000067, -7.060603699999952, 0.0 ], [ 110.405259064000106, -7.06026912899998, 0.0 ], [ 110.405810434000074, -7.059982638, 0.0 ], [ 110.406375275000087, -7.05852345299996, 0.0 ], [ 110.406496095000051, -7.05770988999997, 0.0 ], [ 110.406593537000035, -7.056441573000011, 0.0 ], [ 110.406546813000077, -7.055508131999961, 0.0 ], [ 110.406236782000093, -7.054406826999966, 0.0 ], [ 110.405806361000089, -7.053784024999949, 0.0 ], [ 110.405651134000038, -7.053400901999957, 0.0 ], [ 110.405771372000032, -7.053042062999932, 0.0 ], [ 110.405987193000044, -7.052874806999949, 0.0 ], [ 110.406729837000029, -7.052875750999938, 0.0 ], [ 110.4069937820001, -7.052541025999954, 0.0 ], [ 110.40685044100006, -7.052229715999953, 0.0 ], [ 110.406539406000078, -7.051918193999935, 0.0 ], [ 110.40632440900005, -7.051439263999921, 0.0 ], [ 110.406229164000081, -7.050984418999946, 0.0 ], [ 110.405870309000051, -7.050601037000021, 0.0 ], [ 110.40584684100007, -7.050218081999954, 0.0 ], [ 110.40624513300007, -7.047849234999976, 0.0 ], [ 110.40540792300007, -7.046866923999968, 0.0 ], [ 110.405144957000076, -7.046435797999912, 0.0 ], [ 110.405076720000025, -7.043587700999982, 0.0 ], [ 110.404790104000114, -7.042917216000017, 0.0 ], [ 110.404623391000086, -7.04215115299996, 0.0 ], [ 110.404719763000074, -7.041720483999942, 0.0 ], [ 110.404384994000083, -7.041241399999915, 0.0 ], [ 110.4042660100001, -7.040618994999932, 0.0 ], [ 110.404315512000011, -7.039453755999975, 0.0 ], [ 110.404807574000046, -7.038609323999918, 0.0 ], [ 110.404568750000095, -7.038034630999974, 0.0 ], [ 110.404521388, -7.037603778999941, 0.0 ], [ 110.404857618000023, -7.036934086999953, 0.0 ], [ 110.405337337, -7.036456039000011, 0.0 ], [ 110.40550560300008, -7.036001527999886, 0.0 ], [ 110.405218900000065, -7.035402842999911, 0.0 ], [ 110.404512949, -7.034827557, 0.0 ], [ 110.404297808000067, -7.034468289999946, 0.0 ], [ 110.404059689000078, -7.033343142999932, 0.0 ], [ 110.40365333500003, -7.032648571999928, 0.0 ], [ 110.403581989000074, -7.032241622999919, 0.0 ], [ 110.404013579000079, -7.031931044999979, 0.0 ], [ 110.404181844000064, -7.031476533999943, 0.0 ], [ 110.404230761000107, -7.030686811999971, 0.0 ], [ 110.404076059, -7.029896830999977, 0.0 ], [ 110.403094970000012, -7.029057930999933, 0.0 ], [ 110.402038132000058, -7.027849249999935, 0.0 ], [ 110.40235606300007, -7.027538377999971, 0.0 ], [ 110.402613646000063, -7.026885766999975, 0.0 ], [ 110.402766257000081, -7.026787053999978, 0.0 ], [ 110.40265642100006, -7.026539739999944, 0.0 ], [ 110.402250613000049, -7.026460590999967, 0.0 ], [ 110.402221466000043, -7.026334983999966, 0.0 ], [ 110.402393303000039, -7.026157949999973, 0.0 ], [ 110.40299955700003, -7.026268297999955, 0.0 ], [ 110.402837748000053, -7.025032171, 0.0 ], [ 110.402955329000093, -7.024344402999933, 0.0 ], [ 110.404319674000092, -7.025197290999891, 0.0 ] ] ] ] } },
{ "type": "Feature", "properties": { "fid": 2, "WADMKC": "Candisari", "LUAS": 6.6253331835699996, "LUAS_HA": 662.53331835699998, "Label": "Kecamatan Candisari", "Labl_Inset": "Kec. Candisari", "Total_Pend": 76310, "Link_peta": "https://drive.google.com/uc?export=download&id=1k11_qB799xTaDArTj-F-lXSkI5idm03k" }, "geometry": { "type": "MultiPolygon", "coordinates": [ [ [ [ 110.423313555000021, -7.000370205999957, 0.0 ], [ 110.426242898000012, -7.003721898999988, 0.0 ], [ 110.42689835700007, -7.004238293, 0.0 ], [ 110.427368771, -7.00445473199996, 0.0 ], [ 110.429303956000069, -7.00481755199996, 0.0 ], [ 110.430563657000022, -7.004962121999931, 0.0 ], [ 110.430935900000094, -7.004956850999939, 0.0 ], [ 110.431934393000105, -7.004651451999983, 0.0 ], [ 110.432056004000046, -7.004687780999969, 0.0 ], [ 110.431933287000021, -7.005565048999902, 0.0 ], [ 110.431942281000048, -7.006315838999939, 0.0 ], [ 110.432518956000067, -7.008586963, 0.0 ], [ 110.4326889700001, -7.008605259, 0.0 ], [ 110.434059802000021, -7.009249144, 0.0 ], [ 110.43570905600005, -7.009169718, 0.0 ], [ 110.436458648000084, -7.009297254999975, 0.0 ], [ 110.438603717000021, -7.009815417999949, 0.0 ], [ 110.442489432000087, -7.010968827999903, 0.0 ], [ 110.444186142000049, -7.011196976999951, 0.0 ], [ 110.444814829000023, -7.011478239999953, 0.0 ], [ 110.442813795000106, -7.017092548999965, 0.0 ], [ 110.442307618000058, -7.018049972999957, 0.0 ], [ 110.440674623000035, -7.019606096999926, 0.0 ], [ 110.439561201000103, -7.020416190999985, 0.0 ], [ 110.438993609000121, -7.020651481, 0.0 ], [ 110.437103401000044, -7.021118981999958, 0.0 ], [ 110.436215445000116, -7.021625519999947, 0.0 ], [ 110.433221504000116, -7.024877180999962, 0.0 ], [ 110.432917916000036, -7.025450612999979, 0.0 ], [ 110.43250997100003, -7.026751311999952, 0.0 ], [ 110.43150266, -7.030310606999929, 0.0 ], [ 110.431359770000086, -7.031215344, 0.0 ], [ 110.426410356000105, -7.031060506999982, 0.0 ], [ 110.421082203000054, -7.031502849999988, 0.0 ], [ 110.418094043000082, -7.031315566999947, 0.0 ], [ 110.418540469000064, -7.027487067999989, 0.0 ], [ 110.418944097000065, -7.025900021999949, 0.0 ], [ 110.419586782000039, -7.024735677999978, 0.0 ], [ 110.420444860000075, -7.023890963999985, 0.0 ], [ 110.417663953000016, -7.01339563399997, 0.0 ], [ 110.417364587000037, -7.012907743999925, 0.0 ], [ 110.417092911000026, -7.012667642999954, 0.0 ], [ 110.41640539900007, -7.012327124999935, 0.0 ], [ 110.415802631000119, -7.011383305, 0.0 ], [ 110.415695135000107, -7.010987560999943, 0.0 ], [ 110.415723804000081, -7.010448127999986, 0.0 ], [ 110.416121356000104, -7.009169882, 0.0 ], [ 110.416122341000104, -7.008378664, 0.0 ], [ 110.416266540000038, -7.008207012999918, 0.0 ], [ 110.417303270000019, -7.007532963999925, 0.0 ], [ 110.417388263000035, -7.006725864999936, 0.0 ], [ 110.417288885000076, -7.006234226999936, 0.0 ], [ 110.417081508000052, -7.005750445999965, 0.0 ], [ 110.416760175000022, -7.003632132999932, 0.0 ], [ 110.416161749000068, -7.002420583999964, 0.0 ], [ 110.416142392000069, -7.001905068999942, 0.0 ], [ 110.416338782000068, -7.001573638999965, 0.0 ], [ 110.4166429590001, -7.001402184999989, 0.0 ], [ 110.418675376000039, -7.000873224999921, 0.0 ], [ 110.418863309000045, -7.000909420999985, 0.0 ], [ 110.419155017000023, -7.001117576999977, 0.0 ], [ 110.419462916000015, -7.001169905999955, 0.0 ], [ 110.41989917500004, -7.000918691999953, 0.0 ], [ 110.420071421000088, -7.000703115999968, 0.0 ], [ 110.420332051000074, -7.000167964999921, 0.0 ], [ 110.420312862000074, -6.999512586999963, 0.0 ], [ 110.420109519000036, -6.999000839999987, 0.0 ], [ 110.419444536000086, -6.998242764999969, 0.0 ], [ 110.419300945000103, -6.997926898999946, 0.0 ], [ 110.419347141000017, -6.997506136999949, 0.0 ], [ 110.420964603000087, -6.998036841999983, 0.0 ], [ 110.421529302000096, -6.998371142999932, 0.0 ], [ 110.42247267500008, -6.999608188999968, 0.0 ], [ 110.423313555000021, -7.000370205999957, 0.0 ] ] ] ] } },
{ "type": "Feature", "properties": { "fid": 3, "WADMKC": "Gajahmungkur", "LUAS": 9.6348605176300008, "LUAS_HA": 963.48605176299998, "Label": "Kecamatan Gajahmungkur", "Labl_Inset": "Kec. Gajahmungkur", "Total_Pend": 57741, "Link_peta": "https://drive.google.com/uc?export=download&id=1W3PMADZpHcAGn0GsSgDWhr6Xwo86BnUE" }, "geometry": { "type": "MultiPolygon", "coordinates": [ [ [ [ 110.407939380000101, -6.995443969999943, 0.0 ], [ 110.408282900000103, -6.996110475999934, 0.0 ], [ 110.408902820000051, -6.996066026999898, 0.0 ], [ 110.409587414000029, -6.995885975999922, 0.0 ], [ 110.409858413000066, -6.995687314999916, 0.0 ], [ 110.410659836000036, -6.9961948669999, 0.0 ], [ 110.411337980000013, -6.996195714999971, 0.0 ], [ 110.414107091000062, -6.995783075999935, 0.0 ], [ 110.416264078000012, -6.996880261999944, 0.0 ], [ 110.419347141000017, -6.997506136999949, 0.0 ], [ 110.419300945000103, -6.997926898999946, 0.0 ], [ 110.419444536000086, -6.998242764999969, 0.0 ], [ 110.420109519000036, -6.999000839999987, 0.0 ], [ 110.420312862000074, -6.999512586999963, 0.0 ], [ 110.420368372000056, -6.999904269999952, 0.0 ], [ 110.420211715000065, -7.000451536999936, 0.0 ], [ 110.41989917500004, -7.000918691999953, 0.0 ], [ 110.419610958000092, -7.001122135999911, 0.0 ], [ 110.419314923000016, -7.001177714999891, 0.0 ], [ 110.418863309000045, -7.000909420999985, 0.0 ], [ 110.418507356000077, -7.000904985999973, 0.0 ], [ 110.4166429590001, -7.001402184999989, 0.0 ], [ 110.416338782000068, -7.001573638999965, 0.0 ], [ 110.416142392000069, -7.001905068999942, 0.0 ], [ 110.416161749000068, -7.002420583999964, 0.0 ], [ 110.416760175000022, -7.003632132999932, 0.0 ], [ 110.417081508000052, -7.005750445999965, 0.0 ], [ 110.417288885000076, -7.006234226999936, 0.0 ], [ 110.417388263000035, -7.006725864999936, 0.0 ], [ 110.417303270000019, -7.007532963999925, 0.0 ], [ 110.416266540000038, -7.008207012999918, 0.0 ], [ 110.416122341000104, -7.008378664, 0.0 ], [ 110.416121356000104, -7.009169882, 0.0 ], [ 110.415723804000081, -7.010448127999986, 0.0 ], [ 110.415695135000107, -7.010987560999943, 0.0 ], [ 110.415802631000119, -7.011383305, 0.0 ], [ 110.41640539900007, -7.012327124999935, 0.0 ], [ 110.417092911000026, -7.012667642999954, 0.0 ], [ 110.417364587000037, -7.012907743999925, 0.0 ], [ 110.417663953000016, -7.01339563399997, 0.0 ], [ 110.420444860000075, -7.023890963999985, 0.0 ], [ 110.419586782000039, -7.024735677999978, 0.0 ], [ 110.418944097000065, -7.025900021999949, 0.0 ], [ 110.418540469000064, -7.027487067999989, 0.0 ], [ 110.418094043000082, -7.031315566999947, 0.0 ], [ 110.414843968000113, -7.031055432999917, 0.0 ], [ 110.413727232000085, -7.03089576399994, 0.0 ], [ 110.41218343900006, -7.030513439999925, 0.0 ], [ 110.411109644000035, -7.030085151999927, 0.0 ], [ 110.409980140000101, -7.029497187999951, 0.0 ], [ 110.408707289000034, -7.028571212999985, 0.0 ], [ 110.408033122000035, -7.027951898, 0.0 ], [ 110.406546156000019, -7.026333763999954, 0.0 ], [ 110.405760740000048, -7.027101404999964, 0.0 ], [ 110.404319674000092, -7.025197290999891, 0.0 ], [ 110.402955329000093, -7.024344402999933, 0.0 ], [ 110.402837748000053, -7.025032171, 0.0 ], [ 110.40299955700003, -7.026268297999955, 0.0 ], [ 110.402393303000039, -7.026157949999973, 0.0 ], [ 110.402221466000043, -7.026334983999966, 0.0 ], [ 110.402250613000049, -7.026460590999967, 0.0 ], [ 110.40265642100006, -7.026539739999944, 0.0 ], [ 110.402766257000081, -7.026787053999978, 0.0 ], [ 110.402613646000063, -7.026885766999975, 0.0 ], [ 110.40235606300007, -7.027538377999971, 0.0 ], [ 110.402038132000058, -7.027849249999935, 0.0 ], [ 110.401540281000081, -7.027189185999944, 0.0 ], [ 110.400655113000113, -7.02627860699992, 0.0 ], [ 110.399589612000057, -7.025894316999921, 0.0 ], [ 110.399302523000102, -7.025606754999931, 0.0 ], [ 110.399207103000023, -7.025295505999935, 0.0 ], [ 110.399375155000072, -7.025008527, 0.0 ], [ 110.399248996000026, -7.023568080999915, 0.0 ], [ 110.398901432000045, -7.023302205999943, 0.0 ], [ 110.398491164000035, -7.02318849699995, 0.0 ], [ 110.397580886000028, -7.023187328999942, 0.0 ], [ 110.397173809, -7.023067141999945, 0.0 ], [ 110.39693447800002, -7.022899304, 0.0 ], [ 110.396671563000027, -7.022444241999921, 0.0 ], [ 110.395039988000036, -7.020611334999966, 0.0 ], [ 110.393980411000115, -7.019544900000014, 0.0 ], [ 110.393669034000112, -7.019520564999954, 0.0 ], [ 110.393381362000113, -7.019687722999929, 0.0 ], [ 110.392853618000046, -7.020261428999969, 0.0 ], [ 110.391889554000045, -7.020860052999939, 0.0 ], [ 110.391440327000083, -7.020947946999929, 0.0 ], [ 110.391092473000086, -7.020909576999951, 0.0 ], [ 110.390903102000053, -7.020605982999967, 0.0 ], [ 110.390796267, -7.020068662999918, 0.0 ], [ 110.389828992000076, -7.019662941000011, 0.0 ], [ 110.388758456000062, -7.01944239499997, 0.0 ], [ 110.388064401000094, -7.018962835, 0.0 ], [ 110.387533684000061, -7.018163577999943, 0.0 ], [ 110.387416086000101, -7.017520940999972, 0.0 ], [ 110.387743522, -7.016532323999975, 0.0 ], [ 110.387527977000033, -7.015169445, 0.0 ], [ 110.387652947000063, -7.014592976999918, 0.0 ], [ 110.387630184000045, -7.013875283999955, 0.0 ], [ 110.387383157000045, -7.012775044999959, 0.0 ], [ 110.386650943000035, -7.011672188000013, 0.0 ], [ 110.386771402000051, -7.011145822999893, 0.0 ], [ 110.387850322000062, -7.008928902999962, 0.0 ], [ 110.388500274000094, -7.007941077999941, 0.0 ], [ 110.388812641000101, -7.007199566999962, 0.0 ], [ 110.388909392000116, -7.006481707999985, 0.0 ], [ 110.38923339100009, -7.006003472999939, 0.0 ], [ 110.391404432000044, -7.005768530999951, 0.0 ], [ 110.39164671200011, -7.005682000999986, 0.0 ], [ 110.393967238000087, -7.006527481999953, 0.0 ], [ 110.394494034000061, -7.006463117999957, 0.0 ], [ 110.395605332000088, -7.005354380999968, 0.0 ], [ 110.396507772000064, -7.002590467999898, 0.0 ], [ 110.396915600000057, -7.00211233299995, 0.0 ], [ 110.400114510000051, -7.001254839999966, 0.0 ], [ 110.400952917000055, -7.001231975999939, 0.0 ], [ 110.401624777000052, -7.000323380999902, 0.0 ], [ 110.401673202000055, -6.999916583999905, 0.0 ], [ 110.400980045000082, -6.998742990999968, 0.0 ], [ 110.401076622000076, -6.998144790999945, 0.0 ], [ 110.401980904000112, -6.995910555999913, 0.0 ], [ 110.403211794000086, -6.996044298999966, 0.0 ], [ 110.404153585000117, -6.99597505, 0.0 ], [ 110.404712500000088, -6.996026072999967, 0.0 ], [ 110.405158682000064, -6.995933830999974, 0.0 ], [ 110.40555915700007, -6.995523987999903, 0.0 ], [ 110.405982962000053, -6.994895580999955, 0.0 ], [ 110.406522240000086, -6.994544053, 0.0 ], [ 110.406837605000064, -6.994453331999956, 0.0 ], [ 110.406994053000034, -6.994679665999943, 0.0 ], [ 110.407939380000101, -6.995443969999943, 0.0 ] ] ] ] } },
{ "type": "Feature", "properties": { "fid": 4, "WADMKC": "Gayamsari", "LUAS": 6.4451213370399998, "LUAS_HA": 644.51213370400001, "Label": "Kecamatan Gayamsari", "Labl_Inset": "Kec. Gayamsari", "Total_Pend": 71402, "Link_peta": "https://drive.google.com/uc?export=download&id=1tonjmgTMSAHsCEcphbWl6oYGvdzGMORw" }, "geometry": { "type": "MultiPolygon", "coordinates": [ [ [ [ 110.451258478000085, -6.981503771999915, 0.0 ], [ 110.453800480000012, -6.999563330999898, 0.0 ], [ 110.453762603000072, -7.000408091999894, 0.0 ], [ 110.453485996000012, -7.001560386999934, 0.0 ], [ 110.453137275000117, -7.002320058999906, 0.0 ], [ 110.452643422000023, -7.003069560999926, 0.0 ], [ 110.449542799000071, -7.006182704999937, 0.0 ], [ 110.449147719000067, -7.005476985999987, 0.0 ], [ 110.449093402000102, -7.004509047999925, 0.0 ], [ 110.44899033100009, -7.004101877999986, 0.0 ], [ 110.448740874000066, -7.003794035999917, 0.0 ], [ 110.448295385000065, -7.003458827999982, 0.0 ], [ 110.447529728000035, -7.003041833999941, 0.0 ], [ 110.446161119000038, -7.002669356999942, 0.0 ], [ 110.444633213000103, -7.002070548999956, 0.0 ], [ 110.443675979000034, -7.001454320999951, 0.0 ], [ 110.440771484000052, -7.000311138999955, 0.0 ], [ 110.438492136000022, -6.998553588999929, 0.0 ], [ 110.438445033000036, -6.997850142, 0.0 ], [ 110.438822768000108, -6.997450427999958, 0.0 ], [ 110.438799696000061, -6.997106669999937, 0.0 ], [ 110.438848998000054, -6.997128598999975, 0.0 ], [ 110.439211820000054, -6.996229742999944, 0.0 ], [ 110.439684685000103, -6.992815092999944, 0.0 ], [ 110.440699834000071, -6.986815099, 0.0 ], [ 110.44093883500004, -6.985910827999959, 0.0 ], [ 110.440999725000026, -6.984427429999968, 0.0 ], [ 110.441669646000022, -6.980375817000024, 0.0 ], [ 110.441867474000048, -6.978639303999962, 0.0 ], [ 110.442309047, -6.976523166999932, 0.0 ], [ 110.442489117000065, -6.974488128999951, 0.0 ], [ 110.442745391000045, -6.973321554999885, 0.0 ], [ 110.442959122000048, -6.97272479999998, 0.0 ], [ 110.443038831000067, -6.97158515300001, 0.0 ], [ 110.443318731000048, -6.970291967999948, 0.0 ], [ 110.44401689500009, -6.965325676, 0.0 ], [ 110.441717620000176, -6.95771124099987, 0.0 ], [ 110.441205538000091, -6.95636836099996, 0.0 ], [ 110.440171869000096, -6.95253182199987, 0.0 ], [ 110.440213941000195, -6.951880591999988, 0.0 ], [ 110.440327514000089, -6.951527948999942, 0.0 ], [ 110.440709478934266, -6.95051529711564, 0.0 ], [ 110.441032792, -6.949949022999952, 0.0 ], [ 110.442865624958472, -6.94928202502328, 0.0 ], [ 110.443986833265825, -6.949235085091782, 0.0 ], [ 110.445258545260387, -6.949585859254299, 0.0 ], [ 110.450134014000042, -6.952097606999914, 0.0 ], [ 110.450509258000181, -6.95239323999995, 0.0 ], [ 110.451129856000193, -6.953161882999954, 0.0 ], [ 110.451512405000145, -6.954355235999927, 0.0 ], [ 110.451567248000146, -6.956475815999969, 0.0 ], [ 110.45142164, -6.961789344999964, 0.0 ], [ 110.451158124000045, -6.96273203199998, 0.0 ], [ 110.44940098400005, -6.967015317999909, 0.0 ], [ 110.449253223000085, -6.967733659000015, 0.0 ], [ 110.44924426200005, -6.968279773999903, 0.0 ], [ 110.451258478000085, -6.981503771999915, 0.0 ] ] ] ] } },
{ "type": "Feature", "properties": { "fid": 5, "WADMKC": "Genuk", "LUAS": 27.317214124300001, "LUAS_HA": 2731.7214124300003, "Label": "Kecamatan Genuk", "Labl_Inset": "Kec. Genuk", "Total_Pend": 130149, "Link_peta": "https://drive.google.com/uc?export=download&id=13uacI9iGmdncnaXtIh77AMuX8QU30nq5" }, "geometry": { "type": "MultiPolygon", "coordinates": [ [ [ [ 110.463860682138375, -6.932608692975812, 0.0 ], [ 110.464220357368063, -6.932790849395271, 0.0 ], [ 110.464569767724711, -6.933663446739697, 0.0 ], [ 110.465017685547011, -6.933371764899416, 0.0 ], [ 110.466141132839709, -6.933998993956909, 0.0 ], [ 110.466599542213643, -6.934385182030073, 0.0 ], [ 110.466773827099189, -6.934822007370684, 0.0 ], [ 110.4679025639184, -6.936347879010391, 0.0 ], [ 110.467746002108299, -6.93730142890659, 0.0 ], [ 110.469480250433691, -6.938047784087271, 0.0 ], [ 110.469476117884994, -6.939002987627269, 0.0 ], [ 110.4703197072661, -6.939452792052176, 0.0 ], [ 110.470481245297407, -6.939711392738641, 0.0 ], [ 110.470560149454741, -6.940157596690739, 0.0 ], [ 110.473820139958249, -6.942072001203343, 0.0 ], [ 110.474501845964198, -6.942303117001842, 0.0 ], [ 110.475838285914733, -6.943034521423758, 0.0 ], [ 110.476814082152146, -6.943327836684549, 0.0 ], [ 110.478389197380437, -6.944125299315502, 0.0 ], [ 110.478195405401522, -6.944546113563216, 0.0 ], [ 110.47828624719854, -6.94463027535533, 0.0 ], [ 110.478298360489717, -6.944888774482767, 0.0 ], [ 110.478579959207394, -6.945221996470902, 0.0 ], [ 110.478410777557372, -6.945648570039193, 0.0 ], [ 110.480545883584099, -6.946192686133507, 0.0 ], [ 110.481111275596419, -6.946177321653153, 0.0 ], [ 110.48140757613146, -6.945559638935379, 0.0 ], [ 110.481798702981308, -6.945571398920187, 0.0 ], [ 110.48537165540732, -6.946689046943472, 0.0 ], [ 110.485641750765666, -6.945859585449494, 0.0 ], [ 110.489785370620012, -6.947026953152619, 0.0 ], [ 110.491867153120168, -6.947085047663066, 0.0 ], [ 110.492214250471392, -6.947242554977191, 0.0 ], [ 110.492267561638428, -6.947994782153028, 0.0 ], [ 110.49181645131155, -6.948340501451906, 0.0 ], [ 110.491147861928582, -6.950732951607758, 0.0 ], [ 110.491150462967084, -6.951442165614392, 0.0 ], [ 110.490805207539452, -6.951880430105046, 0.0 ], [ 110.490420545791139, -6.952989208285693, 0.0 ], [ 110.490193063759165, -6.953387265302375, 0.0 ], [ 110.490189500544204, -6.953572126149094, 0.0 ], [ 110.490337208796944, -6.953847902828453, 0.0 ], [ 110.489999795891677, -6.954808839683519, 0.0 ], [ 110.489730266996659, -6.955205169486895, 0.0 ], [ 110.490096961093428, -6.955165230040123, 0.0 ], [ 110.492659242467354, -6.954447007224768, 0.0 ], [ 110.494225430618968, -6.954114244539273, 0.0 ], [ 110.500302066824744, -6.952527489298472, 0.0 ], [ 110.503119875210658, -6.951896868090685, 0.0 ], [ 110.504474229211866, -6.951473094915023, 0.0 ], [ 110.505809935609264, -6.951188788560742, 0.0 ], [ 110.506291024366902, -6.951118705082877, 0.0 ], [ 110.507102280908668, -6.951540448665423, 0.0 ], [ 110.506994872245372, -6.951941250310806, 0.0 ], [ 110.507038335142823, -6.952196746662704, 0.0 ], [ 110.508484804110182, -6.955381305093795, 0.0 ], [ 110.508785018252624, -6.956193345808554, 0.0 ], [ 110.508888827319566, -6.956643853920614, 0.0 ], [ 110.50866974190842, -6.957067137869927, 0.0 ], [ 110.508783345020575, -6.957803357769816, 0.0 ], [ 110.508290668872874, -6.957565095650803, 0.0 ], [ 110.508182969851092, -6.957793596408496, 0.0 ], [ 110.507498684451903, -6.957506237174755, 0.0 ], [ 110.50731699419741, -6.957549744034825, 0.0 ], [ 110.505674241719902, -6.957109395015621, 0.0 ], [ 110.505391626828583, -6.957162878921903, 0.0 ], [ 110.505132665147869, -6.957115551891697, 0.0 ], [ 110.504755156069649, -6.957844535933361, 0.0 ], [ 110.503125360158975, -6.959479730112978, 0.0 ], [ 110.50303457284069, -6.959446022962041, 0.0 ], [ 110.502909967302173, -6.959583700714795, 0.0 ], [ 110.502849443297521, -6.959560109404912, 0.0 ], [ 110.502613584348794, -6.959932953780019, 0.0 ], [ 110.502260601272255, -6.959727549474898, 0.0 ], [ 110.502082277323581, -6.959767696406722, 0.0 ], [ 110.501628380046299, -6.959562185460328, 0.0 ], [ 110.501459796007666, -6.959935100947707, 0.0 ], [ 110.501616107995375, -6.960034420353828, 0.0 ], [ 110.50101952525803, -6.96115979161392, 0.0 ], [ 110.500781291069558, -6.962186385466513, 0.0 ], [ 110.501205022755926, -6.962291029231011, 0.0 ], [ 110.501152711451837, -6.9624539919466, 0.0 ], [ 110.501260140743781, -6.962655776954502, 0.0 ], [ 110.501064122958311, -6.963522757974722, 0.0 ], [ 110.50156640785643, -6.963643397458547, 0.0 ], [ 110.501325487055254, -6.964393323121804, 0.0 ], [ 110.50136937458123, -6.96459074805021, 0.0 ], [ 110.50150959507333, -6.964681334228501, 0.0 ], [ 110.50125004890549, -6.965658641266732, 0.0 ], [ 110.501692680307599, -6.96577898717295, 0.0 ], [ 110.502020895641081, -6.966047632198109, 0.0 ], [ 110.502510601447298, -6.966223683901546, 0.0 ], [ 110.502681787157357, -6.966417953683674, 0.0 ], [ 110.503595792759938, -6.966493124764856, 0.0 ], [ 110.504011119537353, -6.966774704792684, 0.0 ], [ 110.504942180265772, -6.966929810423334, 0.0 ], [ 110.505380375277966, -6.967197141051724, 0.0 ], [ 110.506028636785189, -6.967357657337498, 0.0 ], [ 110.505939765093672, -6.967662969965389, 0.0 ], [ 110.505679717620879, -6.967762596406885, 0.0 ], [ 110.50571094475589, -6.967948155300025, 0.0 ], [ 110.506311938874887, -6.968238490212581, 0.0 ], [ 110.507419938968695, -6.968556468341209, 0.0 ], [ 110.506855288874547, -6.970388310837567, 0.0 ], [ 110.507130793930827, -6.970532738001751, 0.0 ], [ 110.506964795210465, -6.970837969421002, 0.0 ], [ 110.506821882160352, -6.970920594276581, 0.0 ], [ 110.506810157171017, -6.971206006606884, 0.0 ], [ 110.507178118290554, -6.971360754576789, 0.0 ], [ 110.507009419685247, -6.971871256057877, 0.0 ], [ 110.507224752057439, -6.972108115791837, 0.0 ], [ 110.506876196414069, -6.972504671460317, 0.0 ], [ 110.506840092556217, -6.972883714239259, 0.0 ], [ 110.506493596266949, -6.973443053541601, 0.0 ], [ 110.506399412914817, -6.973875553213322, 0.0 ], [ 110.506341412312807, -6.973853193261121, 0.0 ], [ 110.506198346695854, -6.974080491942242, 0.0 ], [ 110.506207016912043, -6.974325789078712, 0.0 ], [ 110.505965765700495, -6.97454406507741, 0.0 ], [ 110.505818094244987, -6.974906266449505, 0.0 ], [ 110.505775013467471, -6.976085273244632, 0.0 ], [ 110.505466682654856, -6.977025938888588, 0.0 ], [ 110.505665080361112, -6.977096731663696, 0.0 ], [ 110.505725264766482, -6.977446359085288, 0.0 ], [ 110.505893425460386, -6.977480146947663, 0.0 ], [ 110.505766525904818, -6.977931303090063, 0.0 ], [ 110.505782824888314, -6.978578753077819, 0.0 ], [ 110.50568446618135, -6.978779898453375, 0.0 ], [ 110.50556718702768, -6.978836478214696, 0.0 ], [ 110.505473223993164, -6.979281170323343, 0.0 ], [ 110.505264505706961, -6.979593281317726, 0.0 ], [ 110.505125954057689, -6.980112029366953, 0.0 ], [ 110.503952606620345, -6.97968596335275, 0.0 ], [ 110.50341837363041, -6.981740856675895, 0.0 ], [ 110.501946926374103, -6.981463930012428, 0.0 ], [ 110.501703881438289, -6.982329935130622, 0.0 ], [ 110.501550787075502, -6.983600735966917, 0.0 ], [ 110.501210909518647, -6.984235858771221, 0.0 ], [ 110.501168124044284, -6.984599263529063, 0.0 ], [ 110.500299511307347, -6.986135763327034, 0.0 ], [ 110.500086922733217, -6.986686288568517, 0.0 ], [ 110.500763775954155, -6.987105085106588, 0.0 ], [ 110.500844337374275, -6.987946904641291, 0.0 ], [ 110.500525458522418, -6.988768233243754, 0.0 ], [ 110.500157749561538, -6.989337546360137, 0.0 ], [ 110.500140967226372, -6.990430110647001, 0.0 ], [ 110.499860150960302, -6.991131071592999, 0.0 ], [ 110.49970038137856, -6.991326005358484, 0.0 ], [ 110.498859565913662, -6.990843484368565, 0.0 ], [ 110.498347620053735, -6.990641146029148, 0.0 ], [ 110.498073213688016, -6.990560582868206, 0.0 ], [ 110.498004367089905, -6.990694739415943, 0.0 ], [ 110.49767804615341, -6.990704475683824, 0.0 ], [ 110.497559899190449, -6.991084163870759, 0.0 ], [ 110.497354596392213, -6.991174696945929, 0.0 ], [ 110.497038707171484, -6.992439846657501, 0.0 ], [ 110.497314461179556, -6.992530893085853, 0.0 ], [ 110.497216404248448, -6.992997993251333, 0.0 ], [ 110.497340823247455, -6.993045182307196, 0.0 ], [ 110.497355546252322, -6.993433415524148, 0.0 ], [ 110.497409316996979, -6.993483890519354, 0.0 ], [ 110.497594393374669, -6.993433670374955, 0.0 ], [ 110.497533556535103, -6.993699138951765, 0.0 ], [ 110.497822594994048, -6.993951536214766, 0.0 ], [ 110.497721365184972, -6.994240490318877, 0.0 ], [ 110.497546280552143, -6.994384834566009, 0.0 ], [ 110.497522782238093, -6.99433775323784, 0.0 ], [ 110.497297297167478, -6.994424903284397, 0.0 ], [ 110.49678618556608, -6.994215964253343, 0.0 ], [ 110.496813183818418, -6.994135324211054, 0.0 ], [ 110.496719022726168, -6.994104973207477, 0.0 ], [ 110.496594470360051, -6.994182147615142, 0.0 ], [ 110.49634892777965, -6.994151633785012, 0.0 ], [ 110.495817815519885, -6.993771251441522, 0.0 ], [ 110.495276229942078, -6.993747143654911, 0.0 ], [ 110.495168107814649, -6.994187342496289, 0.0 ], [ 110.495346185612661, -6.994389204643909, 0.0 ], [ 110.495260076039145, -6.99469329949099, 0.0 ], [ 110.494547106868694, -6.994497586176724, 0.0 ], [ 110.494402254003163, -6.994682296057892, 0.0 ], [ 110.49446949496263, -6.994719341328121, 0.0 ], [ 110.494326968415621, -6.995868713182524, 0.0 ], [ 110.49422105319077, -6.995819862506576, 0.0 ], [ 110.494042599108496, -6.995967563056944, 0.0 ], [ 110.493628008915749, -6.996720022329345, 0.0 ], [ 110.493557178944883, -6.996891366973951, 0.0 ], [ 110.4935974202469, -6.997009051273235, 0.0 ], [ 110.493493170675265, -6.996975327396566, 0.0 ], [ 110.493099383180919, -6.997153046145083, 0.0 ], [ 110.492507843759384, -6.998212862831139, 0.0 ], [ 110.492182968721224, -6.999043704291836, 0.0 ], [ 110.451228974000045, -6.96252758799994, 0.0 ], [ 110.45142164, -6.961789344999964, 0.0 ], [ 110.451485495000043, -6.961083215999981, 0.0 ], [ 110.451569172000134, -6.954817196999958, 0.0 ], [ 110.451228956000051, -6.953356681999907, 0.0 ], [ 110.450509258000181, -6.95239323999995, 0.0 ], [ 110.450134014000042, -6.952097606999914, 0.0 ], [ 110.445680025038925, -6.949793064999483, 0.0 ], [ 110.444548276874229, -6.949340719566372, 0.0 ], [ 110.443986833265825, -6.949235085091782, 0.0 ], [ 110.442865624958472, -6.94928202502328, 0.0 ], [ 110.44103279241105, -6.949949023079355, 0.0 ], [ 110.441231911223696, -6.94932244823206, 0.0 ], [ 110.442091925847834, -6.947658528720641, 0.0 ], [ 110.443759505708698, -6.943354797728791, 0.0 ], [ 110.444462906186999, -6.940813816692721, 0.0 ], [ 110.444595634120006, -6.939796419422201, 0.0 ], [ 110.444835894959141, -6.939168556112591, 0.0 ], [ 110.445095114009092, -6.939289804922872, 0.0 ], [ 110.445622700620646, -6.938716026684794, 0.0 ], [ 110.446989003014536, -6.937760295682189, 0.0 ], [ 110.448690217464033, -6.937140012962246, 0.0 ], [ 110.449384977891881, -6.936973287033894, 0.0 ], [ 110.449824650548564, -6.936689590971429, 0.0 ], [ 110.45011252921347, -6.936283060581456, 0.0 ], [ 110.450471981299529, -6.93611594444879, 0.0 ], [ 110.450448224432833, -6.935948385532893, 0.0 ], [ 110.450592344046314, -6.935589554864602, 0.0 ], [ 110.450783698292895, -6.935805174181848, 0.0 ], [ 110.450975357576013, -6.935757530234305, 0.0 ], [ 110.452341364975467, -6.935041112675517, 0.0 ], [ 110.453058333059843, -6.936382196393549, 0.0 ], [ 110.454651868797342, -6.935666034140493, 0.0 ], [ 110.454891098758509, -6.935905640657165, 0.0 ], [ 110.455322290541588, -6.935834336145003, 0.0 ], [ 110.455513757124095, -6.935954221667313, 0.0 ], [ 110.455801438391873, -6.935715219648959, 0.0 ], [ 110.456017706453295, -6.935093205015026, 0.0 ], [ 110.456544617418643, -6.935093808347254, 0.0 ], [ 110.456927550810306, -6.935333578344711, 0.0 ], [ 110.457359234914762, -6.934831475223319, 0.0 ], [ 110.457096191006158, -6.934472176708379, 0.0 ], [ 110.457120415093428, -6.934232872493535, 0.0 ], [ 110.457959364774354, -6.933635500920349, 0.0 ], [ 110.458055931650449, -6.932965481828052, 0.0 ], [ 110.458990624231561, -6.932416083940069, 0.0 ], [ 110.459540418929862, -6.933350105005626, 0.0 ], [ 110.460067410005706, -6.933278904038904, 0.0 ], [ 110.46028328999958, -6.932991951669482, 0.0 ], [ 110.459781095199531, -6.932321251279767, 0.0 ], [ 110.460499034523167, -6.932824664146981, 0.0 ], [ 110.460762760567363, -6.932585631546335, 0.0 ], [ 110.460117162431175, -6.931651503792875, 0.0 ], [ 110.460786928236828, -6.932394193507669, 0.0 ], [ 110.461122070678272, -6.932538172700859, 0.0 ], [ 110.4610744144601, -6.932322720307155, 0.0 ], [ 110.461265854146788, -6.932466536346766, 0.0 ], [ 110.461457565675744, -6.932371021436474, 0.0 ], [ 110.461409827793659, -6.932227367514916, 0.0 ], [ 110.461601539197744, -6.932131852535967, 0.0 ], [ 110.461554209667398, -6.931629201837659, 0.0 ], [ 110.4616502277416, -6.931437845145211, 0.0 ], [ 110.46200950979744, -6.93141431837206, 0.0 ], [ 110.462057709144361, -6.931151107970408, 0.0 ], [ 110.462440968054835, -6.931103675146872, 0.0 ], [ 110.462848339440171, -6.930912670334195, 0.0 ], [ 110.463151984293077, -6.931284383447817, 0.0 ], [ 110.463350307576732, -6.931326485930651, 0.0 ], [ 110.46352611279832, -6.932069919156476, 0.0 ], [ 110.463860682138375, -6.932608692975812, 0.0 ] ] ] ] } },
{ "type": "Feature", "properties": { "fid": 6, "WADMKC": "Gunungpati", "LUAS": 59.767338797800001, "LUAS_HA": 5976.7338797800012, "Label": "Kecamatan Gunungpati", "Labl_Inset": "Kec. Gunungpati", "Total_Pend": 104174, "Link_peta": "https://drive.google.com/uc?export=download&id=1_tHJDgsM3tfBOF7KZ71wUFpWI6s570N-" }, "geometry": { "type": "MultiPolygon", "coordinates": [ [ [ [ 110.387419509000026, -7.017526023999949, 0.0 ], [ 110.387533684000061, -7.018163577999943, 0.0 ], [ 110.388064401000094, -7.018962835, 0.0 ], [ 110.388758456000062, -7.01944239499997, 0.0 ], [ 110.389828992000076, -7.019662941000011, 0.0 ], [ 110.390796267, -7.020068662999918, 0.0 ], [ 110.390903102000053, -7.020605982999967, 0.0 ], [ 110.391092473000086, -7.020909576999951, 0.0 ], [ 110.391440327000083, -7.020947946999929, 0.0 ], [ 110.391889554000045, -7.020860052999939, 0.0 ], [ 110.392853618000046, -7.020261428999969, 0.0 ], [ 110.393381362000113, -7.019687722999929, 0.0 ], [ 110.393669034000112, -7.019520564999954, 0.0 ], [ 110.393980411000115, -7.019544900000014, 0.0 ], [ 110.395039988000036, -7.020611334999966, 0.0 ], [ 110.396671563000027, -7.022444241999921, 0.0 ], [ 110.39693447800002, -7.022899304, 0.0 ], [ 110.397173809, -7.023067141999945, 0.0 ], [ 110.397580886000028, -7.023187328999942, 0.0 ], [ 110.398491164000035, -7.02318849699995, 0.0 ], [ 110.398901432000045, -7.023302205999943, 0.0 ], [ 110.399248996000026, -7.023568080999915, 0.0 ], [ 110.399375155000072, -7.025008527, 0.0 ], [ 110.399207103000023, -7.025295505999935, 0.0 ], [ 110.399302523000102, -7.025606754999931, 0.0 ], [ 110.399589612000057, -7.025894316999921, 0.0 ], [ 110.400655113000113, -7.02627860699992, 0.0 ], [ 110.401540281000081, -7.027189185999944, 0.0 ], [ 110.402353373000025, -7.028267201999967, 0.0 ], [ 110.403094970000012, -7.029057930999933, 0.0 ], [ 110.404076059, -7.029896830999977, 0.0 ], [ 110.404230761000107, -7.030686811999971, 0.0 ], [ 110.404181844000064, -7.031476533999943, 0.0 ], [ 110.404013579000079, -7.031931044999979, 0.0 ], [ 110.403581989000074, -7.032241622999919, 0.0 ], [ 110.40365333500003, -7.032648571999928, 0.0 ], [ 110.404059689000078, -7.033343142999932, 0.0 ], [ 110.404297808000067, -7.034468289999946, 0.0 ], [ 110.404512949, -7.034827557, 0.0 ], [ 110.405218900000065, -7.035402842999911, 0.0 ], [ 110.40550560300008, -7.036001527999886, 0.0 ], [ 110.405337337, -7.036456039000011, 0.0 ], [ 110.404857618000023, -7.036934086999953, 0.0 ], [ 110.404521388, -7.037603778999941, 0.0 ], [ 110.404568750000095, -7.038034630999974, 0.0 ], [ 110.404807574000046, -7.038609323999918, 0.0 ], [ 110.404315512000011, -7.039453755999975, 0.0 ], [ 110.4042660100001, -7.040618994999932, 0.0 ], [ 110.404384994000083, -7.041241399999915, 0.0 ], [ 110.404719763000074, -7.041720483999942, 0.0 ], [ 110.404623391000086, -7.04215115299996, 0.0 ], [ 110.404790104000114, -7.042917216000017, 0.0 ], [ 110.405076720000025, -7.043587700999982, 0.0 ], [ 110.405144957000076, -7.046435797999912, 0.0 ], [ 110.40540792300007, -7.046866923999968, 0.0 ], [ 110.40624513300007, -7.047849234999976, 0.0 ], [ 110.40584684100007, -7.050218081999954, 0.0 ], [ 110.405870309000051, -7.050601037000021, 0.0 ], [ 110.406229164000081, -7.050984418999946, 0.0 ], [ 110.40632440900005, -7.051439263999921, 0.0 ], [ 110.406539406000078, -7.051918193999935, 0.0 ], [ 110.40685044100006, -7.052229715999953, 0.0 ], [ 110.4069937820001, -7.052541025999954, 0.0 ], [ 110.406729837000029, -7.052875750999938, 0.0 ], [ 110.405987193000044, -7.052874806999949, 0.0 ], [ 110.405771372000032, -7.053042062999932, 0.0 ], [ 110.405651134000038, -7.053400901999957, 0.0 ], [ 110.405806361000089, -7.053784024999949, 0.0 ], [ 110.406236782000093, -7.054406826999966, 0.0 ], [ 110.406546813000077, -7.055508131999961, 0.0 ], [ 110.406593537000035, -7.056441573000011, 0.0 ], [ 110.406496095000051, -7.05770988999997, 0.0 ], [ 110.406375275000087, -7.05852345299996, 0.0 ], [ 110.405810434000074, -7.059982638, 0.0 ], [ 110.405259064000106, -7.06026912899998, 0.0 ], [ 110.404875330000067, -7.060603699999952, 0.0 ], [ 110.405090237000081, -7.061154429999956, 0.0 ], [ 110.405759833000062, -7.062088663999894, 0.0 ], [ 110.406344850000053, -7.06359717799992, 0.0 ], [ 110.405670972000081, -7.066013535999922, 0.0 ], [ 110.405766311000065, -7.066396583, 0.0 ], [ 110.406148889000093, -7.066971458999955, 0.0 ], [ 110.40612462600005, -7.067210755999948, 0.0 ], [ 110.40532118, -7.067903783999913, 0.0 ], [ 110.405105015000061, -7.068334299999918, 0.0 ], [ 110.405056244000022, -7.069004355999937, 0.0 ], [ 110.404719650000061, -7.069937305999947, 0.0 ], [ 110.405030052000072, -7.070751419999983, 0.0 ], [ 110.40500554400009, -7.071182179999919, 0.0 ], [ 110.404453179000129, -7.072234517999949, 0.0 ], [ 110.404392887000114, -7.072545567999928, 0.0 ], [ 110.404560250000102, -7.072809042999967, 0.0 ], [ 110.405063047000056, -7.073049013999928, 0.0 ], [ 110.405948642000055, -7.07369632999993, 0.0 ], [ 110.406044134000041, -7.073959712999962, 0.0 ], [ 110.405995761000042, -7.074318644, 0.0 ], [ 110.405444344000074, -7.074629066999922, 0.0 ], [ 110.404917097000052, -7.074771990999935, 0.0 ], [ 110.404390004000049, -7.074795249, 0.0 ], [ 110.404055367000069, -7.074196500000014, 0.0 ], [ 110.403744106000076, -7.074052504999912, 0.0 ], [ 110.403384715000101, -7.0740759779999, 0.0 ], [ 110.403024833000075, -7.074482374999953, 0.0 ], [ 110.402904708000079, -7.074745480999962, 0.0 ], [ 110.403862051000061, -7.075488624999899, 0.0 ], [ 110.403981531000099, -7.075728107, 0.0 ], [ 110.403861467000112, -7.075943347999953, 0.0 ], [ 110.402399325, -7.076515861999983, 0.0 ], [ 110.402003441000033, -7.076970076, 0.0 ], [ 110.402146509000048, -7.077496782999965, 0.0 ], [ 110.402457803000047, -7.077616845999952, 0.0 ], [ 110.402985083000075, -7.077449993, 0.0 ], [ 110.403464572000047, -7.077187346999942, 0.0 ], [ 110.403775958000054, -7.077235610999939, 0.0 ], [ 110.404445081000077, -7.078552772999942, 0.0 ], [ 110.404181301, -7.078743897999946, 0.0 ], [ 110.40367831500005, -7.078647521999965, 0.0 ], [ 110.4031508180001, -7.07898190600001, 0.0 ], [ 110.402238950000068, -7.080129509999928, 0.0 ], [ 110.40236816, -7.082116098999986, 0.0 ], [ 110.402727342000063, -7.082260157999915, 0.0 ], [ 110.403494329000111, -7.081997879999975, 0.0 ], [ 110.403925538000081, -7.082022365999958, 0.0 ], [ 110.404164685000055, -7.082357731999906, 0.0 ], [ 110.404306281000046, -7.08403320999998, 0.0 ], [ 110.40384985300004, -7.084989938, 0.0 ], [ 110.403442045000048, -7.085396271999961, 0.0 ], [ 110.403357300000053, -7.086090214999913, 0.0 ], [ 110.404051281000093, -7.086713357999958, 0.0 ], [ 110.404242424000103, -7.087120460999891, 0.0 ], [ 110.40414609900003, -7.087503262999945, 0.0 ], [ 110.403329586000069, -7.089009981999912, 0.0 ], [ 110.403040456000028, -7.090278048999938, 0.0 ], [ 110.403169514000055, -7.09238430199995, 0.0 ], [ 110.402977416000056, -7.092719113999941, 0.0 ], [ 110.402281792000053, -7.093364404999953, 0.0 ], [ 110.401562393000034, -7.093866066999983, 0.0 ], [ 110.401274367000013, -7.094272553999954, 0.0 ], [ 110.401345902000074, -7.094535905999983, 0.0 ], [ 110.402015718000072, -7.095326551999943, 0.0 ], [ 110.402074997000085, -7.09580528299994, 0.0 ], [ 110.401882927000088, -7.096116161999905, 0.0 ], [ 110.401235522, -7.096522185999927, 0.0 ], [ 110.401355005000113, -7.096761667999935, 0.0 ], [ 110.401353645000086, -7.097814708999934, 0.0 ], [ 110.401065554000056, -7.098269059999957, 0.0 ], [ 110.401303562000024, -7.099489938999987, 0.0 ], [ 110.400763037000075, -7.100614081999918, 0.0 ], [ 110.39992308600003, -7.101689970999942, 0.0 ], [ 110.399178904000095, -7.10281384899994, 0.0 ], [ 110.399106406000044, -7.103292409999835, 0.0 ], [ 110.399225393000037, -7.103914815999907, 0.0 ], [ 110.399512279000149, -7.104393842999929, 0.0 ], [ 110.399535740000047, -7.104776797999907, 0.0 ], [ 110.399128283000167, -7.104895934, 0.0 ], [ 110.398768993000104, -7.104823669999966, 0.0 ], [ 110.398218436000121, -7.104440031999932, 0.0 ], [ 110.397918732, -7.104607171999906, 0.0 ], [ 110.397726687000016, -7.104894115999933, 0.0 ], [ 110.397773670000092, -7.105612159999925, 0.0 ], [ 110.398204247000095, -7.106139239999926, 0.0 ], [ 110.399066178000098, -7.106595080999984, 0.0 ], [ 110.400096013000123, -7.10690754, 0.0 ], [ 110.400790391000029, -7.107243496999988, 0.0 ], [ 110.401221003000131, -7.107746641999963, 0.0 ], [ 110.401699349000097, -7.108393444999834, 0.0 ], [ 110.401866496000153, -7.109796722999945, 0.0 ], [ 110.401028917000048, -7.110643309999915, 0.0 ], [ 110.399414159000017, -7.111926350999937, 0.0 ], [ 110.398825646000091, -7.112499655999855, 0.0 ], [ 110.398812177000124, -7.112812767, 0.0 ], [ 110.398485385000086, -7.113008047999909, 0.0 ], [ 110.398406734933545, -7.11285918403502, 0.0 ], [ 110.398002058025739, -7.113046561036935, 0.0 ], [ 110.397413678000149, -7.113515488999973, 0.0 ], [ 110.397434519000186, -7.113890939999951, 0.0 ], [ 110.396997076000133, -7.114215855999923, 0.0 ], [ 110.396805608046463, -7.114484794959736, 0.0 ], [ 110.396481665000209, -7.115532443999967, 0.0 ], [ 110.395824153000163, -7.115463945999984, 0.0 ], [ 110.395397200000104, -7.115119625, 0.0 ], [ 110.395210720920105, -7.11511087661621, 0.0 ], [ 110.395743579000069, -7.114975367999971, 0.0 ], [ 110.395728306000137, -7.114305146999939, 0.0 ], [ 110.395591434042103, -7.11363706102069, 0.0 ], [ 110.395278658000066, -7.113101725999933, 0.0 ], [ 110.394952360000062, -7.112918640999972, 0.0 ], [ 110.394625805000132, -7.11293126099995, 0.0 ], [ 110.394416650000153, -7.113061457999976, 0.0 ], [ 110.394154993000086, -7.113387290999935, 0.0 ], [ 110.393828232000132, -7.1135564749999, 0.0 ], [ 110.393462699000182, -7.113412478999976, 0.0 ], [ 110.391301509000058, -7.113037804999973, 0.0 ], [ 110.390779239000011, -7.112893600999943, 0.0 ], [ 110.390806015000095, -7.112397849999958, 0.0 ], [ 110.390623498910031, -7.112136670161046, 0.0 ], [ 110.390179770827316, -7.111862099174832, 0.0 ], [ 110.389970838961375, -7.111822683203368, 0.0 ], [ 110.389376034000179, -7.112206785999959, 0.0 ], [ 110.388172947000015, -7.113288098999899, 0.0 ], [ 110.387323794000011, -7.113404398999929, 0.0 ], [ 110.386878544000126, -7.11427795899991, 0.0 ], [ 110.386028453000037, -7.115098792999969, 0.0 ], [ 110.385623424000187, -7.115189584999932, 0.0 ], [ 110.385231734000115, -7.115071641999943, 0.0 ], [ 110.384670696000057, -7.114614251999935, 0.0 ], [ 110.384880115000058, -7.114288355999971, 0.0 ], [ 110.384514271000171, -7.114379198999938, 0.0 ], [ 110.383743328000065, -7.11380695399993, 0.0 ], [ 110.383508918000203, -7.11409082799997, 0.0 ], [ 110.383260732000096, -7.114103543999956, 0.0 ], [ 110.383379347000059, -7.113307835999933, 0.0 ], [ 110.38323624500012, -7.112877096, 0.0 ], [ 110.383289031000047, -7.112472708999935, 0.0 ], [ 110.382995470000182, -7.112230949, 0.0 ], [ 110.382773879000055, -7.11189143199989, 0.0 ], [ 110.382551939000166, -7.111812854999961, 0.0 ], [ 110.382252188000137, -7.111316669999852, 0.0 ], [ 110.3821744480001, -7.110846874999972, 0.0 ], [ 110.38226115100008, -7.109496627999896, 0.0 ], [ 110.382078710000172, -7.109183256999902, 0.0 ], [ 110.381843885000194, -7.108974192999835, 0.0 ], [ 110.381099667000086, -7.108764447999889, 0.0 ], [ 110.380917000000153, -7.108620686999895, 0.0 ], [ 110.380551370000106, -7.108554963999964, 0.0 ], [ 110.380014841000033, -7.109310970999989, 0.0 ], [ 110.380066789000068, -7.109532838999961, 0.0 ], [ 110.379844273000131, -7.109884809999951, 0.0 ], [ 110.379517406000176, -7.110132264999908, 0.0 ], [ 110.3792954500001, -7.110066732999904, 0.0 ], [ 110.37822426000011, -7.110182719, 0.0 ], [ 110.377622312000042, -7.111016917, 0.0 ], [ 110.377243268000129, -7.111212112, 0.0 ], [ 110.376955565000031, -7.111472664999969, 0.0 ], [ 110.376942733000035, -7.111303036999967, 0.0 ], [ 110.377073681000041, -7.111055320999988, 0.0 ], [ 110.377296094000059, -7.110781632999903, 0.0 ], [ 110.377583690000051, -7.11059936199992, 0.0 ], [ 110.377688585000115, -7.110299422999972, 0.0 ], [ 110.376841547000197, -7.108850070999956, 0.0 ], [ 110.37673791800006, -7.108210629999984, 0.0 ], [ 110.376294502000135, -7.107714248999947, 0.0 ], [ 110.376268802000141, -7.107401086999971, 0.0 ], [ 110.376661062000096, -7.107088487999953, 0.0 ], [ 110.377117474000016, -7.107068845999926, 0.0 ], [ 110.377145367000111, -7.106319368, 0.0 ], [ 110.377420426000043, -7.105745669999958, 0.0 ], [ 110.377849268, -7.105259983999829, 0.0 ], [ 110.37803556700004, -7.104807113999929, 0.0 ], [ 110.37889499100001, -7.101892266999894, 0.0 ], [ 110.379130617000058, -7.101501172999953, 0.0 ], [ 110.379483512000036, -7.101318986999978, 0.0 ], [ 110.379483617000034, -7.101240704999984, 0.0 ], [ 110.379118553000026, -7.10075747899997, 0.0 ], [ 110.37858322200006, -7.100626291999951, 0.0 ], [ 110.377903711000059, -7.100873273999959, 0.0 ], [ 110.377642665000039, -7.10074245399997, 0.0 ], [ 110.377485844000034, -7.100807478999933, 0.0 ], [ 110.377171815000068, -7.101224559999892, 0.0 ], [ 110.377093519000084, -7.101172268, 0.0 ], [ 110.37708089600001, -7.100846075999929, 0.0 ], [ 110.376801479000079, -7.099808465999963, 0.0 ], [ 110.376618799000056, -7.099677751999895, 0.0 ], [ 110.376148618000059, -7.099664072999918, 0.0 ], [ 110.375823252000046, -7.098802534999955, 0.0 ], [ 110.375640679000043, -7.098593537999893, 0.0 ], [ 110.375640943000064, -7.098397833999954, 0.0 ], [ 110.375798167000099, -7.098032729999943, 0.0 ], [ 110.376360793000032, -7.097289808999935, 0.0 ], [ 110.376439475000055, -7.097055068999964, 0.0 ], [ 110.376101400000053, -7.095932575, 0.0 ], [ 110.376102103000022, -7.095410696999977, 0.0 ], [ 110.376180749000056, -7.095202050999944, 0.0 ], [ 110.376494441000077, -7.09503286199989, 0.0 ], [ 110.376155489, -7.094562715999892, 0.0 ], [ 110.375632119000045, -7.095253501999938, 0.0 ], [ 110.374904560000061, -7.096569775999956, 0.0 ], [ 110.373352079000128, -7.095965140999933, 0.0 ], [ 110.373198154000093, -7.096062697000011, 0.0 ], [ 110.373029736000021, -7.096537321999936, 0.0 ], [ 110.3730060890001, -7.098513513999933, 0.0 ], [ 110.372921218, -7.099239643999972, 0.0 ], [ 110.372724457000075, -7.099993555, 0.0 ], [ 110.372989668000073, -7.100315136999964, 0.0 ], [ 110.373128914000048, -7.100734313, 0.0 ], [ 110.373170329000104, -7.10112542399995, 0.0 ], [ 110.372942112000047, -7.101939458999979, 0.0 ], [ 110.373041023000056, -7.102904938999927, 0.0 ], [ 110.37367720100012, -7.103592266999954, 0.0 ], [ 110.373794189000122, -7.104425483999972, 0.0 ], [ 110.373764897000086, -7.104911692999966, 0.0 ], [ 110.373671497000089, -7.105161841999969, 0.0 ], [ 110.372778946000054, -7.106129557000013, 0.0 ], [ 110.372005105000056, -7.106657662999922, 0.0 ], [ 110.371682251000081, -7.10718637799997, 0.0 ], [ 110.371338232000127, -7.107486240999911, 0.0 ], [ 110.371034061, -7.107583457999961, 0.0 ], [ 110.3705629130001, -7.106920941999945, 0.0 ], [ 110.370297717000099, -7.106746582, 0.0 ], [ 110.370148422000085, -7.106738094, 0.0 ], [ 110.369824598000037, -7.106977938999954, 0.0 ], [ 110.369575168, -7.107408455999959, 0.0 ], [ 110.369690922000075, -7.107682040999947, 0.0 ], [ 110.369657528000062, -7.107839424, 0.0 ], [ 110.369449684000102, -7.108187141, 0.0 ], [ 110.369026038000044, -7.10863399199993, 0.0 ], [ 110.369033565000038, -7.10919742899992, 0.0 ], [ 110.368933868000056, -7.109313292999914, 0.0 ], [ 110.368361491000115, -7.109337369999952, 0.0 ], [ 110.368179096000034, -7.109270835999954, 0.0 ], [ 110.368146064000058, -7.10916307699992, 0.0 ], [ 110.368146211000067, -7.109055362999889, 0.0 ], [ 110.368486989000118, -7.108550400999942, 0.0 ], [ 110.368491323000029, -7.10841369299991, 0.0 ], [ 110.368300927000078, -7.108131718999939, 0.0 ], [ 110.368325936000105, -7.10804061099995, 0.0 ], [ 110.368450380000098, -7.108024208999925, 0.0 ], [ 110.368525419, -7.107742597999984, 0.0 ], [ 110.368492590000045, -7.107485696999955, 0.0 ], [ 110.368376553000033, -7.107419252999964, 0.0 ], [ 110.368169127000016, -7.107460398999905, 0.0 ], [ 110.367398063000081, -7.10720249099997, 0.0 ], [ 110.367177939000072, -7.107430046999969, 0.0 ], [ 110.366547059000098, -7.107777183999914, 0.0 ], [ 110.366190349000064, -7.107801553999977, 0.0 ], [ 110.366173521000093, -7.107975529999983, 0.0 ], [ 110.365907917000058, -7.108099451999934, 0.0 ], [ 110.364688855000097, -7.107898926999951, 0.0 ], [ 110.3648305950001, -7.107368836999967, 0.0 ], [ 110.364772736000106, -7.107219614999966, 0.0 ], [ 110.364113762000031, -7.106883141999926, 0.0 ], [ 110.364072448000073, -7.106767084999916, 0.0 ], [ 110.364280466000054, -7.106295085999943, 0.0 ], [ 110.364264309000049, -7.105980207999913, 0.0 ], [ 110.364098949000038, -7.105590553999914, 0.0 ], [ 110.363482685000037, -7.104357626999953, 0.0 ], [ 110.363048374000158, -7.104115088999958, 0.0 ], [ 110.36276958000019, -7.104180992, 0.0 ], [ 110.362403745000023, -7.104810200999918, 0.0 ], [ 110.361785949000065, -7.105293235, 0.0 ], [ 110.361580432000025, -7.10515375200001, 0.0 ], [ 110.361560863000093, -7.104908468999966, 0.0 ], [ 110.361434975000165, -7.104769095999892, 0.0 ], [ 110.360890969000096, -7.104675546999967, 0.0 ], [ 110.360366687000052, -7.104714595999912, 0.0 ], [ 110.359605512000044, -7.104941964999984, 0.0 ], [ 110.359405232000171, -7.105429548999915, 0.0 ], [ 110.359010534000021, -7.105238100999973, 0.0 ], [ 110.358241915000107, -7.105186130999936, 0.0 ], [ 110.358183508000167, -7.10596026399995, 0.0 ], [ 110.35797958600017, -7.106010888999965, 0.0 ], [ 110.357631315000035, -7.106027374999908, 0.0 ], [ 110.356584815000133, -7.105765024999961, 0.0 ], [ 110.355883939000051, -7.10586162399996, 0.0 ], [ 110.355390920000033, -7.106132443999986, 0.0 ], [ 110.355050544000107, -7.105586084999988, 0.0 ], [ 110.35480547300017, -7.105681949999926, 0.0 ], [ 110.354542319000075, -7.105571283999918, 0.0 ], [ 110.354411062000139, -7.105286869999922, 0.0 ], [ 110.354424051000052, -7.105108712999836, 0.0 ], [ 110.353921714000151, -7.104448341999909, 0.0 ], [ 110.353841047000131, -7.104431259999917, 0.0 ], [ 110.353375449000154, -7.104773875999932, 0.0 ], [ 110.353268738000125, -7.104691642999967, 0.0 ], [ 110.353076939000147, -7.104192627999979, 0.0 ], [ 110.352877607, -7.103997205999974, 0.0 ], [ 110.352941554000054, -7.103823362999979, 0.0 ], [ 110.352704008707462, -7.103622687379413, 0.0 ], [ 110.352696144000078, -7.103194637999916, 0.0 ], [ 110.352585905000112, -7.102987706999937, 0.0 ], [ 110.352789311000066, -7.102791645999968, 0.0 ], [ 110.35286095500004, -7.102573947999897, 0.0 ], [ 110.352689749, -7.102290535999984, 0.0 ], [ 110.352206299000059, -7.101922895999941, 0.0 ], [ 110.351950634000033, -7.101999122999942, 0.0 ], [ 110.351823402000079, -7.101649907999914, 0.0 ], [ 110.351843924, -7.101210793999908, 0.0 ], [ 110.351213199000128, -7.100273597999902, 0.0 ], [ 110.351211647000085, -7.099956488999954, 0.0 ], [ 110.351327110000057, -7.099610686999942, 0.0 ], [ 110.35111011500004, -7.099462389999928, 0.0 ], [ 110.350836655000066, -7.098902464999963, 0.0 ], [ 110.351052211000038, -7.098667029999934, 0.0 ], [ 110.351073633000041, -7.098482380999933, 0.0 ], [ 110.350901580000098, -7.098163038999889, 0.0 ], [ 110.351199614000066, -7.097608522000016, 0.0 ], [ 110.350938077000109, -7.097545931999989, 0.0 ], [ 110.350569161000038, -7.097107881999893, 0.0 ], [ 110.350789515000073, -7.096876568999939, 0.0 ], [ 110.350606610000028, -7.096085678999959, 0.0 ], [ 110.349904458000111, -7.095640507999985, 0.0 ], [ 110.349781338000057, -7.095110069999972, 0.0 ], [ 110.349609785000069, -7.094871757999972, 0.0 ], [ 110.349367433000083, -7.094759675999935, 0.0 ], [ 110.349286289000034, -7.094536192, 0.0 ], [ 110.349305735000044, -7.09429851899997, 0.0 ], [ 110.348968769000052, -7.093956050999967, 0.0 ], [ 110.348875876000093, -7.093580596999988, 0.0 ], [ 110.348752328000089, -7.093412895999968, 0.0 ], [ 110.348325454000118, -7.093143055999935, 0.0 ], [ 110.348406019000038, -7.092641781999937, 0.0 ], [ 110.348301216000067, -7.092206061999946, 0.0 ], [ 110.348016794000074, -7.091866260999986, 0.0 ], [ 110.347688428000083, -7.090795502999942, 0.0 ], [ 110.347500451000073, -7.090421927999941, 0.0 ], [ 110.347471166000048, -7.089829670999965, 0.0 ], [ 110.347577783000077, -7.089542629999929, 0.0 ], [ 110.347355823, -7.089280335999987, 0.0 ], [ 110.347480017000066, -7.089101175999907, 0.0 ], [ 110.347692622000068, -7.089031591000012, 0.0 ], [ 110.347842619000048, -7.08884632499996, 0.0 ], [ 110.347930179000102, -7.088424755999895, 0.0 ], [ 110.34753201800001, -7.087664966, 0.0 ], [ 110.347233158000066, -7.087554558999926, 0.0 ], [ 110.347161774000114, -7.087454620999917, 0.0 ], [ 110.347137837000091, -7.086939943999965, 0.0 ], [ 110.346831017000099, -7.086554079999924, 0.0 ], [ 110.347084961000064, -7.085822206999943, 0.0 ], [ 110.346890518000052, -7.085755879999962, 0.0 ], [ 110.346659374000112, -7.085891492, 0.0 ], [ 110.346540622000049, -7.085835801, 0.0 ], [ 110.346524672000072, -7.085593581999944, 0.0 ], [ 110.346609609000083, -7.085367346999966, 0.0 ], [ 110.34646, -7.08459, 0.0 ], [ 110.34652, -7.084489998999938, 0.0 ], [ 110.346909999000061, -7.08436, 0.0 ], [ 110.34697, -7.08426, 0.0 ], [ 110.346909999000061, -7.084029999999892, 0.0 ], [ 110.346670000000103, -7.083699998999943, 0.0 ], [ 110.34713, -7.08315, 0.0 ], [ 110.34718, -7.08277, 0.0 ], [ 110.34701, -7.082529998999949, 0.0 ], [ 110.346009999000032, -7.082199998999911, 0.0 ], [ 110.3465, -7.08123, 0.0 ], [ 110.34672, -7.080489998999912, 0.0 ], [ 110.3467, -7.08029, 0.0 ], [ 110.34663, -7.08012, 0.0 ], [ 110.346330000000123, -7.07985, 0.0 ], [ 110.3457200000001, -7.079999998999959, 0.0 ], [ 110.34523, -7.07998, 0.0 ], [ 110.34514, -7.079899998999945, 0.0 ], [ 110.34503, -7.07952, 0.0 ], [ 110.345050001000089, -7.078679998999988, 0.0 ], [ 110.34569, -7.077749998999955, 0.0 ], [ 110.34594, -7.07714, 0.0 ], [ 110.345970331000032, -7.076869930999969, 0.0 ], [ 110.345826840000058, -7.076690235999934, 0.0 ], [ 110.345351627000085, -7.076726171999976, 0.0 ], [ 110.345010001000063, -7.07658, 0.0 ], [ 110.344640001000087, -7.07549, 0.0 ], [ 110.343920000000111, -7.07402, 0.0 ], [ 110.343697657000106, -7.073158084999893, 0.0 ], [ 110.343406361000078, -7.072463629999987, 0.0 ], [ 110.342994937000043, -7.072013118000015, 0.0 ], [ 110.342284177000039, -7.071494050999966, 0.0 ], [ 110.34215, -7.07113, 0.0 ], [ 110.34214442000011, -7.070773406999937, 0.0 ], [ 110.341935293000034, -7.070423099, 0.0 ], [ 110.341125980000044, -7.070072566999947, 0.0 ], [ 110.34078, -7.06971, 0.0 ], [ 110.34087, -7.06955, 0.0 ], [ 110.34099, -7.06951, 0.0 ], [ 110.34193, -7.06982, 0.0 ], [ 110.342210000000122, -7.06977, 0.0 ], [ 110.342768817000078, -7.068429496999979, 0.0 ], [ 110.342754712000072, -7.068239213999956, 0.0 ], [ 110.341861455000057, -7.067157397999974, 0.0 ], [ 110.341324212000103, -7.066144941999958, 0.0 ], [ 110.34134, -7.0658, 0.0 ], [ 110.341549513000089, -7.06532543399992, 0.0 ], [ 110.341695365000078, -7.065175547999953, 0.0 ], [ 110.34178574500001, -7.064791557999978, 0.0 ], [ 110.34143, -7.0644, 0.0 ], [ 110.340430225000034, -7.062800847999934, 0.0 ], [ 110.340096104000096, -7.062750117999911, 0.0 ], [ 110.3394, -7.06302, 0.0 ], [ 110.33937, -7.06292, 0.0 ], [ 110.339529400000103, -7.061999029999939, 0.0 ], [ 110.339468993000082, -7.06151789999992, 0.0 ], [ 110.339519745000104, -7.061205651999931, 0.0 ], [ 110.339873547000067, -7.060046620999955, 0.0 ], [ 110.339780815000026, -7.05955467599993, 0.0 ], [ 110.339626699000064, -7.059270856999984, 0.0 ], [ 110.339634334000081, -7.058954958999959, 0.0 ], [ 110.339846793000078, -7.058610218999945, 0.0 ], [ 110.340250000000125, -7.05715, 0.0 ], [ 110.34052, -7.05681, 0.0 ], [ 110.340779108000035, -7.056288096999925, 0.0 ], [ 110.341119427000123, -7.05618806, 0.0 ], [ 110.34209, -7.05639, 0.0 ], [ 110.342398, -7.056293031999889, 0.0 ], [ 110.342524040000072, -7.056101748999961, 0.0 ], [ 110.342578372000048, -7.055796685999944, 0.0 ], [ 110.342488925000012, -7.055521334999987, 0.0 ], [ 110.342219748000034, -7.055287613999923, 0.0 ], [ 110.34147, -7.05494, 0.0 ], [ 110.3411, -7.05454, 0.0 ], [ 110.340500578000075, -7.053648424999921, 0.0 ], [ 110.340412122000131, -7.053077954999971, 0.0 ], [ 110.34067, -7.05307, 0.0 ], [ 110.34126, -7.05331, 0.0 ], [ 110.34171, -7.0534, 0.0 ], [ 110.34194, -7.05323, 0.0 ], [ 110.34197, -7.0531, 0.0 ], [ 110.341821620000047, -7.052670265999989, 0.0 ], [ 110.341681696000109, -7.052515702999901, 0.0 ], [ 110.340879420000064, -7.052344719999965, 0.0 ], [ 110.34058, -7.0522, 0.0 ], [ 110.34019, -7.0518, 0.0 ], [ 110.34016, -7.05134, 0.0 ], [ 110.340370000000107, -7.051089999999888, 0.0 ], [ 110.34051, -7.05104, 0.0 ], [ 110.34107, -7.05118, 0.0 ], [ 110.34131, -7.05102, 0.0 ], [ 110.34136, -7.05034, 0.0 ], [ 110.34118, -7.04984, 0.0 ], [ 110.34046, -7.04904, 0.0 ], [ 110.33999, -7.04865, 0.0 ], [ 110.33987, -7.0483, 0.0 ], [ 110.34004, -7.04812, 0.0 ], [ 110.34212, -7.04782, 0.0 ], [ 110.34242, -7.04769, 0.0 ], [ 110.343850000000103, -7.04664, 0.0 ], [ 110.344550000000112, -7.04559, 0.0 ], [ 110.34478, -7.0451, 0.0 ], [ 110.34507, -7.0438, 0.0 ], [ 110.34507, -7.04342, 0.0 ], [ 110.34475, -7.04167, 0.0 ], [ 110.34476, -7.041049999999888, 0.0 ], [ 110.34501, -7.04081, 0.0 ], [ 110.34595, -7.04103, 0.0 ], [ 110.34644, -7.041, 0.0 ], [ 110.34672, -7.04088, 0.0 ], [ 110.34693, -7.040419999999898, 0.0 ], [ 110.34691, -7.03996, 0.0 ], [ 110.34678, -7.03948, 0.0 ], [ 110.34649, -7.03872, 0.0 ], [ 110.34619, -7.03827, 0.0 ], [ 110.34616, -7.03806, 0.0 ], [ 110.34644, -7.03725, 0.0 ], [ 110.346670000000103, -7.03586, 0.0 ], [ 110.34692, -7.03568, 0.0 ], [ 110.34703, -7.0357, 0.0 ], [ 110.34766, -7.03612, 0.0 ], [ 110.349, -7.03667, 0.0 ], [ 110.34903, -7.03687, 0.0 ], [ 110.34848, -7.03744, 0.0 ], [ 110.3484, -7.03774, 0.0 ], [ 110.34847, -7.03786, 0.0 ], [ 110.34881, -7.03802, 0.0 ], [ 110.34923, -7.03804, 0.0 ], [ 110.350456923000081, -7.036628102999948, 0.0 ], [ 110.35135, -7.03421, 0.0 ], [ 110.35159, -7.03397, 0.0 ], [ 110.35195, -7.03386, 0.0 ], [ 110.35223, -7.03367, 0.0 ], [ 110.35244, -7.03338, 0.0 ], [ 110.35265, -7.03286, 0.0 ], [ 110.35341, -7.03246, 0.0 ], [ 110.35378, -7.03182, 0.0 ], [ 110.35406, -7.03183, 0.0 ], [ 110.355450000000118, -7.03328, 0.0 ], [ 110.355700000000112, -7.03334, 0.0 ], [ 110.35645, -7.033259999999892, 0.0 ], [ 110.3568700000001, -7.03306, 0.0 ], [ 110.35756, -7.03252, 0.0 ], [ 110.35771, -7.03222, 0.0 ], [ 110.3576300000001, -7.03188, 0.0 ], [ 110.35693, -7.03093, 0.0 ], [ 110.35693, -7.03072, 0.0 ], [ 110.357160000000121, -7.03057, 0.0 ], [ 110.35794, -7.03082, 0.0 ], [ 110.35846, -7.03086, 0.0 ], [ 110.35942716300012, -7.030410478999933, 0.0 ], [ 110.35976, -7.03013, 0.0 ], [ 110.35984, -7.02961, 0.0 ], [ 110.359950000000126, -7.02945, 0.0 ], [ 110.360732515000038, -7.029323887, 0.0 ], [ 110.360782027000042, -7.028151252999965, 0.0 ], [ 110.360686830000077, -7.027696402999901, 0.0 ], [ 110.360351789000063, -7.027456618999956, 0.0 ], [ 110.360352313000107, -7.027073696999892, 0.0 ], [ 110.360472218000083, -7.02697812899989, 0.0 ], [ 110.36090346800006, -7.026930852999975, 0.0 ], [ 110.361501684000089, -7.027410320999945, 0.0 ], [ 110.362076304000112, -7.027626497999979, 0.0 ], [ 110.362555335000039, -7.027675014999907, 0.0 ], [ 110.362939002000076, -7.027388344, 0.0 ], [ 110.363971042000031, -7.02592985099993, 0.0 ], [ 110.364355325000119, -7.02518845899996, 0.0 ], [ 110.364488862000059, -7.023872340999954, 0.0 ], [ 110.364393888000023, -7.023249962999973, 0.0 ], [ 110.364202674000097, -7.022938577999966, 0.0 ], [ 110.36381950000002, -7.022866260999933, 0.0 ], [ 110.363388123000021, -7.023009270999953, 0.0 ], [ 110.362513971000084, -7.02308425599994, 0.0 ], [ 110.362379199000131, -7.02296151199991, 0.0 ], [ 110.362227737000026, -7.022598069999948, 0.0 ], [ 110.362222074, -7.022358734999951, 0.0 ], [ 110.362279223000115, -7.022170343, 0.0 ], [ 110.362414065000081, -7.022098727999932, 0.0 ], [ 110.363087936000056, -7.021988954999909, 0.0 ], [ 110.363142098000097, -7.021794574999902, 0.0 ], [ 110.363064473000065, -7.021626940999976, 0.0 ], [ 110.363169543000055, -7.021429639, 0.0 ], [ 110.363726284000023, -7.020951517999958, 0.0 ], [ 110.364362213000064, -7.020114735999911, 0.0 ], [ 110.365489529000087, -7.019039289999924, 0.0 ], [ 110.366016881000107, -7.018776742999961, 0.0 ], [ 110.366745220000055, -7.018870686999918, 0.0 ], [ 110.367199900000017, -7.01920635899998, 0.0 ], [ 110.368159873000053, -7.020242455, 0.0 ], [ 110.368399699000079, -7.021014983999969, 0.0 ], [ 110.36877466700011, -7.021368259999978, 0.0 ], [ 110.369791763000066, -7.021387717999989, 0.0 ], [ 110.370846551000028, -7.021971885999918, 0.0 ], [ 110.371522169000073, -7.022213172999987, 0.0 ], [ 110.371906036000027, -7.022050869999969, 0.0 ], [ 110.372572329, -7.021418581999967, 0.0 ], [ 110.373210367000041, -7.020333982999933, 0.0 ], [ 110.373630225000056, -7.020126499, 0.0 ], [ 110.374185374000064, -7.020091057999906, 0.0 ], [ 110.374572680000043, -7.02031771, 0.0 ], [ 110.375125974000085, -7.020824991999969, 0.0 ], [ 110.377979576000115, -7.022954460999948, 0.0 ], [ 110.378356304000107, -7.023054459999962, 0.0 ], [ 110.37851142100007, -7.023000392999929, 0.0 ], [ 110.378630787000091, -7.021743236, 0.0 ], [ 110.378848704000092, -7.021056071, 0.0 ], [ 110.379073816000059, -7.020703596999962, 0.0 ], [ 110.379115953000081, -7.020504652999932, 0.0 ], [ 110.379033250000077, -7.019717591, 0.0 ], [ 110.379445194000056, -7.018433683, 0.0 ], [ 110.379513242000087, -7.01768300199997, 0.0 ], [ 110.379898586000095, -7.017683511000012, 0.0 ], [ 110.3801326560001, -7.017828546999933, 0.0 ], [ 110.380684020000061, -7.018941863999945, 0.0 ], [ 110.38138596400006, -7.020010151999962, 0.0 ], [ 110.381728923000097, -7.020399557999941, 0.0 ], [ 110.382298060000025, -7.020698807999921, 0.0 ], [ 110.382582660000125, -7.020717272999939, 0.0 ], [ 110.382817315000096, -7.020636172999978, 0.0 ], [ 110.383035418000105, -7.020446504999917, 0.0 ], [ 110.383095068000074, -7.01962344799994, 0.0 ], [ 110.383457895000063, -7.018891243999931, 0.0 ], [ 110.383456489000039, -7.018177725999958, 0.0 ], [ 110.383888330000062, -7.017675703999899, 0.0 ], [ 110.385158099000051, -7.017533771999968, 0.0 ], [ 110.387419509000026, -7.017526023999949, 0.0 ] ] ] ] } },
{ "type": "Feature", "properties": { "fid": 7, "WADMKC": "Mijen", "LUAS": 56.772061384799997, "LUAS_HA": 5677.2061384799999, "Label": "Kecamatan Mijen", "Labl_Inset": "Kec. Mijen", "Total_Pend": 84486, "Link_peta": "https://drive.google.com/uc?export=download&id=1wUVrQAZVFMWCXYT-kocLYQ4fnRdhmqJ4" }, "geometry": { "type": "MultiPolygon", "coordinates": [ [ [ [ 110.275489999574631, -7.012119999436567, 0.0 ], [ 110.276099999844661, -7.011789999372048, 0.0 ], [ 110.284480000018789, -7.012849999967525, 0.0 ], [ 110.284750000000102, -7.01294, 0.0 ], [ 110.28516, -7.013469998999906, 0.0 ], [ 110.285830000000104, -7.01354, 0.0 ], [ 110.28642, -7.014079998999929, 0.0 ], [ 110.287170000000131, -7.014269998999929, 0.0 ], [ 110.2878, -7.0142, 0.0 ], [ 110.28849000000011, -7.01437, 0.0 ], [ 110.288720000000126, -7.01474, 0.0 ], [ 110.28938, -7.01494999899997, 0.0 ], [ 110.289839999000165, -7.014749998999942, 0.0 ], [ 110.29165, -7.01494, 0.0 ], [ 110.293240000000196, -7.015639999999863, 0.0 ], [ 110.29360000000014, -7.01585, 0.0 ], [ 110.293750000000117, -7.016079998999942, 0.0 ], [ 110.293190000000138, -7.0198, 0.0 ], [ 110.293160000000142, -7.02073, 0.0 ], [ 110.29397, -7.02235, 0.0 ], [ 110.29598, -7.022589998999901, 0.0 ], [ 110.296110000000155, -7.02284999899992, 0.0 ], [ 110.29733, -7.02327, 0.0 ], [ 110.29782, -7.02363, 0.0 ], [ 110.29817, -7.02357, 0.0 ], [ 110.299070000000114, -7.0232, 0.0 ], [ 110.29983, -7.02305, 0.0 ], [ 110.3008, -7.02309, 0.0 ], [ 110.30184, -7.02341, 0.0 ], [ 110.30393, -7.02347, 0.0 ], [ 110.30492, -7.02342, 0.0 ], [ 110.30529, -7.02332, 0.0 ], [ 110.30579, -7.02249, 0.0 ], [ 110.305970000000102, -7.02241, 0.0 ], [ 110.30691, -7.02258, 0.0 ], [ 110.30855, -7.02266, 0.0 ], [ 110.30954, -7.02268, 0.0 ], [ 110.31053, -7.02256, 0.0 ], [ 110.30995, -7.02091, 0.0 ], [ 110.30945, -7.01996, 0.0 ], [ 110.3112, -7.01929, 0.0 ], [ 110.31279, -7.019, 0.0 ], [ 110.31377, -7.01893, 0.0 ], [ 110.315931193000054, -7.019019429999968, 0.0 ], [ 110.316853684000094, -7.019524875999956, 0.0 ], [ 110.319652552000036, -7.020281188999917, 0.0 ], [ 110.32117360200003, -7.020068201999969, 0.0 ], [ 110.321740391000034, -7.019516021999934, 0.0 ], [ 110.325233663000049, -7.019778930999927, 0.0 ], [ 110.328457518000079, -7.019748279999966, 0.0 ], [ 110.331481155000048, -7.020468897999905, 0.0 ], [ 110.332434350000057, -7.020599491999963, 0.0 ], [ 110.334806671000052, -7.021120722000013, 0.0 ], [ 110.33466, -7.0221, 0.0 ], [ 110.33579, -7.02229, 0.0 ], [ 110.33621, -7.02151, 0.0 ], [ 110.337530799000021, -7.021876690999946, 0.0 ], [ 110.338303226000079, -7.021949578999937, 0.0 ], [ 110.339349659000064, -7.02136590299996, 0.0 ], [ 110.342122432000068, -7.020477112999963, 0.0 ], [ 110.342277058000064, -7.020391172999958, 0.0 ], [ 110.342494154000093, -7.01932, 0.0 ], [ 110.34491, -7.01929, 0.0 ], [ 110.34679, -7.01951, 0.0 ], [ 110.34884, -7.02014, 0.0 ], [ 110.351870000000119, -7.0204, 0.0 ], [ 110.35314, -7.02067, 0.0 ], [ 110.35432, -7.02118, 0.0 ], [ 110.355000000000103, -7.02013, 0.0 ], [ 110.355463350000065, -7.019745845999942, 0.0 ], [ 110.35578, -7.01933, 0.0 ], [ 110.35572, -7.01863, 0.0 ], [ 110.35621, -7.01823, 0.0 ], [ 110.35625, -7.0177, 0.0 ], [ 110.35633, -7.01757, 0.0 ], [ 110.356620992000018, -7.017454130999951, 0.0 ], [ 110.3568, -7.01749, 0.0 ], [ 110.35707, -7.01704, 0.0 ], [ 110.357282935000072, -7.016981262999906, 0.0 ], [ 110.357699790000112, -7.016943541999982, 0.0 ], [ 110.358346259000129, -7.017159819999936, 0.0 ], [ 110.358758448000032, -7.017031146999948, 0.0 ], [ 110.359079697000055, -7.016840123999952, 0.0 ], [ 110.359194913000096, -7.016667965999918, 0.0 ], [ 110.359340000000103, -7.01582, 0.0 ], [ 110.35945, -7.01563, 0.0 ], [ 110.36001, -7.01531, 0.0 ], [ 110.361495275, -7.014840787, 0.0 ], [ 110.362038218000066, -7.016363661999964, 0.0 ], [ 110.361944279000028, -7.016744064, 0.0 ], [ 110.361750103000119, -7.016851496999916, 0.0 ], [ 110.361835742000011, -7.017289580999925, 0.0 ], [ 110.362086763, -7.017656093999964, 0.0 ], [ 110.36233730500004, -7.018374413999979, 0.0 ], [ 110.362861807000087, -7.018446924999939, 0.0 ], [ 110.363012543000124, -7.018576365999902, 0.0 ], [ 110.36298328, -7.018956855999942, 0.0 ], [ 110.362680929000049, -7.019344155999924, 0.0 ], [ 110.362687900000083, -7.019502120999938, 0.0 ], [ 110.363183170000028, -7.019933581999933, 0.0 ], [ 110.363283537000072, -7.020110819999942, 0.0 ], [ 110.36319702800003, -7.020311736999957, 0.0 ], [ 110.363225481000072, -7.020527170000019, 0.0 ], [ 110.363526832000048, -7.020876996, 0.0 ], [ 110.363493336000033, -7.02115157, 0.0 ], [ 110.363169543000055, -7.021429639, 0.0 ], [ 110.363064473000065, -7.021626940999976, 0.0 ], [ 110.363142098000097, -7.021794574999902, 0.0 ], [ 110.363087936000056, -7.021988954999909, 0.0 ], [ 110.362279223000115, -7.022170343, 0.0 ], [ 110.362227737000026, -7.022598069999948, 0.0 ], [ 110.362379199000131, -7.02296151199991, 0.0 ], [ 110.362513971000084, -7.02308425599994, 0.0 ], [ 110.363388123000021, -7.023009270999953, 0.0 ], [ 110.36381950000002, -7.022866260999933, 0.0 ], [ 110.364202674000097, -7.022938577999966, 0.0 ], [ 110.364393888000023, -7.023249962999973, 0.0 ], [ 110.364488862000059, -7.023872340999954, 0.0 ], [ 110.364355325000119, -7.02518845899996, 0.0 ], [ 110.363971042000031, -7.02592985099993, 0.0 ], [ 110.362939002000076, -7.027388344, 0.0 ], [ 110.362555335000039, -7.027675014999907, 0.0 ], [ 110.362076304000112, -7.027626497999979, 0.0 ], [ 110.361501684000089, -7.027410320999945, 0.0 ], [ 110.36090346800006, -7.026930852999975, 0.0 ], [ 110.360472218000083, -7.02697812899989, 0.0 ], [ 110.360352313000107, -7.027073696999892, 0.0 ], [ 110.360351789000063, -7.027456618999956, 0.0 ], [ 110.360686830000077, -7.027696402999901, 0.0 ], [ 110.360782027000042, -7.028151252999965, 0.0 ], [ 110.360732515000038, -7.029323887, 0.0 ], [ 110.359950000000126, -7.02945, 0.0 ], [ 110.35984, -7.02961, 0.0 ], [ 110.35976, -7.03013, 0.0 ], [ 110.35942716300012, -7.030410478999933, 0.0 ], [ 110.35846, -7.03086, 0.0 ], [ 110.35794, -7.03082, 0.0 ], [ 110.357160000000121, -7.03057, 0.0 ], [ 110.35693, -7.03072, 0.0 ], [ 110.35693, -7.03093, 0.0 ], [ 110.35751, -7.03166, 0.0 ], [ 110.35771, -7.03222, 0.0 ], [ 110.35756, -7.03252, 0.0 ], [ 110.3568700000001, -7.03306, 0.0 ], [ 110.35645, -7.033259999999892, 0.0 ], [ 110.35601, -7.03335, 0.0 ], [ 110.355450000000118, -7.03328, 0.0 ], [ 110.35406, -7.03183, 0.0 ], [ 110.35378, -7.03182, 0.0 ], [ 110.35341, -7.03246, 0.0 ], [ 110.35265, -7.03286, 0.0 ], [ 110.35244, -7.03338, 0.0 ], [ 110.35223, -7.03367, 0.0 ], [ 110.35195, -7.03386, 0.0 ], [ 110.35159, -7.03397, 0.0 ], [ 110.35135, -7.03421, 0.0 ], [ 110.350456923000081, -7.036628102999948, 0.0 ], [ 110.34923, -7.03804, 0.0 ], [ 110.34881, -7.03802, 0.0 ], [ 110.34847, -7.03786, 0.0 ], [ 110.3484, -7.03774, 0.0 ], [ 110.34848, -7.03744, 0.0 ], [ 110.34903, -7.03687, 0.0 ], [ 110.349, -7.03667, 0.0 ], [ 110.34766, -7.03612, 0.0 ], [ 110.34703, -7.0357, 0.0 ], [ 110.34692, -7.03568, 0.0 ], [ 110.346670000000103, -7.03586, 0.0 ], [ 110.34644, -7.03725, 0.0 ], [ 110.34616, -7.03806, 0.0 ], [ 110.34619, -7.03827, 0.0 ], [ 110.34649, -7.03872, 0.0 ], [ 110.34678, -7.03948, 0.0 ], [ 110.34691, -7.03996, 0.0 ], [ 110.34693, -7.040419999999898, 0.0 ], [ 110.34672, -7.04088, 0.0 ], [ 110.34644, -7.041, 0.0 ], [ 110.34595, -7.04103, 0.0 ], [ 110.34501, -7.04081, 0.0 ], [ 110.34476, -7.041049999999888, 0.0 ], [ 110.34475, -7.04167, 0.0 ], [ 110.34507, -7.04342, 0.0 ], [ 110.34507, -7.0438, 0.0 ], [ 110.34478, -7.0451, 0.0 ], [ 110.344550000000112, -7.04559, 0.0 ], [ 110.343850000000103, -7.04664, 0.0 ], [ 110.34242, -7.04769, 0.0 ], [ 110.34212, -7.04782, 0.0 ], [ 110.34004, -7.04812, 0.0 ], [ 110.33987, -7.0483, 0.0 ], [ 110.33999, -7.04865, 0.0 ], [ 110.34046, -7.04904, 0.0 ], [ 110.34118, -7.04984, 0.0 ], [ 110.34136, -7.05034, 0.0 ], [ 110.34131, -7.05102, 0.0 ], [ 110.34107, -7.05118, 0.0 ], [ 110.34051, -7.05104, 0.0 ], [ 110.340370000000107, -7.051089999999888, 0.0 ], [ 110.34016, -7.05134, 0.0 ], [ 110.34019, -7.0518, 0.0 ], [ 110.34058, -7.0522, 0.0 ], [ 110.340879420000064, -7.052344719999965, 0.0 ], [ 110.341681696000109, -7.052515702999901, 0.0 ], [ 110.341821620000047, -7.052670265999989, 0.0 ], [ 110.34197, -7.0531, 0.0 ], [ 110.34194, -7.05323, 0.0 ], [ 110.34171, -7.0534, 0.0 ], [ 110.34126, -7.05331, 0.0 ], [ 110.34067, -7.05307, 0.0 ], [ 110.340412122000131, -7.053077954999971, 0.0 ], [ 110.340500578000075, -7.053648424999921, 0.0 ], [ 110.3411, -7.05454, 0.0 ], [ 110.34147, -7.05494, 0.0 ], [ 110.342219748000034, -7.055287613999923, 0.0 ], [ 110.342488925000012, -7.055521334999987, 0.0 ], [ 110.342578372000048, -7.055796685999944, 0.0 ], [ 110.342524040000072, -7.056101748999961, 0.0 ], [ 110.342398, -7.056293031999889, 0.0 ], [ 110.34209, -7.05639, 0.0 ], [ 110.341119427000123, -7.05618806, 0.0 ], [ 110.340779108000035, -7.056288096999925, 0.0 ], [ 110.34052, -7.05681, 0.0 ], [ 110.340250000000125, -7.05715, 0.0 ], [ 110.339846793000078, -7.058610218999945, 0.0 ], [ 110.339634334000081, -7.058954958999959, 0.0 ], [ 110.339626699000064, -7.059270856999984, 0.0 ], [ 110.339780815000026, -7.05955467599993, 0.0 ], [ 110.339873547000067, -7.060046620999955, 0.0 ], [ 110.339468993000082, -7.06151789999992, 0.0 ], [ 110.339529400000103, -7.061999029999939, 0.0 ], [ 110.33937, -7.06267, 0.0 ], [ 110.3394, -7.06302, 0.0 ], [ 110.340096104000096, -7.062750117999911, 0.0 ], [ 110.340430225000034, -7.062800847999934, 0.0 ], [ 110.34143, -7.0644, 0.0 ], [ 110.34178574500001, -7.064791557999978, 0.0 ], [ 110.341695365000078, -7.065175547999953, 0.0 ], [ 110.341549513000089, -7.06532543399992, 0.0 ], [ 110.34134, -7.0658, 0.0 ], [ 110.341324212000103, -7.066144941999958, 0.0 ], [ 110.341861455000057, -7.067157397999974, 0.0 ], [ 110.342754712000072, -7.068239213999956, 0.0 ], [ 110.342768817000078, -7.068429496999979, 0.0 ], [ 110.342210000000122, -7.06977, 0.0 ], [ 110.34193, -7.06982, 0.0 ], [ 110.34099, -7.06951, 0.0 ], [ 110.34087, -7.06955, 0.0 ], [ 110.34078, -7.06971, 0.0 ], [ 110.341125980000044, -7.070072566999947, 0.0 ], [ 110.341935293000034, -7.070423099, 0.0 ], [ 110.34214442000011, -7.070773406999937, 0.0 ], [ 110.34215, -7.07113, 0.0 ], [ 110.342284177000039, -7.071494050999966, 0.0 ], [ 110.342994937000043, -7.072013118000015, 0.0 ], [ 110.343406361000078, -7.072463629999987, 0.0 ], [ 110.343697657000106, -7.073158084999893, 0.0 ], [ 110.343920000000111, -7.07402, 0.0 ], [ 110.344640001000087, -7.07549, 0.0 ], [ 110.345010001000063, -7.07658, 0.0 ], [ 110.345351627000085, -7.076726171999976, 0.0 ], [ 110.345826840000058, -7.076690235999934, 0.0 ], [ 110.34592856200004, -7.076759183999954, 0.0 ], [ 110.34594, -7.07714, 0.0 ], [ 110.34569, -7.077749998999955, 0.0 ], [ 110.345050001000089, -7.078679998999988, 0.0 ], [ 110.34503, -7.07952, 0.0 ], [ 110.34514, -7.079899998999945, 0.0 ], [ 110.34523, -7.07998, 0.0 ], [ 110.3457200000001, -7.079999998999959, 0.0 ], [ 110.346230001000023, -7.07984, 0.0 ], [ 110.34663, -7.08012, 0.0 ], [ 110.34672, -7.080489998999912, 0.0 ], [ 110.34663, -7.08087, 0.0 ], [ 110.346170000000114, -7.081979998999916, 0.0 ], [ 110.346009999000032, -7.082199998999911, 0.0 ], [ 110.34701, -7.082529998999949, 0.0 ], [ 110.34711, -7.082609998999907, 0.0 ], [ 110.347200000000171, -7.08294, 0.0 ], [ 110.34713, -7.08315, 0.0 ], [ 110.346670000000188, -7.083699998999943, 0.0 ], [ 110.346909999000061, -7.084029999999892, 0.0 ], [ 110.346970000000141, -7.08426, 0.0 ], [ 110.346909999000061, -7.08436, 0.0 ], [ 110.34652, -7.084489998999938, 0.0 ], [ 110.34646, -7.08459, 0.0 ], [ 110.3465068040001, -7.084978363999934, 0.0 ], [ 110.346103504000041, -7.084931898, 0.0 ], [ 110.346190834000069, -7.085363087999969, 0.0 ], [ 110.34601285800008, -7.085625776999944, 0.0 ], [ 110.345999383000034, -7.085848043999949, 0.0 ], [ 110.345732529000074, -7.08623259799997, 0.0 ], [ 110.345705089565442, -7.086810583572706, 0.0 ], [ 110.345533803000066, -7.086994170999922, 0.0 ], [ 110.345432271, -7.08730843, 0.0 ], [ 110.345184780000054, -7.087525750999941, 0.0 ], [ 110.345093139000099, -7.08783562, 0.0 ], [ 110.344382237000076, -7.088163667999964, 0.0 ], [ 110.344055487000048, -7.088126481999907, 0.0 ], [ 110.343724108000075, -7.087928668999972, 0.0 ], [ 110.343455431000052, -7.088014568999974, 0.0 ], [ 110.343422904000107, -7.088426162999923, 0.0 ], [ 110.342807638000096, -7.089056183999915, 0.0 ], [ 110.342753706000067, -7.089535686999977, 0.0 ], [ 110.342603014000034, -7.089927966999927, 0.0 ], [ 110.342391648000046, -7.089882459999981, 0.0 ], [ 110.342840220000127, -7.090770657999929, 0.0 ], [ 110.34322080700008, -7.091295717999941, 0.0 ], [ 110.343693785000056, -7.091432003999937, 0.0 ], [ 110.343759658891813, -7.091512943481099, 0.0 ], [ 110.343798705652304, -7.091637781047606, 0.0 ], [ 110.343693136000084, -7.091890709999966, 0.0 ], [ 110.343748877000081, -7.092004467999963, 0.0 ], [ 110.344044803000045, -7.092089755, 0.0 ], [ 110.344400765000017, -7.092456388999963, 0.0 ], [ 110.34432239600001, -7.092905459999905, 0.0 ], [ 110.344063421000087, -7.093065920999948, 0.0 ], [ 110.343515899000082, -7.09315050699993, 0.0 ], [ 110.343559104000093, -7.093657139999927, 0.0 ], [ 110.343432437, -7.094283195999946, 0.0 ], [ 110.343575510000036, -7.09447860799995, 0.0 ], [ 110.344057061000086, -7.09474292499997, 0.0 ], [ 110.344085615000054, -7.094881773999912, 0.0 ], [ 110.343919113000041, -7.095233826, 0.0 ], [ 110.344281105000064, -7.095414468999934, 0.0 ], [ 110.344387578000081, -7.095796741999944, 0.0 ], [ 110.344353711000025, -7.096026446999943, 0.0 ], [ 110.344732151000073, -7.096368705999929, 0.0 ], [ 110.344729072000092, -7.096738858, 0.0 ], [ 110.345038023000072, -7.097296484999955, 0.0 ], [ 110.345124662000046, -7.097608622999935, 0.0 ], [ 110.345108893000074, -7.097916851999948, 0.0 ], [ 110.345322545000073, -7.097956402999934, 0.0 ], [ 110.345291465000088, -7.098090699999943, 0.0 ], [ 110.345603723000067, -7.098361737999898, 0.0 ], [ 110.345826, -7.098786709999978, 0.0 ], [ 110.345812897000059, -7.099016443999979, 0.0 ], [ 110.345387362000025, -7.099241496999948, 0.0 ], [ 110.345026321, -7.09959480399996, 0.0 ], [ 110.345071295000068, -7.099682891999965, 0.0 ], [ 110.344781181000045, -7.099930269999916, 0.0 ], [ 110.345128877000036, -7.101091590999904, 0.0 ], [ 110.34435755300008, -7.101447453999949, 0.0 ], [ 110.344313343000067, -7.101575004999933, 0.0 ], [ 110.343879172000115, -7.101557801999931, 0.0 ], [ 110.343712609000093, -7.102126016999961, 0.0 ], [ 110.343616029000103, -7.102074537999965, 0.0 ], [ 110.343627435000073, -7.10193576799994, 0.0 ], [ 110.343556830000082, -7.101884911999907, 0.0 ], [ 110.34306460700013, -7.101561632999982, 0.0 ], [ 110.342888535000043, -7.101534626999968, 0.0 ], [ 110.342709772000077, -7.102032197999925, 0.0 ], [ 110.342597745000049, -7.102061085999917, 0.0 ], [ 110.34256691700007, -7.102257686999931, 0.0 ], [ 110.342303537000035, -7.10249156, 0.0 ], [ 110.341836803000064, -7.102329348, 0.0 ], [ 110.341670312000048, -7.102441967, 0.0 ], [ 110.341440167000101, -7.102389976999952, 0.0 ], [ 110.341157337000055, -7.102521549999913, 0.0 ], [ 110.340972027000092, -7.102302068999961, 0.0 ], [ 110.340883435000052, -7.102296119999913, 0.0 ], [ 110.340712097000079, -7.102659071999923, 0.0 ], [ 110.340574683000085, -7.102473275, 0.0 ], [ 110.339928163000053, -7.102619736999955, 0.0 ], [ 110.33941001000008, -7.102813769999933, 0.0 ], [ 110.33914061600008, -7.103001284, 0.0 ], [ 110.339031102, -7.103027246999922, 0.0 ], [ 110.338918347000075, -7.102938069999915, 0.0 ], [ 110.338849360000054, -7.103340688999921, 0.0 ], [ 110.338364049000049, -7.103597298999926, 0.0 ], [ 110.338288819000041, -7.103753267999952, 0.0 ], [ 110.338189670000091, -7.103667131999931, 0.0 ], [ 110.338199841000048, -7.103572736999936, 0.0 ], [ 110.338481363000071, -7.103343473999885, 0.0 ], [ 110.338128306000087, -7.103278122999896, 0.0 ], [ 110.337907585000025, -7.103713604999957, 0.0 ], [ 110.337924060000063, -7.104228168999988, 0.0 ], [ 110.337210848000026, -7.104043350999973, 0.0 ], [ 110.337244100000106, -7.103672896999964, 0.0 ], [ 110.337035047000128, -7.103274502999952, 0.0 ], [ 110.33672533700009, -7.104035597999953, 0.0 ], [ 110.336556521000063, -7.104163602999975, 0.0 ], [ 110.33635648400012, -7.104189264999967, 0.0 ], [ 110.336151277000013, -7.10407408799994, 0.0 ], [ 110.335945947000084, -7.103770382999947, 0.0 ], [ 110.335490977000092, -7.103920262, 0.0 ], [ 110.335298135000031, -7.103578361999958, 0.0 ], [ 110.335301042000097, -7.103155998, 0.0 ], [ 110.334881290000098, -7.102997039999909, 0.0 ], [ 110.333984573000066, -7.103042142999911, 0.0 ], [ 110.333954265000045, -7.10271532799996, 0.0 ], [ 110.333663577000067, -7.10232138199996, 0.0 ], [ 110.333801272000088, -7.10190009699992, 0.0 ], [ 110.333366240000061, -7.10195521199995, 0.0 ], [ 110.333341242000031, -7.101858057, 0.0 ], [ 110.333171623000041, -7.101868791999905, 0.0 ], [ 110.332926607000019, -7.101574576999987, 0.0 ], [ 110.332801856000088, -7.101540182999983, 0.0 ], [ 110.332920377000036, -7.101228191999926, 0.0 ], [ 110.332913603000094, -7.100792396999928, 0.0 ], [ 110.332539407000041, -7.10039870299995, 0.0 ], [ 110.332492708000089, -7.100146977, 0.0 ], [ 110.332559833000047, -7.099733551999982, 0.0 ], [ 110.332203455000041, -7.0992752619999, 0.0 ], [ 110.332187857000079, -7.098996786999951, 0.0 ], [ 110.331988107000072, -7.098989079999935, 0.0 ], [ 110.330939392000076, -7.099504486999948, 0.0 ], [ 110.33066593300002, -7.100224962999963, 0.0 ], [ 110.330805513000101, -7.100759997999912, 0.0 ], [ 110.330774557000026, -7.100964712999975, 0.0 ], [ 110.330121352000077, -7.10121214199993, 0.0 ], [ 110.329781246, -7.101072651999935, 0.0 ], [ 110.329359335000092, -7.101707807, 0.0 ], [ 110.329000519000061, -7.10262062499994, 0.0 ], [ 110.328823487000065, -7.102717706999979, 0.0 ], [ 110.328435159, -7.102573036, 0.0 ], [ 110.328301909000075, -7.102650962999963, 0.0 ], [ 110.328334318000103, -7.103141058999924, 0.0 ], [ 110.327355383000011, -7.102810997999971, 0.0 ], [ 110.32703772500011, -7.102549256999986, 0.0 ], [ 110.326969910000088, -7.102310120999917, 0.0 ], [ 110.326589394000052, -7.102031228999934, 0.0 ], [ 110.325499778000051, -7.101817527999927, 0.0 ], [ 110.325090511000028, -7.101635497999965, 0.0 ], [ 110.323870147000036, -7.101947470999932, 0.0 ], [ 110.322545977000075, -7.101929625999965, 0.0 ], [ 110.322384529000033, -7.101847944999957, 0.0 ], [ 110.322150577000045, -7.10200697699997, 0.0 ], [ 110.322147597000068, -7.102108149999903, 0.0 ], [ 110.321360714000065, -7.10193696199995, 0.0 ], [ 110.321010120000011, -7.102101357999963, 0.0 ], [ 110.321082182000012, -7.102793522999946, 0.0 ], [ 110.320631037000084, -7.102736415999928, 0.0 ], [ 110.320561546000107, -7.102950007999926, 0.0 ], [ 110.32035148600005, -7.103118847999951, 0.0 ], [ 110.32018878000008, -7.103871933999912, 0.0 ], [ 110.319881206000034, -7.103830972999987, 0.0 ], [ 110.318950726000054, -7.105294748999953, 0.0 ], [ 110.318781233000067, -7.105201650999977, 0.0 ], [ 110.318183287000053, -7.105909315999909, 0.0 ], [ 110.317600507000066, -7.105818059999908, 0.0 ], [ 110.317535785000047, -7.106052199, 0.0 ], [ 110.317581392000079, -7.106286634999954, 0.0 ], [ 110.317211623000048, -7.106349452999911, 0.0 ], [ 110.317204485000076, -7.106089616, 0.0 ], [ 110.316966242000078, -7.105697718999988, 0.0 ], [ 110.31690437600011, -7.105046935999965, 0.0 ], [ 110.316671188, -7.104870855999962, 0.0 ], [ 110.316081082000025, -7.104720949999905, 0.0 ], [ 110.31589786400005, -7.104880373999951, 0.0 ], [ 110.315778890000075, -7.105282502999916, 0.0 ], [ 110.314851373000067, -7.105164041999974, 0.0 ], [ 110.314853280000051, -7.105237293, 0.0 ], [ 110.314236663000102, -7.105469704999951, 0.0 ], [ 110.314233669000117, -7.105539008999912, 0.0 ], [ 110.313745403000041, -7.10554029999993, 0.0 ], [ 110.313765915980426, -7.105679006900385, 0.0 ], [ 110.313535535000085, -7.10578028599998, 0.0 ], [ 110.313272648000094, -7.105813928999922, 0.0 ], [ 110.313000819773052, -7.105628279444726, 0.0 ], [ 110.312586738930904, -7.105081593278346, 0.0 ], [ 110.312666311950906, -7.104928130025307, 0.0 ], [ 110.312481527437882, -7.104657492325945, 0.0 ], [ 110.312503660000061, -7.104403352999917, 0.0 ], [ 110.311764203680866, -7.103414049587126, 0.0 ], [ 110.311877299422875, -7.102939753984867, 0.0 ], [ 110.311781910811916, -7.10274335308177, 0.0 ], [ 110.311807971986113, -7.102530945504466, 0.0 ], [ 110.311677270773941, -7.102313716230697, 0.0 ], [ 110.311186485416528, -7.102213153995002, 0.0 ], [ 110.311053502116238, -7.10207175596998, 0.0 ], [ 110.311030178000095, -7.101964643999931, 0.0 ], [ 110.311248852000062, -7.101416771999897, 0.0 ], [ 110.311164618000106, -7.101154080999923, 0.0 ], [ 110.31137020400007, -7.100858549999984, 0.0 ], [ 110.310935407074766, -7.100702256208208, 0.0 ], [ 110.310967361000039, -7.100643288999937, 0.0 ], [ 110.310685433866766, -7.100460711333618, 0.0 ], [ 110.310546468125622, -7.100247797719678, 0.0 ], [ 110.310419684511444, -7.100293762895522, 0.0 ], [ 110.310198607000117, -7.100214272999967, 0.0 ], [ 110.310049092031178, -7.100274395094203, 0.0 ], [ 110.309767639416194, -7.100753312394332, 0.0 ], [ 110.309760320095933, -7.100886380259237, 0.0 ], [ 110.309569239, -7.101002515999905, 0.0 ], [ 110.309315589000065, -7.101658533, 0.0 ], [ 110.309190715000042, -7.101767037999924, 0.0 ], [ 110.308984661995339, -7.101491383031739, 0.0 ], [ 110.308284302678132, -7.101194518481996, 0.0 ], [ 110.30772876500005, -7.101135846000012, 0.0 ], [ 110.307150281818508, -7.100899935687394, 0.0 ], [ 110.306823908000055, -7.101068148, 0.0 ], [ 110.306795813854194, -7.100989290976518, 0.0 ], [ 110.306713732978764, -7.101000832689259, 0.0 ], [ 110.306598949, -7.101282771999912, 0.0 ], [ 110.305541873000024, -7.101070642999947, 0.0 ], [ 110.305645975000019, -7.100704800999964, 0.0 ], [ 110.305458592000065, -7.100222959999975, 0.0 ], [ 110.305476438000113, -7.099860091999972, 0.0 ], [ 110.305515104000023, -7.099512095999955, 0.0 ], [ 110.3057114100001, -7.099244406999922, 0.0 ], [ 110.305732230000046, -7.099095689999963, 0.0 ], [ 110.305437772000019, -7.098604925999947, 0.0 ], [ 110.3052057740001, -7.098477029999934, 0.0 ], [ 110.304631729000036, -7.098497850999969, 0.0 ], [ 110.304478608549758, -7.098259131152791, 0.0 ], [ 110.304352513079337, -7.097878970947608, 0.0 ], [ 110.304471406885426, -7.097709937328506, 0.0 ], [ 110.304474650432198, -7.097412020638522, 0.0 ], [ 110.304313247007883, -7.09730309797288, 0.0 ], [ 110.304316481318835, -7.097171758175175, 0.0 ], [ 110.304109897432838, -7.096784134349694, 0.0 ], [ 110.304195268585289, -7.09663430158572, 0.0 ], [ 110.304266256514964, -7.095822061375607, 0.0 ], [ 110.304070547000052, -7.095450587, 0.0 ], [ 110.304096483000066, -7.095112585, 0.0 ], [ 110.303935869000014, -7.094438959999955, 0.0 ], [ 110.3039679930001, -7.09417008, 0.0 ], [ 110.304104812000048, -7.094002327999888, 0.0 ], [ 110.304818009000087, -7.09391561, 0.0 ], [ 110.304596012, -7.092591426999945, 0.0 ], [ 110.304666972000106, -7.091944471999973, 0.0 ], [ 110.305130200000065, -7.091948706999968, 0.0 ], [ 110.305054534000107, -7.091239152999968, 0.0 ], [ 110.305426824000094, -7.09050922899997, 0.0 ], [ 110.305361864000048, -7.090168013999982, 0.0 ], [ 110.305296191000124, -7.090058082999946, 0.0 ], [ 110.305196254000023, -7.090058796999916, 0.0 ], [ 110.305121896000088, -7.089885095999932, 0.0 ], [ 110.305174244000071, -7.089364588999942, 0.0 ], [ 110.305026718000121, -7.089106417999986, 0.0 ], [ 110.305031476000067, -7.088973167999974, 0.0 ], [ 110.304786243000123, -7.088754574999918, 0.0 ], [ 110.304611065000103, -7.088401747999946, 0.0 ], [ 110.304841873000015, -7.088067432999907, 0.0 ], [ 110.304951328000101, -7.087620093999931, 0.0 ], [ 110.304803801000062, -7.087049023999931, 0.0 ], [ 110.304694346000062, -7.086935998999905, 0.0 ], [ 110.304624152000116, -7.086155536999989, 0.0 ], [ 110.30440524100004, -7.085790288999966, 0.0 ], [ 110.304258905000012, -7.08563324499994, 0.0 ], [ 110.30416729600006, -7.08563443499995, 0.0 ], [ 110.303812756000042, -7.085157351999911, 0.0 ], [ 110.303122712000061, -7.084878954999969, 0.0 ], [ 110.303028723000097, -7.084922975999969, 0.0 ], [ 110.30304181000011, -7.085002686999903, 0.0 ], [ 110.302943063000029, -7.08496818499998, 0.0 ], [ 110.302846695000042, -7.085072881999938, 0.0 ], [ 110.302859782000056, -7.084563676999906, 0.0 ], [ 110.303054897000038, -7.084253156999971, 0.0 ], [ 110.302768173000032, -7.084253156999971, 0.0 ], [ 110.302590903000109, -7.084385216999973, 0.0 ], [ 110.302380796000037, -7.084276415999941, 0.0 ], [ 110.302211378000052, -7.084302113999936, 0.0 ], [ 110.302123815000101, -7.084537205999936, 0.0 ], [ 110.301992468000066, -7.084635238999965, 0.0 ], [ 110.301903952000117, -7.084541011999896, 0.0 ], [ 110.301680283000081, -7.084511506999942, 0.0 ], [ 110.301694560000016, -7.084334475999949, 0.0 ], [ 110.301591767000033, -7.084317342999952, 0.0 ], [ 110.301296714000046, -7.08385858299992, 0.0 ], [ 110.301303822273937, -7.083752941128314, 0.0 ], [ 110.301426157, -7.083662514999951, 0.0 ], [ 110.301457565000035, -7.083722477999938, 0.0 ], [ 110.301774510000058, -7.083609214999981, 0.0 ], [ 110.301565831000019, -7.083074549999974, 0.0 ], [ 110.301651491000101, -7.082935589999934, 0.0 ], [ 110.302064566000084, -7.08276998, 0.0 ], [ 110.302028399000022, -7.082709064999932, 0.0 ], [ 110.302154034000111, -7.082627212, 0.0 ], [ 110.302409112000078, -7.082143705999961, 0.0 ], [ 110.302578530000062, -7.081593574999918, 0.0 ], [ 110.302845029000082, -7.081309941999987, 0.0 ], [ 110.302818778917882, -7.081161716852009, 0.0 ], [ 110.302475282000046, -7.080921202999974, 0.0 ], [ 110.30169600800005, -7.080439361999897, 0.0 ], [ 110.301202270000047, -7.08027874899993, 0.0 ], [ 110.301044631000067, -7.079796907999942, 0.0 ], [ 110.301098169000056, -7.079499474999935, 0.0 ], [ 110.3015978560001, -7.079151478999918, 0.0 ], [ 110.302430667000081, -7.079199067999948, 0.0 ], [ 110.30307312100004, -7.079356706999935, 0.0 ], [ 110.303331888000045, -7.079258554999985, 0.0 ], [ 110.302963071000079, -7.077515599000012, 0.0 ], [ 110.30290953300009, -7.076602480999956, 0.0 ], [ 110.302683485000045, -7.076290176999962, 0.0 ], [ 110.302365232000085, -7.076257459, 0.0 ], [ 110.302064825000102, -7.076090897, 0.0 ], [ 110.301957749000039, -7.074907115000013, 0.0 ], [ 110.301838776000054, -7.074698912000017, 0.0 ], [ 110.301636522000095, -7.074651322999987, 0.0 ], [ 110.301575013000075, -7.074515693999956, 0.0 ], [ 110.301507317000073, -7.073969488999971, 0.0 ], [ 110.30195049200006, -7.072764886999956, 0.0 ], [ 110.301911825000047, -7.07265186199993, 0.0 ], [ 110.301840442000099, -7.072568580999967, 0.0 ], [ 110.301513266000114, -7.072532888999945, 0.0 ], [ 110.3009838360001, -7.072642938999902, 0.0 ], [ 110.300888657000129, -7.072616169999907, 0.0 ], [ 110.3007595750001, -7.072369770999948, 0.0 ], [ 110.300742915000058, -7.072241404999986, 0.0 ], [ 110.300951118000057, -7.071709000999899, 0.0 ], [ 110.300965871000031, -7.071173145999971, 0.0 ], [ 110.300882590000072, -7.070872738999984, 0.0 ], [ 110.300692233000035, -7.070694279999962, 0.0 ], [ 110.300629772000022, -7.070432538999977, 0.0 ], [ 110.300772540000111, -7.06987723199995, 0.0 ], [ 110.301379302000043, -7.068923067999961, 0.0 ], [ 110.301429271000089, -7.068491195999933, 0.0 ], [ 110.301360088000052, -7.068211371999961, 0.0 ], [ 110.301245874000102, -7.068047188999966, 0.0 ], [ 110.300364284000082, -7.067736668999942, 0.0 ], [ 110.299661153000088, -7.067779498999933, 0.0 ], [ 110.299243557000082, -7.067579624999915, 0.0 ], [ 110.299393463000044, -7.06670160399992, 0.0 ], [ 110.300093025000109, -7.065605861999941, 0.0 ], [ 110.300731910000124, -7.065070482999964, 0.0 ], [ 110.300856832000065, -7.064763532999969, 0.0 ], [ 110.300810432000048, -7.064631471999967, 0.0 ], [ 110.30021794700005, -7.064163907999916, 0.0 ], [ 110.29983604300007, -7.063985448999983, 0.0 ], [ 110.299546939000052, -7.063628529999939, 0.0 ], [ 110.298768855000063, -7.061940301999964, 0.0 ], [ 110.298522581000029, -7.06159409, 0.0 ], [ 110.298319137000064, -7.061447753999978, 0.0 ], [ 110.298112124000085, -7.061419199999925, 0.0 ], [ 110.297441116000073, -7.061515567999905, 0.0 ], [ 110.297155580000066, -7.061294277999892, 0.0 ], [ 110.297044935000059, -7.06110868, 0.0 ], [ 110.29704136600013, -7.060858836999923, 0.0 ], [ 110.296873614, -7.060337734999973, 0.0 ], [ 110.296820076000117, -7.059670296, 0.0 ], [ 110.296613063000038, -7.0592634079999, 0.0 ], [ 110.296049131000089, -7.059382975999934, 0.0 ], [ 110.295353139000056, -7.059318730999948, 0.0 ], [ 110.294021830000048, -7.057766133, 0.0 ], [ 110.293943308000024, -7.057519857999967, 0.0 ], [ 110.293993277000084, -7.056963063999905, 0.0 ], [ 110.293814817000055, -7.056449100999924, 0.0 ], [ 110.293654204000092, -7.056327747999919, 0.0 ], [ 110.292244373000059, -7.055813784999938, 0.0 ], [ 110.292019514000103, -7.055588925999896, 0.0 ], [ 110.291864371000059, -7.055184755999939, 0.0 ], [ 110.292001668000054, -7.054800133999912, 0.0 ], [ 110.292148005000072, -7.054600259999983, 0.0 ], [ 110.292904673000066, -7.054007773999988, 0.0 ], [ 110.293161655000105, -7.053922112999917, 0.0 ], [ 110.29330085400008, -7.053786483999975, 0.0 ], [ 110.293693465000047, -7.053850728999961, 0.0 ], [ 110.294121768000053, -7.054486045999948, 0.0 ], [ 110.294475118000065, -7.054271894, 0.0 ], [ 110.294382319000121, -7.053786483999975, 0.0 ], [ 110.293004611000072, -7.052162501999899, 0.0 ], [ 110.292533477000092, -7.051991180999934, 0.0 ], [ 110.290820265, -7.052083979999974, 0.0 ], [ 110.290381255000085, -7.051723491, 0.0 ], [ 110.290024336000045, -7.051587861999959, 0.0 ], [ 110.289249821000084, -7.05097039199994, 0.0 ], [ 110.287497348000045, -7.050456427999958, 0.0 ], [ 110.287298428000014, -7.050751667999961, 0.0 ], [ 110.287029784000083, -7.05097039199994, 0.0 ], [ 110.286637173000102, -7.051705644999934, 0.0 ], [ 110.286023272000108, -7.052180347999954, 0.0 ], [ 110.285784136000046, -7.052158932999959, 0.0 ], [ 110.284142308000085, -7.050824055, 0.0 ], [ 110.284070924000048, -7.05058848799996, 0.0 ], [ 110.283264287000094, -7.049653359999947, 0.0 ], [ 110.283092966000126, -7.04940351699997, 0.0 ], [ 110.283092966000126, -7.049139396999966, 0.0 ], [ 110.282975183000062, -7.048850291999937, 0.0 ], [ 110.282416038000079, -7.048184029999966, 0.0 ], [ 110.282386389000109, -7.047732461999907, 0.0 ], [ 110.28126357100011, -7.046763872999968, 0.0 ], [ 110.281201294000113, -7.04651247199995, 0.0 ], [ 110.281326216000053, -7.045912847999986, 0.0 ], [ 110.281237106000049, -7.045541955999941, 0.0 ], [ 110.281066513000056, -7.045355021999928, 0.0 ], [ 110.280286252000067, -7.044911872999943, 0.0 ], [ 110.280119622687494, -7.044614365972663, 0.0 ], [ 110.279868113000106, -7.043695469999928, 0.0 ], [ 110.279614961000036, -7.043194097000011, 0.0 ], [ 110.279174652000023, -7.042891871999963, 0.0 ], [ 110.278085510000054, -7.041845149999954, 0.0 ], [ 110.277429556000044, -7.040763501999987, 0.0 ], [ 110.277372748000062, -7.040734226999962, 0.0 ], [ 110.277309638000077, -7.040857575999954, 0.0 ], [ 110.277083589000114, -7.042091920999944, 0.0 ], [ 110.276780208000062, -7.042386378999971, 0.0 ], [ 110.276247804000064, -7.042636222999949, 0.0 ], [ 110.275495458000066, -7.042188518999943, 0.0 ], [ 110.275087904000102, -7.042383642999923, 0.0 ], [ 110.274870051000022, -7.042191208999988, 0.0 ], [ 110.274320762000045, -7.042025516999956, 0.0 ], [ 110.27383901400006, -7.041672566999974, 0.0 ], [ 110.273685393000051, -7.041357619999939, 0.0 ], [ 110.273171109000131, -7.040875782999951, 0.0 ], [ 110.273022138000059, -7.04090785999994, 0.0 ], [ 110.272988026000078, -7.040764212999957, 0.0 ], [ 110.272820090000039, -7.040668621999952, 0.0 ], [ 110.272615374000068, -7.040798428999945, 0.0 ], [ 110.271918355000039, -7.040488214999947, 0.0 ], [ 110.27228545500013, -7.039962215999946, 0.0 ], [ 110.272201698000032, -7.039762341999928, 0.0 ], [ 110.27227213, -7.039602441999932, 0.0 ], [ 110.272106520000065, -7.039438734999976, 0.0 ], [ 110.272114134000077, -7.039299773999936, 0.0 ], [ 110.272287359000103, -7.038703956999932, 0.0 ], [ 110.272635593000061, -7.038272560999943, 0.0 ], [ 110.272590978000011, -7.037963230999928, 0.0 ], [ 110.27275287100008, -7.037755231999949, 0.0 ], [ 110.272760217000069, -7.037628024, 0.0 ], [ 110.272677234000042, -7.037302930999918, 0.0 ], [ 110.272473445000045, -7.037081491999981, 0.0 ], [ 110.272614773000015, -7.036725910999959, 0.0 ], [ 110.272165649000073, -7.036523657000011, 0.0 ], [ 110.271981241000091, -7.036318428999905, 0.0 ], [ 110.271701655000058, -7.036226224999915, 0.0 ], [ 110.27130819300001, -7.035282402999982, 0.0 ], [ 110.271512827000066, -7.035025420999947, 0.0 ], [ 110.271943510000085, -7.034970693999949, 0.0 ], [ 110.272661418000055, -7.035102661999943, 0.0 ], [ 110.27354900900005, -7.035573062999962, 0.0 ], [ 110.273927343000082, -7.035451709999958, 0.0 ], [ 110.274028527000027, -7.035326717, 0.0 ], [ 110.27416290900004, -7.034759286999954, 0.0 ], [ 110.274070111000086, -7.03425959999991, 0.0 ], [ 110.273677499000115, -7.033674252999973, 0.0 ], [ 110.273506178000062, -7.033538622999941, 0.0 ], [ 110.273356272000086, -7.033481515999924, 0.0 ], [ 110.273070737000083, -7.033531484999973, 0.0 ], [ 110.272425546000079, -7.033835222999969, 0.0 ], [ 110.272111457000037, -7.033899468999955, 0.0 ], [ 110.271786661000064, -7.03378525499992, 0.0 ], [ 110.271598271000116, -7.033522672999954, 0.0 ], [ 110.271718846000056, -7.033082124, 0.0 ], [ 110.271825922000033, -7.032960771, 0.0 ], [ 110.272104319000064, -7.032917940999923, 0.0 ], [ 110.272157857000053, -7.032807295999916, 0.0 ], [ 110.271606221000056, -7.031544269999952, 0.0 ], [ 110.27130284, -7.030372384999978, 0.0 ], [ 110.27139801800007, -7.030182028999949, 0.0 ], [ 110.271766835000022, -7.029908390999957, 0.0 ], [ 110.272397392000059, -7.02998572299996, 0.0 ], [ 110.271980986000074, -7.028563994999921, 0.0 ], [ 110.271856064000033, -7.027290982999929, 0.0 ], [ 110.271949999718004, -7.027039999291002, 0.0 ], [ 110.272241939000082, -7.026525730999939, 0.0 ], [ 110.272846297000086, -7.026579269999928, 0.0 ], [ 110.275082395000084, -7.0271414179999, 0.0 ], [ 110.277671040000044, -7.028112150999927, 0.0 ], [ 110.278695131000049, -7.026172263, 0.0 ], [ 110.278695131000049, -7.025943834999932, 0.0 ], [ 110.277967016000019, -7.024616095999942, 0.0 ], [ 110.277481606, -7.023188418999943, 0.0 ], [ 110.276610723000061, -7.022089107999935, 0.0 ], [ 110.276153867000104, -7.021675081999962, 0.0 ], [ 110.275711287000078, -7.020889859999919, 0.0 ], [ 110.273508111877561, -7.015865072165301, 0.0 ], [ 110.273356612000029, -7.015302068999969, 0.0 ], [ 110.273377432000061, -7.01496299599998, 0.0 ], [ 110.273559999872177, -7.014399999713145, 0.0 ], [ 110.275221641000059, -7.011491230999962, 0.0 ], [ 110.275339999571273, -7.011579999802137, 0.0 ], [ 110.275390000213477, -7.011989999671215, 0.0 ], [ 110.275489999574631, -7.012119999436567, 0.0 ] ] ] ] } },
{ "type": "Feature", "properties": { "fid": 8, "WADMKC": "Ngaliyan", "LUAS": 44.841473295199997, "LUAS_HA": 4484.1473295200003, "Label": "Kecamatan Ngaliyan", "Labl_Inset": "Kec. Ngaliyan", "Total_Pend": 144455, "Link_peta": "https://drive.google.com/uc?export=download&id=16xjZDMVZz1YHYTzpWMNkHzBjZG_ziXt5" }, "geometry": { "type": "MultiPolygon", "coordinates": [ [ [ [ 110.285629058, -6.968431182999907, 0.0 ], [ 110.28794, -6.96881, 0.0 ], [ 110.289130000000128, -6.969329998999935, 0.0 ], [ 110.29268, -6.97148, 0.0 ], [ 110.294410000000184, -6.97231, 0.0 ], [ 110.29633, -6.972969998999929, 0.0 ], [ 110.2985, -6.973539998999929, 0.0 ], [ 110.299350000000189, -6.973619999999887, 0.0 ], [ 110.30116, -6.97359, 0.0 ], [ 110.30522, -6.97298, 0.0 ], [ 110.30828, -6.972649999999831, 0.0 ], [ 110.31281, -6.97246, 0.0 ], [ 110.31319, -6.97263, 0.0 ], [ 110.31383000000011, -6.97309, 0.0 ], [ 110.314530000000119, -6.97394, 0.0 ], [ 110.314900000000179, -6.974249998999966, 0.0 ], [ 110.31547, -6.97458, 0.0 ], [ 110.31665, -6.975059998999839, 0.0 ], [ 110.31767, -6.975329998999975, 0.0 ], [ 110.32021, -6.975739998999881, 0.0 ], [ 110.32275, -6.976, 0.0 ], [ 110.32626, -6.976009998999928, 0.0 ], [ 110.329350000000119, -6.976269998999946, 0.0 ], [ 110.330110000000118, -6.976409999999895, 0.0 ], [ 110.33062, -6.97667, 0.0 ], [ 110.333250001000039, -6.97919, 0.0 ], [ 110.33646, -6.98308, 0.0 ], [ 110.337580000000102, -6.98428, 0.0 ], [ 110.33868, -6.984929998999984, 0.0 ], [ 110.34171, -6.985909998999979, 0.0 ], [ 110.3424, -6.98603, 0.0 ], [ 110.34409, -6.98594, 0.0 ], [ 110.34522, -6.98578, 0.0 ], [ 110.34641, -6.98573, 0.0 ], [ 110.34759000000011, -6.98547, 0.0 ], [ 110.34828, -6.98518, 0.0 ], [ 110.34883000000012, -6.984819998999942, 0.0 ], [ 110.34922, -6.984419998999975, 0.0 ], [ 110.350380000000115, -6.9827, 0.0 ], [ 110.35094, -6.982399998999906, 0.0 ], [ 110.35132, -6.98239, 0.0 ], [ 110.353250001000077, -6.98284, 0.0 ], [ 110.35618, -6.98417, 0.0 ], [ 110.356740000000102, -6.984539998999956, 0.0 ], [ 110.35719, -6.98503, 0.0 ], [ 110.35767, -6.98589, 0.0 ], [ 110.35786, -6.98609, 0.0 ], [ 110.35809, -6.98619, 0.0 ], [ 110.36018, -6.98659, 0.0 ], [ 110.36206, -6.98678, 0.0 ], [ 110.363096494000061, -6.987024111999968, 0.0 ], [ 110.363124540000072, -6.986909094999955, 0.0 ], [ 110.365172860000087, -6.987587799999979, 0.0 ], [ 110.366428893, -6.987851807999974, 0.0 ], [ 110.367001777000056, -6.987852576999948, 0.0 ], [ 110.368270583000054, -6.987664325999916, 0.0 ], [ 110.368677562000073, -6.989021685999958, 0.0 ], [ 110.369255326000086, -6.991926043000014, 0.0 ], [ 110.369246013000037, -6.992541119999924, 0.0 ], [ 110.369101720000089, -6.993391197999916, 0.0 ], [ 110.368638363000031, -6.994828799999937, 0.0 ], [ 110.368661342000067, -6.995624828999986, 0.0 ], [ 110.369289506000072, -6.997235756999959, 0.0 ], [ 110.370426950000038, -6.998612185999981, 0.0 ], [ 110.370655884000072, -6.9989924, 0.0 ], [ 110.370854316000049, -6.999544436999933, 0.0 ], [ 110.371161716000088, -7.001118752999986, 0.0 ], [ 110.371401809000062, -7.001616571999964, 0.0 ], [ 110.371764443000046, -7.002087418999931, 0.0 ], [ 110.37235858600009, -7.002495256999925, 0.0 ], [ 110.374603182000087, -7.003192635999895, 0.0 ], [ 110.375311711000094, -7.003566927999955, 0.0 ], [ 110.376832911000093, -7.005263386999989, 0.0 ], [ 110.378679653000049, -7.007142160999919, 0.0 ], [ 110.379837194000075, -7.008522217999975, 0.0 ], [ 110.382181309000046, -7.011081326999975, 0.0 ], [ 110.387582088000073, -7.015023869999954, 0.0 ], [ 110.38754437200005, -7.01546584699993, 0.0 ], [ 110.387743522, -7.016532323999975, 0.0 ], [ 110.387416086000101, -7.017520940999972, 0.0 ], [ 110.385158099000051, -7.017533771999968, 0.0 ], [ 110.383888330000062, -7.017675703999899, 0.0 ], [ 110.383456489000039, -7.018177725999958, 0.0 ], [ 110.383457895000063, -7.018891243999931, 0.0 ], [ 110.383095068000074, -7.01962344799994, 0.0 ], [ 110.383035418000105, -7.020446504999917, 0.0 ], [ 110.382817315000096, -7.020636172999978, 0.0 ], [ 110.382582660000125, -7.020717272999939, 0.0 ], [ 110.382298060000025, -7.020698807999921, 0.0 ], [ 110.381728923000097, -7.020399557999941, 0.0 ], [ 110.38138596400006, -7.020010151999962, 0.0 ], [ 110.380684020000061, -7.018941863999945, 0.0 ], [ 110.3801326560001, -7.017828546999933, 0.0 ], [ 110.379898586000095, -7.017683511000012, 0.0 ], [ 110.379513242000087, -7.01768300199997, 0.0 ], [ 110.379445194000056, -7.018433683, 0.0 ], [ 110.379033250000077, -7.019717591, 0.0 ], [ 110.379115953000081, -7.020504652999932, 0.0 ], [ 110.379073816000059, -7.020703596999962, 0.0 ], [ 110.378848704000092, -7.021056071, 0.0 ], [ 110.378630787000091, -7.021743236, 0.0 ], [ 110.37851142100007, -7.023000392999929, 0.0 ], [ 110.378356304000107, -7.023054459999962, 0.0 ], [ 110.377979576000115, -7.022954460999948, 0.0 ], [ 110.375125974000085, -7.020824991999969, 0.0 ], [ 110.374572680000043, -7.02031771, 0.0 ], [ 110.374185374000064, -7.020091057999906, 0.0 ], [ 110.373630225000056, -7.020126499, 0.0 ], [ 110.373210367000041, -7.020333982999933, 0.0 ], [ 110.372572329, -7.021418581999967, 0.0 ], [ 110.371906036000027, -7.022050869999969, 0.0 ], [ 110.371522169000073, -7.022213172999987, 0.0 ], [ 110.370846551000028, -7.021971885999918, 0.0 ], [ 110.369791763000066, -7.021387717999989, 0.0 ], [ 110.36877466700011, -7.021368259999978, 0.0 ], [ 110.368399699000079, -7.021014983999969, 0.0 ], [ 110.368159873000053, -7.020242455, 0.0 ], [ 110.367199900000017, -7.01920635899998, 0.0 ], [ 110.366745220000055, -7.018870686999918, 0.0 ], [ 110.366490782000056, -7.018813503999983, 0.0 ], [ 110.366016881000107, -7.018776742999961, 0.0 ], [ 110.365489529000087, -7.019039289999924, 0.0 ], [ 110.364362213000064, -7.020114735999911, 0.0 ], [ 110.363726284000023, -7.020951517999958, 0.0 ], [ 110.363493336000033, -7.02115157, 0.0 ], [ 110.363526832000048, -7.020876996, 0.0 ], [ 110.363225481000072, -7.020527170000019, 0.0 ], [ 110.36319702800003, -7.020311736999957, 0.0 ], [ 110.363283537000072, -7.020110819999942, 0.0 ], [ 110.363183170000028, -7.019933581999933, 0.0 ], [ 110.362687900000083, -7.019502120999938, 0.0 ], [ 110.362680929000049, -7.019344155999924, 0.0 ], [ 110.36298328, -7.018956855999942, 0.0 ], [ 110.363012543000124, -7.018576365999902, 0.0 ], [ 110.362861807000087, -7.018446924999939, 0.0 ], [ 110.36233730500004, -7.018374413999979, 0.0 ], [ 110.362086763, -7.017656093999964, 0.0 ], [ 110.361835742000011, -7.017289580999925, 0.0 ], [ 110.361750103000119, -7.016851496999916, 0.0 ], [ 110.361944279000028, -7.016744064, 0.0 ], [ 110.362038218000066, -7.016363661999964, 0.0 ], [ 110.361495275, -7.014840787, 0.0 ], [ 110.36001, -7.01531, 0.0 ], [ 110.35945, -7.01563, 0.0 ], [ 110.359340000000103, -7.01582, 0.0 ], [ 110.359194913000096, -7.016667965999918, 0.0 ], [ 110.359079697000055, -7.016840123999952, 0.0 ], [ 110.358758448000032, -7.017031146999948, 0.0 ], [ 110.358346259000129, -7.017159819999936, 0.0 ], [ 110.357699790000112, -7.016943541999982, 0.0 ], [ 110.357282935000072, -7.016981262999906, 0.0 ], [ 110.35707, -7.01704, 0.0 ], [ 110.3568, -7.01749, 0.0 ], [ 110.356620992000018, -7.017454130999951, 0.0 ], [ 110.35633, -7.01757, 0.0 ], [ 110.35625, -7.0177, 0.0 ], [ 110.35621, -7.01823, 0.0 ], [ 110.35572, -7.01863, 0.0 ], [ 110.35578, -7.01933, 0.0 ], [ 110.355463350000065, -7.019745845999942, 0.0 ], [ 110.355000000000103, -7.02013, 0.0 ], [ 110.35432, -7.02118, 0.0 ], [ 110.35314, -7.02067, 0.0 ], [ 110.351870000000119, -7.0204, 0.0 ], [ 110.34884, -7.02014, 0.0 ], [ 110.34679, -7.01951, 0.0 ], [ 110.34491, -7.01929, 0.0 ], [ 110.342494154000093, -7.01932, 0.0 ], [ 110.342277058000064, -7.020391172999958, 0.0 ], [ 110.342122432000068, -7.020477112999963, 0.0 ], [ 110.339349659000064, -7.02136590299996, 0.0 ], [ 110.338303226000079, -7.021949578999937, 0.0 ], [ 110.337530799000021, -7.021876690999946, 0.0 ], [ 110.33621, -7.02151, 0.0 ], [ 110.33579, -7.02229, 0.0 ], [ 110.33466, -7.0221, 0.0 ], [ 110.334806671000052, -7.021120722000013, 0.0 ], [ 110.332434350000057, -7.020599491999963, 0.0 ], [ 110.331481155000048, -7.020468897999905, 0.0 ], [ 110.328457518000079, -7.019748279999966, 0.0 ], [ 110.325233663000049, -7.019778930999927, 0.0 ], [ 110.321740391000034, -7.019516021999934, 0.0 ], [ 110.32117360200003, -7.020068201999969, 0.0 ], [ 110.319652552000036, -7.020281188999917, 0.0 ], [ 110.316853684000094, -7.019524875999956, 0.0 ], [ 110.315931193000054, -7.019019429999968, 0.0 ], [ 110.31377, -7.01893, 0.0 ], [ 110.31279, -7.019, 0.0 ], [ 110.3112, -7.01929, 0.0 ], [ 110.30945, -7.01996, 0.0 ], [ 110.30995, -7.02091, 0.0 ], [ 110.31053, -7.02256, 0.0 ], [ 110.31025, -7.02262, 0.0 ], [ 110.30919, -7.02268, 0.0 ], [ 110.30738, -7.02261, 0.0 ], [ 110.305970000000102, -7.02241, 0.0 ], [ 110.30579000000013, -7.02249, 0.0 ], [ 110.305290000000142, -7.02332, 0.0 ], [ 110.30492, -7.023419999999831, 0.0 ], [ 110.30393, -7.02347, 0.0 ], [ 110.301840000000155, -7.02341, 0.0 ], [ 110.3008, -7.02309, 0.0 ], [ 110.299830000000114, -7.02305, 0.0 ], [ 110.299070000000114, -7.0232, 0.0 ], [ 110.29817, -7.02357, 0.0 ], [ 110.29782, -7.02363, 0.0 ], [ 110.29733, -7.02327, 0.0 ], [ 110.296110000000155, -7.02284999899992, 0.0 ], [ 110.29598, -7.022589998999901, 0.0 ], [ 110.29397, -7.02235, 0.0 ], [ 110.293160000000142, -7.02073, 0.0 ], [ 110.293190000000138, -7.0198, 0.0 ], [ 110.29373, -7.01652999899996, 0.0 ], [ 110.293750000000117, -7.016079998999942, 0.0 ], [ 110.29360000000014, -7.01585, 0.0 ], [ 110.29271, -7.015369999, 0.0 ], [ 110.29165, -7.01494, 0.0 ], [ 110.289839999000165, -7.014749998999942, 0.0 ], [ 110.28938, -7.01494999899997, 0.0 ], [ 110.288720000000126, -7.01474, 0.0 ], [ 110.28849000000011, -7.01437, 0.0 ], [ 110.2878, -7.0142, 0.0 ], [ 110.287170000000131, -7.014269998999929, 0.0 ], [ 110.28642, -7.014079998999929, 0.0 ], [ 110.285830000000104, -7.01354, 0.0 ], [ 110.28516, -7.013469998999906, 0.0 ], [ 110.284750000000102, -7.01294, 0.0 ], [ 110.284479271000166, -7.012849603999911, 0.0 ], [ 110.284562094000094, -7.012818079999967, 0.0 ], [ 110.284644842, -7.012543627, 0.0 ], [ 110.284711438000016, -7.011657964999902, 0.0 ], [ 110.284834971000109, -7.011480527999964, 0.0 ], [ 110.284567066000065, -7.011170566999986, 0.0 ], [ 110.284984800000075, -7.007965431999914, 0.0 ], [ 110.284509860000028, -7.007547479999971, 0.0 ], [ 110.283415047000048, -7.006947253999957, 0.0 ], [ 110.282470193000023, -7.006833691999887, 0.0 ], [ 110.282700178000042, -7.005572054999949, 0.0 ], [ 110.280171365000072, -7.005084135999901, 0.0 ], [ 110.279574128000036, -7.00447177999995, 0.0 ], [ 110.27953371600006, -7.003845328999986, 0.0 ], [ 110.2786485110001, -7.004150792999948, 0.0 ], [ 110.278484328000019, -7.004079408999903, 0.0 ], [ 110.278275760000071, -7.003762449999968, 0.0 ], [ 110.278170412000065, -7.002966699999941, 0.0 ], [ 110.277677691000065, -7.002508964999905, 0.0 ], [ 110.277749074000013, -7.002009277999949, 0.0 ], [ 110.277606307000013, -7.001124117999986, 0.0 ], [ 110.27743498600006, -7.001074149999937, 0.0 ], [ 110.277199419000013, -7.000260373999929, 0.0 ], [ 110.276906745000048, -6.999917732, 0.0 ], [ 110.276736960000036, -6.999406809999915, 0.0 ], [ 110.27779662500005, -6.999538347999962, 0.0 ], [ 110.279230751000043, -6.999483338999941, 0.0 ], [ 110.280835378000035, -6.999114345999963, 0.0 ], [ 110.281479971000067, -6.998869215999932, 0.0 ], [ 110.28197866500004, -6.998820162999959, 0.0 ], [ 110.282689092000012, -6.998177383999977, 0.0 ], [ 110.28331715100002, -6.997374198999957, 0.0 ], [ 110.283602477, -6.997111329999967, 0.0 ], [ 110.283841917000103, -6.997049962999952, 0.0 ], [ 110.285251327000097, -6.997124152999962, 0.0 ], [ 110.286539805000032, -6.997716637999957, 0.0 ], [ 110.28679053000009, -6.997738920999936, 0.0 ], [ 110.287194186000093, -6.997375674, 0.0 ], [ 110.287636204000066, -6.997119267999913, 0.0 ], [ 110.287466165000041, -6.996140371999921, 0.0 ], [ 110.287252966000068, -6.99571968299993, 0.0 ], [ 110.286861631000107, -6.9952567, 0.0 ], [ 110.286839891000085, -6.994962062999949, 0.0 ], [ 110.286919841000042, -6.994756477, 0.0 ], [ 110.287302458000084, -6.994667009999961, 0.0 ], [ 110.287129234000048, -6.994362438999897, 0.0 ], [ 110.287112102000052, -6.993342125999941, 0.0 ], [ 110.287039766000106, -6.993186033, 0.0 ], [ 110.28686273400011, -6.993071818999958, 0.0 ], [ 110.286655245000091, -6.993121311999968, 0.0 ], [ 110.286704262000057, -6.993384718, 0.0 ], [ 110.286644775000113, -6.993949839999953, 0.0 ], [ 110.286555546, -6.994027172999957, 0.0 ], [ 110.286412778000098, -6.993955788999912, 0.0 ], [ 110.285532377000081, -6.993101561999932, 0.0 ], [ 110.28527111300005, -6.99257649399992, 0.0 ], [ 110.285232809000078, -6.992136729999949, 0.0 ], [ 110.284940490000054, -6.991896521999969, 0.0 ], [ 110.284656260000062, -6.991962593999929, 0.0 ], [ 110.284448771000129, -6.99219482899996, 0.0 ], [ 110.284196196000011, -6.992830844, 0.0 ], [ 110.284009522000119, -6.992966487999947, 0.0 ], [ 110.283902922, -6.992950307999941, 0.0 ], [ 110.283687791000048, -6.992633618999939, 0.0 ], [ 110.283659215000085, -6.99179860999995, 0.0 ], [ 110.283459867000019, -6.991017233999958, 0.0 ], [ 110.283095106000033, -6.990747272, 0.0 ], [ 110.282225788000048, -6.990769923999924, 0.0 ], [ 110.281753793000078, -6.990660314999914, 0.0 ], [ 110.28177687400003, -6.990448541999978, 0.0 ], [ 110.282094770000043, -6.990039274999955, 0.0 ], [ 110.282232509000082, -6.989259141999977, 0.0 ], [ 110.282503724000051, -6.989113458, 0.0 ], [ 110.283109519000078, -6.989101073999954, 0.0 ], [ 110.283763663000016, -6.989427131999932, 0.0 ], [ 110.284300877000064, -6.989522037999969, 0.0 ], [ 110.284447252000092, -6.989394698999913, 0.0 ], [ 110.284392524000097, -6.98921623899998, 0.0 ], [ 110.284473426000034, -6.98916864999995, 0.0 ], [ 110.285334791000082, -6.988952118999975, 0.0 ], [ 110.285418072000127, -6.988704654999928, 0.0 ], [ 110.285375242000043, -6.988592820999912, 0.0 ], [ 110.285034979000045, -6.988276351999929, 0.0 ], [ 110.284591322000026, -6.987550305999985, 0.0 ], [ 110.284543460000066, -6.987326990999982, 0.0 ], [ 110.284555517000086, -6.986812983999908, 0.0 ], [ 110.284808386000037, -6.985616295999925, 0.0 ], [ 110.284966025000116, -6.98526235099995, 0.0 ], [ 110.285198022000131, -6.985155274999972, 0.0 ], [ 110.285700410000047, -6.985394211999935, 0.0 ], [ 110.286140134, -6.985171494999982, 0.0 ], [ 110.286267673000083, -6.985582665999985, 0.0 ], [ 110.286439456000082, -6.985689025999903, 0.0 ], [ 110.287255388000091, -6.985376603999988, 0.0 ], [ 110.288439330000088, -6.985252096999901, 0.0 ], [ 110.289054934000035, -6.985360940999936, 0.0 ], [ 110.28964749500004, -6.98521369099992, 0.0 ], [ 110.289985295000108, -6.985357180999891, 0.0 ], [ 110.290275162000015, -6.985221463999942, 0.0 ], [ 110.290430338000064, -6.984982882999919, 0.0 ], [ 110.290436965000083, -6.984831231999983, 0.0 ], [ 110.290606418000067, -6.984709245000015, 0.0 ], [ 110.29074918600007, -6.98469020999995, 0.0 ], [ 110.291002342000056, -6.984836660999989, 0.0 ], [ 110.291263149000045, -6.984756833999956, 0.0 ], [ 110.291165592000056, -6.984433227999915, 0.0 ], [ 110.291474921000074, -6.984233352999986, 0.0 ], [ 110.291686653000099, -6.984245735999945, 0.0 ], [ 110.291869277000018, -6.984697461999929, 0.0 ], [ 110.292096813000015, -6.984830363999912, 0.0 ], [ 110.29219496500005, -6.984839286999939, 0.0 ], [ 110.292526643000059, -6.984445125000011, 0.0 ], [ 110.292902598000069, -6.984630722999913, 0.0 ], [ 110.293219066000063, -6.984635481999952, 0.0 ], [ 110.29353315500002, -6.984100102999975, 0.0 ], [ 110.29346415100008, -6.983607554999899, 0.0 ], [ 110.29378837100009, -6.983147134, 0.0 ], [ 110.293888309000096, -6.982858028999967, 0.0 ], [ 110.293887695000052, -6.982520140999988, 0.0 ], [ 110.294551702, -6.981643789999953, 0.0 ], [ 110.294901959000029, -6.980909013, 0.0 ], [ 110.293744530000097, -6.98049956699996, 0.0 ], [ 110.292719934000061, -6.979843786999968, 0.0 ], [ 110.293124918000089, -6.979183724999888, 0.0 ], [ 110.293425414000083, -6.978387439999906, 0.0 ], [ 110.292442092000073, -6.978339031999987, 0.0 ], [ 110.29185388900008, -6.977920722999926, 0.0 ], [ 110.291696845000047, -6.977580935999967, 0.0 ], [ 110.291608329000013, -6.976553484999954, 0.0 ], [ 110.291287419000099, -6.976047848999951, 0.0 ], [ 110.291039122000072, -6.975316462, 0.0 ], [ 110.290502792000026, -6.974709461999968, 0.0 ], [ 110.290427125000065, -6.974431064999937, 0.0 ], [ 110.290099473000041, -6.974185504999959, 0.0 ], [ 110.289629054000031, -6.973632279999926, 0.0 ], [ 110.289482003000032, -6.973195410999928, 0.0 ], [ 110.28927196000005, -6.973014678999984, 0.0 ], [ 110.288602316000066, -6.972751640999981, 0.0 ], [ 110.288300125000021, -6.972447069999916, 0.0 ], [ 110.287824233, -6.972356650999895, 0.0 ], [ 110.28748397, -6.971818892999988, 0.0 ], [ 110.287229367000066, -6.971595222999955, 0.0 ], [ 110.28711515300003, -6.971533356999899, 0.0 ], [ 110.286669004000075, -6.971541684999966, 0.0 ], [ 110.286558954000029, -6.971467326999942, 0.0 ], [ 110.285910551000114, -6.970717796999921, 0.0 ], [ 110.285487782000033, -6.970643070999955, 0.0 ], [ 110.284933402, -6.969924855999949, 0.0 ], [ 110.285259011000022, -6.969504483999984, 0.0 ], [ 110.285629058, -6.968431182999907, 0.0 ] ] ] ] } },
{ "type": "Feature", "properties": { "fid": 9, "WADMKC": "Pedurungan", "LUAS": 21.721638989700001, "LUAS_HA": 2172.16389897, "Label": "Kecamatan Pedurungan", "Labl_Inset": "Kec. Pedurungan", "Total_Pend": 199876, "Link_peta": "https://drive.google.com/uc?export=download&id=11eANL64ZITJKI59CSgaE-SUqV2C8xO0r" }, "geometry": { "type": "MultiPolygon", "coordinates": [ [ [ [ 110.492070759185154, -6.999823738878803, 0.0 ], [ 110.492034240631284, -7.00036673354208, 0.0 ], [ 110.491883477584267, -7.000332917133118, 0.0 ], [ 110.491986512493398, -7.000569635909432, 0.0 ], [ 110.491807407300684, -7.000799680274412, 0.0 ], [ 110.49176094429923, -7.001014322463146, 0.0 ], [ 110.491495706107642, -7.001257605853379, 0.0 ], [ 110.491122441537456, -7.001354441585878, 0.0 ], [ 110.491079371709048, -7.001752803634737, 0.0 ], [ 110.490739990526336, -7.002150924744239, 0.0 ], [ 110.490596999386341, -7.002579174835184, 0.0 ], [ 110.490252972241962, -7.00285939612198, 0.0 ], [ 110.490354598622702, -7.003007317149052, 0.0 ], [ 110.490263014545135, -7.003521782423345, 0.0 ], [ 110.490425839966719, -7.003579398634347, 0.0 ], [ 110.490485813494729, -7.003498090616606, 0.0 ], [ 110.490605511199107, -7.003565233335014, 0.0 ], [ 110.49045012315338, -7.003796984200534, 0.0 ], [ 110.490877793574768, -7.003935558105862, 0.0 ], [ 110.490825409842927, -7.004086504148461, 0.0 ], [ 110.490893124278585, -7.004430348285446, 0.0 ], [ 110.490971985644563, -7.004424130631854, 0.0 ], [ 110.491035122000085, -7.004571280999922, 0.0 ], [ 110.491204734699792, -7.004681984520406, 0.0 ], [ 110.491183804352204, -7.005155621035392, 0.0 ], [ 110.491862070959883, -7.005150859535043, 0.0 ], [ 110.492757187558851, -7.005363006784854, 0.0 ], [ 110.493478823603823, -7.005348826471131, 0.0 ], [ 110.495391794790962, -7.005694923860812, 0.0 ], [ 110.495715619831699, -7.0058247133239, 0.0 ], [ 110.495625222038626, -7.006158235849409, 0.0 ], [ 110.495789037551958, -7.006213696387082, 0.0 ], [ 110.495697810832624, -7.006400277888353, 0.0 ], [ 110.495750456179024, -7.006450594184638, 0.0 ], [ 110.495999467316949, -7.006556167517115, 0.0 ], [ 110.496310978015075, -7.006458375052411, 0.0 ], [ 110.496781006389881, -7.0068628717402, 0.0 ], [ 110.497083038571191, -7.006668856937576, 0.0 ], [ 110.497702268508732, -7.006882046312708, 0.0 ], [ 110.497645170128493, -7.007055062296292, 0.0 ], [ 110.497820177817005, -7.00720496871255, 0.0 ], [ 110.497821164495477, -7.007677778617911, 0.0 ], [ 110.498216119690071, -7.007950441226313, 0.0 ], [ 110.498193425578947, -7.008041283598072, 0.0 ], [ 110.498867434886336, -7.008328005179038, 0.0 ], [ 110.499210809138219, -7.008652392626875, 0.0 ], [ 110.500848040575221, -7.009264432664192, 0.0 ], [ 110.501201355486771, -7.009276774453294, 0.0 ], [ 110.501919346136631, -7.009515574302078, 0.0 ], [ 110.501426094478632, -7.010630847942451, 0.0 ], [ 110.501204638811487, -7.011848735934596, 0.0 ], [ 110.500159246582356, -7.014152791477397, 0.0 ], [ 110.500161365421675, -7.014372450398938, 0.0 ], [ 110.500400285583027, -7.014854512516894, 0.0 ], [ 110.50002674729916, -7.015871391930546, 0.0 ], [ 110.500037415580351, -7.016217415515442, 0.0 ], [ 110.500357694626658, -7.016479452670527, 0.0 ], [ 110.500432234732131, -7.016671828358351, 0.0 ], [ 110.500378522383244, -7.016980009813018, 0.0 ], [ 110.500245807512329, -7.017235587363608, 0.0 ], [ 110.499873759309068, -7.017297715350008, 0.0 ], [ 110.499256849283242, -7.019288910408889, 0.0 ], [ 110.499391065386362, -7.01988825626006, 0.0 ], [ 110.499347543517231, -7.020251707137987, 0.0 ], [ 110.49928585765619, -7.020279032353411, 0.0 ], [ 110.499105669733481, -7.020115840688252, 0.0 ], [ 110.498707507750098, -7.020119704002276, 0.0 ], [ 110.498363567593742, -7.02085370853321, 0.0 ], [ 110.498824995864439, -7.021024039486818, 0.0 ], [ 110.49840651331094, -7.021514161431892, 0.0 ], [ 110.498420560106666, -7.022616545945343, 0.0 ], [ 110.498351700958779, -7.02292819150599, 0.0 ], [ 110.497547562169089, -7.024825601119773, 0.0 ], [ 110.498103314780124, -7.025393815027787, 0.0 ], [ 110.498351696602256, -7.025541893442561, 0.0 ], [ 110.49870695376373, -7.025429906952258, 0.0 ], [ 110.498979108619352, -7.025507070216126, 0.0 ], [ 110.499020166040467, -7.025909173665063, 0.0 ], [ 110.498909131637632, -7.026136997305638, 0.0 ], [ 110.498299517035989, -7.02616590730954, 0.0 ], [ 110.498222447096765, -7.026236813914217, 0.0 ], [ 110.497979036546738, -7.026957916706007, 0.0 ], [ 110.497629416492757, -7.027318174518122, 0.0 ], [ 110.496261940027011, -7.027356561008641, 0.0 ], [ 110.496006423485213, -7.02752704398269, 0.0 ], [ 110.49583207129848, -7.028277936233291, 0.0 ], [ 110.495955227048796, -7.028747886910953, 0.0 ], [ 110.495571486073445, -7.029910572234083, 0.0 ], [ 110.494797574511054, -7.029839430559754, 0.0 ], [ 110.494385886561716, -7.030042860970493, 0.0 ], [ 110.494160167029236, -7.03041875998392, 0.0 ], [ 110.493756000856351, -7.030347432134782, 0.0 ], [ 110.492854069511807, -7.029970848799689, 0.0 ], [ 110.492374817573051, -7.030074381454671, 0.0 ], [ 110.490600277414316, -7.030009926976916, 0.0 ], [ 110.488499450027959, -7.029351576303384, 0.0 ], [ 110.487912208446545, -7.029308585253464, 0.0 ], [ 110.487436327815118, -7.029110868194472, 0.0 ], [ 110.487164418824676, -7.029164847022368, 0.0 ], [ 110.486552944095877, -7.028994560725305, 0.0 ], [ 110.486335732078615, -7.028750074350604, 0.0 ], [ 110.485737971230677, -7.028471247670105, 0.0 ], [ 110.484181747995606, -7.028367766373506, 0.0 ], [ 110.48404562988398, -7.028544018315614, 0.0 ], [ 110.483621108079063, -7.028715215345056, 0.0 ], [ 110.483627811370681, -7.029014833627773, 0.0 ], [ 110.483197991379342, -7.029399207327131, 0.0 ], [ 110.483221226415822, -7.029591170500577, 0.0 ], [ 110.483328973441516, -7.029689598637862, 0.0 ], [ 110.483943296069128, -7.029680912500719, 0.0 ], [ 110.484255016044472, -7.029793611031405, 0.0 ], [ 110.484350944751583, -7.02997863208979, 0.0 ], [ 110.484348431373988, -7.030237292638237, 0.0 ], [ 110.484242777690326, -7.03036591597191, 0.0 ], [ 110.483513588445334, -7.03035340954748, 0.0 ], [ 110.483117186246091, -7.030486392203922, 0.0 ], [ 110.482905883238288, -7.030738955329181, 0.0 ], [ 110.482980636420251, -7.031042345601819, 0.0 ], [ 110.483388212369775, -7.031407945008834, 0.0 ], [ 110.483493429574494, -7.031674902411151, 0.0 ], [ 110.483894353976268, -7.031940874073978, 0.0 ], [ 110.484642266871433, -7.031986171063249, 0.0 ], [ 110.484867305098064, -7.032035574160862, 0.0 ], [ 110.485000818576381, -7.032157437590076, 0.0 ], [ 110.484894967828311, -7.03246629521, 0.0 ], [ 110.484662303828415, -7.032767026024118, 0.0 ], [ 110.483996179919671, -7.032969934292705, 0.0 ], [ 110.483652362583655, -7.033229061688512, 0.0 ], [ 110.483524256552272, -7.033556046156814, 0.0 ], [ 110.483563914876001, -7.033831711811029, 0.0 ], [ 110.483757468963077, -7.034232163746552, 0.0 ], [ 110.483860353451561, -7.034758395964975, 0.0 ], [ 110.484018744501341, -7.034794076286872, 0.0 ], [ 110.484245295774912, -7.034590978226014, 0.0 ], [ 110.484584589349836, -7.034772105379911, 0.0 ], [ 110.484908198667313, -7.035148848635881, 0.0 ], [ 110.485026936787094, -7.035959138818477, 0.0 ], [ 110.485211417896949, -7.036108985677664, 0.0 ], [ 110.485764193867183, -7.036212880295817, 0.0 ], [ 110.485806058869144, -7.036364629043963, 0.0 ], [ 110.485793020306915, -7.036461446909332, 0.0 ], [ 110.485378361443395, -7.036807832811782, 0.0 ], [ 110.485177571282009, -7.037104562590574, 0.0 ], [ 110.48510626658387, -7.038174707198525, 0.0 ], [ 110.484777853061004, -7.03830840508915, 0.0 ], [ 110.484615940773509, -7.038549037674297, 0.0 ], [ 110.484471798323355, -7.03896169440797, 0.0 ], [ 110.48442084057298, -7.0397982451411, 0.0 ], [ 110.484188738822368, -7.040702881583034, 0.0 ], [ 110.482782054000054, -7.04068171999997, 0.0 ], [ 110.481659907000022, -7.040159237999905, 0.0 ], [ 110.481343284000019, -7.03981579199991, 0.0 ], [ 110.481476306000019, -7.038971396999855, 0.0 ], [ 110.48186655700006, -7.038430794999979, 0.0 ], [ 110.482045318000203, -7.038028514999912, 0.0 ], [ 110.481999454000132, -7.037698565999968, 0.0 ], [ 110.481286732000143, -7.037216123999841, 0.0 ], [ 110.481174665000196, -7.037031256, 0.0 ], [ 110.481155293000185, -7.036635356000016, 0.0 ], [ 110.481281315000132, -7.036147243999952, 0.0 ], [ 110.480655294000115, -7.034906129999936, 0.0 ], [ 110.480675642000023, -7.034424498999964, 0.0 ], [ 110.480234997000068, -7.032774514999957, 0.0 ], [ 110.480096574000072, -7.03253683399992, 0.0 ], [ 110.479610003000047, -7.030616280999908, 0.0 ], [ 110.479603862000161, -7.030200599999976, 0.0 ], [ 110.479366496000068, -7.029857241999899, 0.0 ], [ 110.479011042000138, -7.028807766999929, 0.0 ], [ 110.47884790200014, -7.027045923999903, 0.0 ], [ 110.478182171000043, -7.025897134999976, 0.0 ], [ 110.47801107, -7.025355909999959, 0.0 ], [ 110.477497066000112, -7.024359042, 0.0 ], [ 110.477153775000033, -7.024253092000016, 0.0 ], [ 110.476929489000128, -7.024028509999908, 0.0 ], [ 110.476343391000128, -7.022543309999946, 0.0 ], [ 110.476277830000129, -7.022114367999983, 0.0 ], [ 110.475611041000107, -7.021922280999899, 0.0 ], [ 110.475426270000185, -7.021796713, 0.0 ], [ 110.475143614000075, -7.020621955999957, 0.0 ], [ 110.474470491000062, -7.020192333999937, 0.0 ], [ 110.473836628000115, -7.020086055999936, 0.0 ], [ 110.473579414000142, -7.019782259999936, 0.0 ], [ 110.47326308500017, -7.019194684999903, 0.0 ], [ 110.472933140000137, -7.018969983999963, 0.0 ], [ 110.472279616000066, -7.018731720999966, 0.0 ], [ 110.470775117000102, -7.017667752999952, 0.0 ], [ 110.46993095600007, -7.016657310000014, 0.0 ], [ 110.469125525000038, -7.016438666999953, 0.0 ], [ 110.464795156000037, -7.014863432, 0.0 ], [ 110.464300083000111, -7.014671525999933, 0.0 ], [ 110.463864597000054, -7.014347728999965, 0.0 ], [ 110.463237328000019, -7.014261238999914, 0.0 ], [ 110.462412230000055, -7.013923798999972, 0.0 ], [ 110.46216821900002, -7.013633207999909, 0.0 ], [ 110.461879308, -7.012187921999963, 0.0 ], [ 110.461655149000109, -7.011864363999926, 0.0 ], [ 110.461252686000122, -7.011540601999961, 0.0 ], [ 110.460863135000039, -7.011474175999972, 0.0 ], [ 110.46014549200008, -7.011045148999912, 0.0 ], [ 110.459490246000044, -7.010858986999963, 0.0 ], [ 110.45904817800006, -7.010521981999968, 0.0 ], [ 110.458077319000026, -7.010606636999956, 0.0 ], [ 110.457298259000041, -7.010440787999912, 0.0 ], [ 110.457172855000067, -7.01038126199996, 0.0 ], [ 110.457107299000057, -7.009965514999934, 0.0 ], [ 110.456988636000091, -7.009787232999926, 0.0 ], [ 110.455365036000046, -7.00898040199996, 0.0 ], [ 110.45440095900004, -7.008913304, 0.0 ], [ 110.453022007000072, -7.007849429, 0.0 ], [ 110.451833282000038, -7.00788763199996, 0.0 ], [ 110.450143946000068, -7.006836582999949, 0.0 ], [ 110.449542799000071, -7.006182704999937, 0.0 ], [ 110.452643422000023, -7.003069560999926, 0.0 ], [ 110.453137275000117, -7.002320058999906, 0.0 ], [ 110.453485996000012, -7.001560386999934, 0.0 ], [ 110.4536920850001, -7.000795548999978, 0.0 ], [ 110.453788026000041, -7.000065584999977, 0.0 ], [ 110.453684713000115, -6.998527807999928, 0.0 ], [ 110.451871017000059, -6.985745156999929, 0.0 ], [ 110.44924426200005, -6.968279773999903, 0.0 ], [ 110.449253223000085, -6.967733659000015, 0.0 ], [ 110.44940098400005, -6.967015317999909, 0.0 ], [ 110.451228974000045, -6.96252758799994, 0.0 ], [ 110.492182968721224, -6.999043704291836, 0.0 ], [ 110.492114844945448, -6.999215752596061, 0.0 ], [ 110.4921916705825, -6.999295255580968, 0.0 ], [ 110.492129649910339, -6.999498381893183, 0.0 ], [ 110.492193180641948, -6.999680970126427, 0.0 ], [ 110.492070759185154, -6.999823738878803, 0.0 ] ] ] ] } },
{ "type": "Feature", "properties": { "fid": 10, "WADMKC": "Semarang Barat", "LUAS": 24.999094041, "LUAS_HA": 2499.9094040999998, "Label": "Kecamatan Semarang Barat", "Labl_Inset": "Kec. Semarang Barat", "Total_Pend": 151599, "Link_peta": "https://drive.google.com/uc?export=download&id=15N1J1XMYSqs6s6l1bkAAJxjmBezkkI1l" }, "geometry": { "type": "MultiPolygon", "coordinates": [ [ [ [ 110.395001664709355, -6.95014254702458, 0.0 ], [ 110.395535185898368, -6.950143227927381, 0.0 ], [ 110.395852484409744, -6.949998904719507, 0.0 ], [ 110.397163508000048, -6.953446906999911, 0.0 ], [ 110.398709545000074, -6.956072065999958, 0.0 ], [ 110.399029381000062, -6.957049385999909, 0.0 ], [ 110.399361821000042, -6.958795587999973, 0.0 ], [ 110.399742496, -6.961319763999924, 0.0 ], [ 110.39974558100009, -6.963789187999964, 0.0 ], [ 110.399844866000038, -6.964910954999965, 0.0 ], [ 110.400168343000075, -6.96636768999997, 0.0 ], [ 110.400537424000049, -6.970230584000021, 0.0 ], [ 110.401234327000068, -6.97436525699991, 0.0 ], [ 110.40142665000009, -6.977522377999918, 0.0 ], [ 110.401818400000082, -6.980028474999884, 0.0 ], [ 110.401833205000059, -6.981068724999979, 0.0 ], [ 110.402163651000052, -6.983954654999931, 0.0 ], [ 110.402248770000071, -6.986433226999928, 0.0 ], [ 110.402487788000045, -6.989138130999912, 0.0 ], [ 110.402509555000066, -6.991824667999975, 0.0 ], [ 110.402372030000066, -6.992738087999967, 0.0 ], [ 110.402382221000011, -6.992955191999989, 0.0 ], [ 110.402559962000069, -6.99334437399995, 0.0 ], [ 110.402559277000094, -6.993660964999943, 0.0 ], [ 110.402223573000029, -6.995352044999976, 0.0 ], [ 110.401076622000076, -6.998144790999945, 0.0 ], [ 110.400980045000082, -6.998742990999968, 0.0 ], [ 110.401673202000055, -6.999916583999905, 0.0 ], [ 110.401624777000052, -7.000323380999902, 0.0 ], [ 110.400952917000055, -7.001231975999939, 0.0 ], [ 110.400114510000051, -7.001254839999966, 0.0 ], [ 110.396915600000057, -7.00211233299995, 0.0 ], [ 110.396507772000064, -7.002590467999898, 0.0 ], [ 110.395605332000088, -7.005354380999968, 0.0 ], [ 110.394494034000061, -7.006463117999957, 0.0 ], [ 110.393967238000087, -7.006527481999953, 0.0 ], [ 110.39164671200011, -7.005682000999986, 0.0 ], [ 110.391404432000044, -7.005768530999951, 0.0 ], [ 110.38923339100009, -7.006003472999939, 0.0 ], [ 110.388909392000116, -7.006481707999985, 0.0 ], [ 110.388812641000101, -7.007199566999962, 0.0 ], [ 110.388500274000094, -7.007941077999941, 0.0 ], [ 110.387850322000062, -7.008928902999962, 0.0 ], [ 110.386771402000051, -7.011145822999893, 0.0 ], [ 110.386650943000035, -7.011672188000013, 0.0 ], [ 110.387383157000045, -7.012775044999959, 0.0 ], [ 110.387630184000045, -7.013875283999955, 0.0 ], [ 110.387652947000063, -7.014592976999918, 0.0 ], [ 110.387582088000073, -7.015023869999954, 0.0 ], [ 110.382181309000046, -7.011081326999975, 0.0 ], [ 110.379837194000075, -7.008522217999975, 0.0 ], [ 110.378679653000049, -7.007142160999919, 0.0 ], [ 110.376832911000093, -7.005263386999989, 0.0 ], [ 110.375311711000094, -7.003566927999955, 0.0 ], [ 110.374603182000087, -7.003192635999895, 0.0 ], [ 110.37235858600009, -7.002495256999925, 0.0 ], [ 110.371987703000045, -7.002268625999914, 0.0 ], [ 110.371582512000089, -7.001888176999966, 0.0 ], [ 110.371161716000088, -7.001118752999986, 0.0 ], [ 110.370854316000049, -6.999544436999933, 0.0 ], [ 110.370655884000072, -6.9989924, 0.0 ], [ 110.370426950000038, -6.998612185999981, 0.0 ], [ 110.369289506000072, -6.997235756999959, 0.0 ], [ 110.368661342000067, -6.995624828999986, 0.0 ], [ 110.368638363000031, -6.994828799999937, 0.0 ], [ 110.369101720000089, -6.993391197999916, 0.0 ], [ 110.369246013000037, -6.992541119999924, 0.0 ], [ 110.369255326000086, -6.991926043000014, 0.0 ], [ 110.368677562000073, -6.989021685999958, 0.0 ], [ 110.368270583000054, -6.987664325999916, 0.0 ], [ 110.367001777000056, -6.987852576999948, 0.0 ], [ 110.366428893, -6.987851807999974, 0.0 ], [ 110.365172860000087, -6.987587799999979, 0.0 ], [ 110.363124540000072, -6.986909094999955, 0.0 ], [ 110.363501536000086, -6.985681524, 0.0 ], [ 110.363869140000034, -6.985313478999917, 0.0 ], [ 110.36413, -6.984499999000022, 0.0 ], [ 110.364072157000052, -6.984123802999893, 0.0 ], [ 110.36414477800011, -6.983559487, 0.0 ], [ 110.36407031300007, -6.983272192999951, 0.0 ], [ 110.364160281000053, -6.983164616999932, 0.0 ], [ 110.364715931000021, -6.981056101, 0.0 ], [ 110.36415000000018, -6.9809, 0.0 ], [ 110.364420000000138, -6.97994, 0.0 ], [ 110.36578, -6.976239999999862, 0.0 ], [ 110.36580299200017, -6.976007617999908, 0.0 ], [ 110.36589113300009, -6.976009650999988, 0.0 ], [ 110.366464216000168, -6.974474893999922, 0.0 ], [ 110.366013409000089, -6.974317289999938, 0.0 ], [ 110.366149098000037, -6.973159127999946, 0.0 ], [ 110.366007510000216, -6.971579374999976, 0.0 ], [ 110.366914641000051, -6.968469044999932, 0.0 ], [ 110.363945366725062, -6.96615822773164, 0.0 ], [ 110.363860471796642, -6.965622658265442, 0.0 ], [ 110.359793240238162, -6.962266585120631, 0.0 ], [ 110.359362828584111, -6.961739482594826, 0.0 ], [ 110.359717495020234, -6.953902352149683, 0.0 ], [ 110.360658332207777, -6.953800378663228, 0.0 ], [ 110.362276961861909, -6.9523665955398, 0.0 ], [ 110.36857079543195, -6.94734914079292, 0.0 ], [ 110.378391582345245, -6.946614219390607, 0.0 ], [ 110.379399574648559, -6.946412708996281, 0.0 ], [ 110.380347797645044, -6.946586266383854, 0.0 ], [ 110.380549072000093, -6.94677945299998, 0.0 ], [ 110.382192050000143, -6.952315021999961, 0.0 ], [ 110.382206621000194, -6.951555221999978, 0.0 ], [ 110.381879340000197, -6.949688915999925, 0.0 ], [ 110.381678977814332, -6.949056827951889, 0.0 ], [ 110.381842109921095, -6.948232531932714, 0.0 ], [ 110.382485610070788, -6.94761472816386, 0.0 ], [ 110.384174729790971, -6.947164594987349, 0.0 ], [ 110.385547753245021, -6.946670965920305, 0.0 ], [ 110.386331166409576, -6.946499664322776, 0.0 ], [ 110.386381258594554, -6.946657685818398, 0.0 ], [ 110.386323302145499, -6.947023783492885, 0.0 ], [ 110.386782450240503, -6.94757004704168, 0.0 ], [ 110.386085528220676, -6.94753324614797, 0.0 ], [ 110.385927238043806, -6.947698178048817, 0.0 ], [ 110.385308990307593, -6.947941491471472, 0.0 ], [ 110.385222487706599, -6.948156775568776, 0.0 ], [ 110.385347682000116, -6.948418719999989, 0.0 ], [ 110.385558269128822, -6.949639852181139, 0.0 ], [ 110.385852082366924, -6.950243341059299, 0.0 ], [ 110.385885786472201, -6.9505016846309, 0.0 ], [ 110.386102826558201, -6.950814465371053, 0.0 ], [ 110.386116447071629, -6.951392461780543, 0.0 ], [ 110.386276679535015, -6.951576951955413, 0.0 ], [ 110.386602251899816, -6.951701824898333, 0.0 ], [ 110.387090841192745, -6.951712030109231, 0.0 ], [ 110.387541330588761, -6.951549869209234, 0.0 ], [ 110.388077771635011, -6.951598428381029, 0.0 ], [ 110.390186005106543, -6.951179927697765, 0.0 ], [ 110.390490109238996, -6.950913290946776, 0.0 ], [ 110.388866474895224, -6.948587896624165, 0.0 ], [ 110.390465067018425, -6.947260269110107, 0.0 ], [ 110.392530254431151, -6.946050824766854, 0.0 ], [ 110.394401466811217, -6.94919200387319, 0.0 ], [ 110.395001664709355, -6.95014254702458, 0.0 ] ] ] ] } },
{ "type": "Feature", "properties": { "fid": 11, "WADMKC": "Semarang Selatan", "LUAS": 6.1606775219000003, "LUAS_HA": 616.06775218999996, "Label": "Kecamatan Semarang Selatan", "Labl_Inset": "Kec. Semarang Selatan", "Total_Pend": 65344, "Link_peta": "https://drive.google.com/uc?export=download&id=1rMdPQEoogt0ww0IGzPVTvCGupyX0xiza" }, "geometry": { "type": "MultiPolygon", "coordinates": [ [ [ [ 110.403016539000092, -6.981558680999928, 0.0 ], [ 110.408537601000035, -6.984098360999919, 0.0 ], [ 110.409455336000022, -6.983457294999901, 0.0 ], [ 110.409526661000072, -6.983321329999931, 0.0 ], [ 110.409619928000055, -6.983475734, 0.0 ], [ 110.410030115000069, -6.983661661999935, 0.0 ], [ 110.410019589000086, -6.984495341999903, 0.0 ], [ 110.410130803000044, -6.984810162999928, 0.0 ], [ 110.413651095, -6.986429455999971, 0.0 ], [ 110.417338587000103, -6.987519488999922, 0.0 ], [ 110.41829805900008, -6.987873448999988, 0.0 ], [ 110.422359354000037, -6.989841321999918, 0.0 ], [ 110.422651485000046, -6.989244675999934, 0.0 ], [ 110.422897976000101, -6.989181658999961, 0.0 ], [ 110.423110953000048, -6.989227147999905, 0.0 ], [ 110.424088883000053, -6.98976202999993, 0.0 ], [ 110.423713651000085, -6.990530439999915, 0.0 ], [ 110.43118436900005, -6.994139639999936, 0.0 ], [ 110.431984034000038, -6.994249151999938, 0.0 ], [ 110.438799696000061, -6.997106669999937, 0.0 ], [ 110.438822768000108, -6.997450427999958, 0.0 ], [ 110.438445033000036, -6.997850142, 0.0 ], [ 110.438492136000022, -6.998553588999929, 0.0 ], [ 110.438567555000049, -6.99865318, 0.0 ], [ 110.440771484000052, -7.000311138999955, 0.0 ], [ 110.443675979000034, -7.001454320999951, 0.0 ], [ 110.444633213000103, -7.002070548999956, 0.0 ], [ 110.446161119000038, -7.002669356999942, 0.0 ], [ 110.447529728000035, -7.003041833999941, 0.0 ], [ 110.448295385000065, -7.003458827999982, 0.0 ], [ 110.448740874000066, -7.003794035999917, 0.0 ], [ 110.44899033100009, -7.004101877999986, 0.0 ], [ 110.449093402000102, -7.004509047999925, 0.0 ], [ 110.449147719000067, -7.005476985999987, 0.0 ], [ 110.449542799000071, -7.006182704999937, 0.0 ], [ 110.44573975600008, -7.009990858999988, 0.0 ], [ 110.444814829000023, -7.011478239999953, 0.0 ], [ 110.444186142000049, -7.011196976999951, 0.0 ], [ 110.442489432000087, -7.010968827999903, 0.0 ], [ 110.438603717000021, -7.009815417999949, 0.0 ], [ 110.436458648000084, -7.009297254999975, 0.0 ], [ 110.43570905600005, -7.009169718, 0.0 ], [ 110.434059802000021, -7.009249144, 0.0 ], [ 110.4326889700001, -7.008605259, 0.0 ], [ 110.432518956000067, -7.008586963, 0.0 ], [ 110.432467563000074, -7.008505490999923, 0.0 ], [ 110.431942281000048, -7.006315838999939, 0.0 ], [ 110.431933287000021, -7.005565048999902, 0.0 ], [ 110.432056004000046, -7.004687780999969, 0.0 ], [ 110.431934393000105, -7.004651451999983, 0.0 ], [ 110.430935900000094, -7.004956850999939, 0.0 ], [ 110.430563657000022, -7.004962121999931, 0.0 ], [ 110.429303956000069, -7.00481755199996, 0.0 ], [ 110.427368771, -7.00445473199996, 0.0 ], [ 110.42689835700007, -7.004238293, 0.0 ], [ 110.426242898000012, -7.003721898999988, 0.0 ], [ 110.423313555000021, -7.000370205999957, 0.0 ], [ 110.42247267500008, -6.999608188999968, 0.0 ], [ 110.421529302000096, -6.998371142999932, 0.0 ], [ 110.420964603000087, -6.998036841999983, 0.0 ], [ 110.419347141000017, -6.997506136999949, 0.0 ], [ 110.416264078000012, -6.996880261999944, 0.0 ], [ 110.414107091000062, -6.995783075999935, 0.0 ], [ 110.411773146000044, -6.996160076999953, 0.0 ], [ 110.410659836000036, -6.9961948669999, 0.0 ], [ 110.409858413000066, -6.995687314999916, 0.0 ], [ 110.409347674000088, -6.99597613000001, 0.0 ], [ 110.408282900000103, -6.996110475999934, 0.0 ], [ 110.407939380000101, -6.995443969999943, 0.0 ], [ 110.406994053000034, -6.994679665999943, 0.0 ], [ 110.406837605000064, -6.994453331999956, 0.0 ], [ 110.406522240000086, -6.994544053, 0.0 ], [ 110.405982962000053, -6.994895580999955, 0.0 ], [ 110.40555915700007, -6.995523987999903, 0.0 ], [ 110.405158682000064, -6.995933830999974, 0.0 ], [ 110.404712500000088, -6.996026072999967, 0.0 ], [ 110.404153585000117, -6.99597505, 0.0 ], [ 110.403211794000086, -6.996044298999966, 0.0 ], [ 110.401980904000112, -6.995910555999913, 0.0 ], [ 110.402223573000029, -6.995352044999976, 0.0 ], [ 110.402559277000094, -6.993660964999943, 0.0 ], [ 110.402559962000069, -6.99334437399995, 0.0 ], [ 110.402382221000011, -6.992955191999989, 0.0 ], [ 110.402372030000066, -6.992738087999967, 0.0 ], [ 110.402509555000066, -6.991824667999975, 0.0 ], [ 110.402487788000045, -6.989138130999912, 0.0 ], [ 110.402248770000071, -6.986433226999928, 0.0 ], [ 110.402163651000052, -6.983954654999931, 0.0 ], [ 110.401833205000059, -6.981068724999979, 0.0 ], [ 110.402451166000034, -6.981214235999939, 0.0 ], [ 110.403016539000092, -6.981558680999928, 0.0 ] ] ] ] } },
{ "type": "Feature", "properties": { "fid": 12, "WADMKC": "Semarang Tengah", "LUAS": 5.3362185453700004, "LUAS_HA": 533.62185453699999, "Label": "Kecamatan Semarang Tengah", "Labl_Inset": "Kec. Semarang Tengah", "Total_Pend": 56346, "Link_peta": "https://drive.google.com/uc?export=download&id=1QAR0GixkraA0YpMAXGPw8fLx8yfJ1xjr" }, "geometry": { "type": "MultiPolygon", "coordinates": [ [ [ [ 110.4309596290001, -6.967149682999924, 0.0 ], [ 110.431243386000048, -6.97620241599995, 0.0 ], [ 110.431984034000038, -6.994249151999938, 0.0 ], [ 110.43118436900005, -6.994139639999936, 0.0 ], [ 110.430711873000035, -6.993931022, 0.0 ], [ 110.423713651000085, -6.990530439999915, 0.0 ], [ 110.424088883000053, -6.98976202999993, 0.0 ], [ 110.423110953000048, -6.989227147999905, 0.0 ], [ 110.422897976000101, -6.989181658999961, 0.0 ], [ 110.422651485000046, -6.989244675999934, 0.0 ], [ 110.422359354000037, -6.989841321999918, 0.0 ], [ 110.41829805900008, -6.987873448999988, 0.0 ], [ 110.417338587000103, -6.987519488999922, 0.0 ], [ 110.413651095, -6.986429455999971, 0.0 ], [ 110.410130803000044, -6.984810162999928, 0.0 ], [ 110.410019589000086, -6.984495341999903, 0.0 ], [ 110.410030115000069, -6.983661661999935, 0.0 ], [ 110.409619928000055, -6.983475734, 0.0 ], [ 110.409526661000072, -6.983321329999931, 0.0 ], [ 110.409455336000022, -6.983457294999901, 0.0 ], [ 110.408537601000035, -6.984098360999919, 0.0 ], [ 110.403016539000092, -6.981558680999928, 0.0 ], [ 110.402451166000034, -6.981214235999939, 0.0 ], [ 110.401833205000059, -6.981068724999979, 0.0 ], [ 110.401818400000082, -6.980028474999884, 0.0 ], [ 110.40142665000009, -6.977522377999918, 0.0 ], [ 110.407016230000096, -6.97707715799994, 0.0 ], [ 110.408037506000042, -6.976852301999898, 0.0 ], [ 110.408930436000034, -6.976554918999984, 0.0 ], [ 110.410597563000039, -6.975661498999958, 0.0 ], [ 110.412583386000023, -6.974189554999938, 0.0 ], [ 110.412790120000082, -6.97447022299998, 0.0 ], [ 110.413354342000048, -6.97481563499996, 0.0 ], [ 110.413733262000051, -6.974055300999932, 0.0 ], [ 110.422287275000102, -6.969950128999908, 0.0 ], [ 110.423856684000015, -6.96966258899992, 0.0 ], [ 110.424634020000028, -6.96892048599998, 0.0 ], [ 110.42479435000007, -6.969107451, 0.0 ], [ 110.425200047000061, -6.968750624999959, 0.0 ], [ 110.428726100000034, -6.968275487, 0.0 ], [ 110.429802518000102, -6.967815463999944, 0.0 ], [ 110.4309596290001, -6.967149682999924, 0.0 ] ] ] ] } },
{ "type": "Feature", "properties": { "fid": 13, "WADMKC": "Semarang Timur", "LUAS": 5.5764875089499997, "LUAS_HA": 557.64875089500003, "Label": "Kecamatan Semarang Timur", "Labl_Inset": "Kec. Semarang Timur", "Total_Pend": 68038, "Link_peta": "https://drive.google.com/uc?export=download&id=1qwZR-6kKttL366dsXYywQI7bWovWGRuu" }, "geometry": { "type": "MultiPolygon", "coordinates": [ [ [ [ 110.439211820000054, -6.996229742999944, 0.0 ], [ 110.438848998000054, -6.997128598999975, 0.0 ], [ 110.431984034000038, -6.994249151999938, 0.0 ], [ 110.431179249000067, -6.974492730999977, 0.0 ], [ 110.430605665949059, -6.954414163027362, 0.0 ], [ 110.43400746766298, -6.95322719544545, 0.0 ], [ 110.435682580760457, -6.952460942527534, 0.0 ], [ 110.436619996016987, -6.951749693937732, 0.0 ], [ 110.439349051047472, -6.950531780775766, 0.0 ], [ 110.440995086417175, -6.949941103197627, 0.0 ], [ 110.440709479000162, -6.950515297, 0.0 ], [ 110.440213941000195, -6.951880591999988, 0.0 ], [ 110.440171869000096, -6.95253182199987, 0.0 ], [ 110.441205538000091, -6.95636836099996, 0.0 ], [ 110.441717620000176, -6.95771124099987, 0.0 ], [ 110.44401689500009, -6.965325676, 0.0 ], [ 110.443318731000048, -6.970291967999948, 0.0 ], [ 110.443038831000067, -6.97158515300001, 0.0 ], [ 110.442959122000048, -6.97272479999998, 0.0 ], [ 110.442745391000045, -6.973321554999885, 0.0 ], [ 110.442489117000065, -6.974488128999951, 0.0 ], [ 110.442309047, -6.976523166999932, 0.0 ], [ 110.441867474000048, -6.978639303999962, 0.0 ], [ 110.441669646000022, -6.980375817000024, 0.0 ], [ 110.440999725000026, -6.984427429999968, 0.0 ], [ 110.440944536000075, -6.985874651999985, 0.0 ], [ 110.440699834000071, -6.986815099, 0.0 ], [ 110.439684685000103, -6.992815092999944, 0.0 ], [ 110.439211820000054, -6.996229742999944, 0.0 ] ] ] ] } },
{ "type": "Feature", "properties": { "fid": 14, "WADMKC": "Semarang Utara", "LUAS": 12.0174370085, "LUAS_HA": 1201.7437008500001, "Label": "Kecamatan Semarang Utara", "Labl_Inset": "Kec. Semarang Utara", "Total_Pend": 117639, "Link_peta": "https://drive.google.com/uc?export=download&id=1869hVQhIV5KUU-ofagvYGwQJRcL3ie6m" }, "geometry": { "type": "MultiPolygon", "coordinates": [ [ [ [ 110.426591413960466, -6.942139232018302, 0.0 ], [ 110.427444888603063, -6.94185191438897, 0.0 ], [ 110.42798758001949, -6.943155127659868, 0.0 ], [ 110.428351960887909, -6.944304351292569, 0.0 ], [ 110.42883205695783, -6.944268747583344, 0.0 ], [ 110.429885341245523, -6.943709191009379, 0.0 ], [ 110.430314408971583, -6.943763979886814, 0.0 ], [ 110.430350620132231, -6.9436832321568, 0.0 ], [ 110.43142887828877, -6.943292024208453, 0.0 ], [ 110.431725862365752, -6.94329716703524, 0.0 ], [ 110.431992252676807, -6.94347653468655, 0.0 ], [ 110.431265836921341, -6.940861499938606, 0.0 ], [ 110.431323630533555, -6.940554020457352, 0.0 ], [ 110.432024210202499, -6.941124729416821, 0.0 ], [ 110.432102589618694, -6.941106732136443, 0.0 ], [ 110.433106023692133, -6.944608561374494, 0.0 ], [ 110.433244855983389, -6.944898185018051, 0.0 ], [ 110.433559466103929, -6.944862378723855, 0.0 ], [ 110.433710453525606, -6.945396246721753, 0.0 ], [ 110.43407312183912, -6.945387634166906, 0.0 ], [ 110.433853422755661, -6.944356178750539, 0.0 ], [ 110.433878130501014, -6.944274798259482, 0.0 ], [ 110.43402104117844, -6.944229741067726, 0.0 ], [ 110.433981033907884, -6.944094010003649, 0.0 ], [ 110.434968315902353, -6.943841911748844, 0.0 ], [ 110.435041736060128, -6.943950545888484, 0.0 ], [ 110.435753686192754, -6.943770482326467, 0.0 ], [ 110.435922009773606, -6.943526452502653, 0.0 ], [ 110.435931189003597, -6.943182732229342, 0.0 ], [ 110.436045630163434, -6.943526599512079, 0.0 ], [ 110.436379811614302, -6.943445586734793, 0.0 ], [ 110.436460462563332, -6.943183361374256, 0.0 ], [ 110.436422522649366, -6.942886720572556, 0.0 ], [ 110.436330566175471, -6.942830413963048, 0.0 ], [ 110.43665044338961, -6.942718388439079, 0.0 ], [ 110.438751462634585, -6.948330596862046, 0.0 ], [ 110.439033008316287, -6.948229214656838, 0.0 ], [ 110.437314384997791, -6.942293964632224, 0.0 ], [ 110.437695266592314, -6.942111017532266, 0.0 ], [ 110.437602897527213, -6.94114946622782, 0.0 ], [ 110.437810443566946, -6.940986892100682, 0.0 ], [ 110.437863814238554, -6.940588950630151, 0.0 ], [ 110.438109011374038, -6.940164099645713, 0.0 ], [ 110.438423886235697, -6.939902151084915, 0.0 ], [ 110.43848947786222, -6.939694180758977, 0.0 ], [ 110.438756241030219, -6.939450266128084, 0.0 ], [ 110.439188643568713, -6.939315093860838, 0.0 ], [ 110.440401412936836, -6.938547652372346, 0.0 ], [ 110.440749473247195, -6.938448561392836, 0.0 ], [ 110.440904604276284, -6.938593473231098, 0.0 ], [ 110.441085103339262, -6.938575594690672, 0.0 ], [ 110.441920677744307, -6.938142390652608, 0.0 ], [ 110.442196070316172, -6.938495491566716, 0.0 ], [ 110.442442855136662, -6.938640510648703, 0.0 ], [ 110.443029853113458, -6.938623108732795, 0.0 ], [ 110.443059060085233, -6.938804054410081, 0.0 ], [ 110.443186773358079, -6.938930842248176, 0.0 ], [ 110.44358613727762, -6.938985584058994, 0.0 ], [ 110.443808877494646, -6.939130574289393, 0.0 ], [ 110.444557716768259, -6.939086223456343, 0.0 ], [ 110.444610194800489, -6.939203877313044, 0.0 ], [ 110.44481887208714, -6.938797070710862, 0.0 ], [ 110.444526847415318, -6.940081200248322, 0.0 ], [ 110.444462906186999, -6.940813816692721, 0.0 ], [ 110.443759505708698, -6.943354797728791, 0.0 ], [ 110.44209192600006, -6.947658528999973, 0.0 ], [ 110.441231911000045, -6.949322447999979, 0.0 ], [ 110.441032792098596, -6.949949023019048, 0.0 ], [ 110.43934905100005, -6.950531780999942, 0.0 ], [ 110.436619996018052, -6.951749693933735, 0.0 ], [ 110.435682580760457, -6.952460942527534, 0.0 ], [ 110.43400746766298, -6.95322719544545, 0.0 ], [ 110.430605665949059, -6.954414163027362, 0.0 ], [ 110.4309596290001, -6.967149682999924, 0.0 ], [ 110.429802518000201, -6.967815463999855, 0.0 ], [ 110.428726100000134, -6.968275487, 0.0 ], [ 110.425200047000146, -6.968750624999959, 0.0 ], [ 110.42479435000007, -6.969107451, 0.0 ], [ 110.424634020000028, -6.96892048599998, 0.0 ], [ 110.423856684000015, -6.96966258899992, 0.0 ], [ 110.422287275000102, -6.969950128999908, 0.0 ], [ 110.413733262000051, -6.974055300999932, 0.0 ], [ 110.413354342000048, -6.97481563499996, 0.0 ], [ 110.412790120000082, -6.97447022299998, 0.0 ], [ 110.412583386000023, -6.974189554999938, 0.0 ], [ 110.410597563000039, -6.975661498999958, 0.0 ], [ 110.408930436000034, -6.976554918999984, 0.0 ], [ 110.408037506000042, -6.976852301999898, 0.0 ], [ 110.407016230000096, -6.97707715799994, 0.0 ], [ 110.40142665000009, -6.977522377999918, 0.0 ], [ 110.401234327000068, -6.97436525699991, 0.0 ], [ 110.400537424000049, -6.970230584000021, 0.0 ], [ 110.400168343000075, -6.96636768999997, 0.0 ], [ 110.399844866000038, -6.964910954999965, 0.0 ], [ 110.39974558100009, -6.963789187999964, 0.0 ], [ 110.399742496000101, -6.961319763999835, 0.0 ], [ 110.399029381000162, -6.957049385999909, 0.0 ], [ 110.398709545000159, -6.956072065999958, 0.0 ], [ 110.397163508000048, -6.953446906999911, 0.0 ], [ 110.395854465057383, -6.949998907244865, 0.0 ], [ 110.396162699527864, -6.949863617748104, 0.0 ], [ 110.395813885544484, -6.948768668557232, 0.0 ], [ 110.395942494375447, -6.947963783631945, 0.0 ], [ 110.394833873895763, -6.945053200030166, 0.0 ], [ 110.395049443103048, -6.945043902255083, 0.0 ], [ 110.395360539638602, -6.945250122005692, 0.0 ], [ 110.396591698978767, -6.945179891725523, 0.0 ], [ 110.397118559895432, -6.945223641068871, 0.0 ], [ 110.397401282248168, -6.945142628072293, 0.0 ], [ 110.398608454593543, -6.945101081478395, 0.0 ], [ 110.400432562858327, -6.944898765042613, 0.0 ], [ 110.401783421002605, -6.944871751680488, 0.0 ], [ 110.401884867151153, -6.946092459095194, 0.0 ], [ 110.401711722971626, -6.946645091822329, 0.0 ], [ 110.401812025921402, -6.946874975075918, 0.0 ], [ 110.401675106593075, -6.947190716464064, 0.0 ], [ 110.401703484537165, -6.947477947892928, 0.0 ], [ 110.401846599685342, -6.947944821269065, 0.0 ], [ 110.402083396087733, -6.948196415869329, 0.0 ], [ 110.402169148464665, -6.948569877172545, 0.0 ], [ 110.402377167987694, -6.948850155735748, 0.0 ], [ 110.402772077383901, -6.949073229932907, 0.0 ], [ 110.403382682203414, -6.949188876941943, 0.0 ], [ 110.403620023005004, -6.949009678490398, 0.0 ], [ 110.403972246585965, -6.948895243681658, 0.0 ], [ 110.405220156213332, -6.948943385888768, 0.0 ], [ 110.40575294307898, -6.948627461452734, 0.0 ], [ 110.405773514604448, -6.948690805806141, 0.0 ], [ 110.405384252157106, -6.9489255007895, 0.0 ], [ 110.406026972109387, -6.949110826095446, 0.0 ], [ 110.406164486836985, -6.949272545794145, 0.0 ], [ 110.406397341561473, -6.949805345751809, 0.0 ], [ 110.406432817182136, -6.950164384739949, 0.0 ], [ 110.406828446408227, -6.95012637434272, 0.0 ], [ 110.406719433249364, -6.949632723901395, 0.0 ], [ 110.406479015082212, -6.949379148576924, 0.0 ], [ 110.406564888827134, -6.949026481244431, 0.0 ], [ 110.40630743112682, -6.948601019843032, 0.0 ], [ 110.405933684135235, -6.948645779057678, 0.0 ], [ 110.406158283676163, -6.948428968310456, 0.0 ], [ 110.406154731909638, -6.948103325523142, 0.0 ], [ 110.405971594534151, -6.94774127566567, 0.0 ], [ 110.405594624676681, -6.947424210280968, 0.0 ], [ 110.406037087896522, -6.947623766117179, 0.0 ], [ 110.406376252313251, -6.948311649739686, 0.0 ], [ 110.406967546982486, -6.949162667938797, 0.0 ], [ 110.407050963580915, -6.949416046608665, 0.0 ], [ 110.407022430386434, -6.947353634464577, 0.0 ], [ 110.411951892220358, -6.946283358533851, 0.0 ], [ 110.413566034273089, -6.94605017432653, 0.0 ], [ 110.416338947980094, -6.945293771838418, 0.0 ], [ 110.416467216265332, -6.94519442891502, 0.0 ], [ 110.416552959089373, -6.944941259668564, 0.0 ], [ 110.416580054262056, -6.944072922384709, 0.0 ], [ 110.417270298357181, -6.942915943344492, 0.0 ], [ 110.417475815218495, -6.942798603907036, 0.0 ], [ 110.41859489571911, -6.942799976929088, 0.0 ], [ 110.41866832287343, -6.942899567769285, 0.0 ], [ 110.418560516808554, -6.943152710496776, 0.0 ], [ 110.41852377412215, -6.944048172992396, 0.0 ], [ 110.418737411302274, -6.944229345502723, 0.0 ], [ 110.41869385218223, -6.944455430377989, 0.0 ], [ 110.417018925820528, -6.944435283209167, 0.0 ], [ 110.417009685982123, -6.945276505940196, 0.0 ], [ 110.418671570265474, -6.945323773986296, 0.0 ], [ 110.418606267701406, -6.948742904083211, 0.0 ], [ 110.418685054296432, -6.948625408850202, 0.0 ], [ 110.418670476656175, -6.948978166599346, 0.0 ], [ 110.418614747750595, -6.948978098236253, 0.0 ], [ 110.418598823773081, -6.94881525918219, 0.0 ], [ 110.418537047523017, -6.951664524780671, 0.0 ], [ 110.418592109999722, -6.951746002110621, 0.0 ], [ 110.418590035913397, -6.951592225593323, 0.0 ], [ 110.418704715652524, -6.951963232966413, 0.0 ], [ 110.418577887808652, -6.951809303349627, 0.0 ], [ 110.420096122192561, -6.956442475243325, 0.0 ], [ 110.420294777596325, -6.956388445368706, 0.0 ], [ 110.41910695844183, -6.952443139388837, 0.0 ], [ 110.419155655347183, -6.951258234861097, 0.0 ], [ 110.419255797323842, -6.951258357626628, 0.0 ], [ 110.41950117141343, -6.951629525044851, 0.0 ], [ 110.419583579923312, -6.951557261782721, 0.0 ], [ 110.419619101618935, -6.951656806124735, 0.0 ], [ 110.41951272493263, -6.951665721318829, 0.0 ], [ 110.419628342428652, -6.951964365442926, 0.0 ], [ 110.4197195098468, -6.951901158421443, 0.0 ], [ 110.419757294690854, -6.952000705528445, 0.0 ], [ 110.419646402826814, -6.952000569686351, 0.0 ], [ 110.420218208388818, -6.953774193717106, 0.0 ], [ 110.420378955581086, -6.953720117299717, 0.0 ], [ 110.420271324664284, -6.95336720990441, 0.0 ], [ 110.420301188564082, -6.953005425263321, 0.0 ], [ 110.420180095081463, -6.95232686230079, 0.0 ], [ 110.42058213427363, -6.952282126589921, 0.0 ], [ 110.421031626643881, -6.952526905534324, 0.0 ], [ 110.4211138390001, -6.952645208999925, 0.0 ], [ 110.421061074739583, -6.95273498874614, 0.0 ], [ 110.421153817692627, -6.952771284217658, 0.0 ], [ 110.421293122831074, -6.953594597795327, 0.0 ], [ 110.421605639077029, -6.954119620394412, 0.0 ], [ 110.421159375530024, -6.954933172906703, 0.0 ], [ 110.421169393427462, -6.955068868110754, 0.0 ], [ 110.421445010818772, -6.955232024508657, 0.0 ], [ 110.421944141734755, -6.954445672852955, 0.0 ], [ 110.424171459611728, -6.955732852456038, 0.0 ], [ 110.424417240072074, -6.955325289876797, 0.0 ], [ 110.423053533101964, -6.95452843557079, 0.0 ], [ 110.423634928970301, -6.953552225808874, 0.0 ], [ 110.4260835752834, -6.954984394452374, 0.0 ], [ 110.426382627760219, -6.954487252189551, 0.0 ], [ 110.422711329988303, -6.952366136011829, 0.0 ], [ 110.422750152305753, -6.952311910119164, 0.0 ], [ 110.422643069898626, -6.952203233208671, 0.0 ], [ 110.422819401330216, -6.951895899928957, 0.0 ], [ 110.422664489388097, -6.951805255819139, 0.0 ], [ 110.422394434181285, -6.952184839033954, 0.0 ], [ 110.422378713985296, -6.952085318996943, 0.0 ], [ 110.422896042866, -6.951217578213626, 0.0 ], [ 110.42274392687473, -6.951154074153038, 0.0 ], [ 110.42223739173113, -6.951985645786902, 0.0 ], [ 110.422071380511426, -6.951949261151597, 0.0 ], [ 110.421699998125248, -6.95167744194854, 0.0 ], [ 110.421530243614356, -6.951695325759772, 0.0 ], [ 110.421317278560224, -6.951423699702126, 0.0 ], [ 110.421439990413347, -6.951242938930264, 0.0 ], [ 110.421300659438685, -6.951134222373263, 0.0 ], [ 110.421162921799251, -6.951342101345432, 0.0 ], [ 110.421036393060831, -6.950943943337712, 0.0 ], [ 110.421116843612651, -6.950853586321177, 0.0 ], [ 110.421063443974163, -6.950799247882184, 0.0 ], [ 110.420831255353121, -6.950979874742053, 0.0 ], [ 110.42106774753718, -6.950518841648396, 0.0 ], [ 110.420716298079739, -6.95083500569827, 0.0 ], [ 110.420662194288596, -6.950663074449476, 0.0 ], [ 110.420811258449078, -6.950446163932817, 0.0 ], [ 110.420691241665011, -6.950274152111586, 0.0 ], [ 110.420363215895975, -6.95063557219034, 0.0 ], [ 110.419538949112265, -6.949219662212808, 0.0 ], [ 110.419636268040108, -6.947984239722899, 0.0 ], [ 110.419730193005336, -6.947803546314308, 0.0 ], [ 110.419903984118932, -6.947722349257763, 0.0 ], [ 110.420176618641534, -6.94777695602798, 0.0 ], [ 110.420884709180626, -6.948447191099689, 0.0 ], [ 110.420800875481348, -6.948528498448809, 0.0 ], [ 110.421273961026841, -6.948908988748165, 0.0 ], [ 110.421426114378093, -6.948710172793, 0.0 ], [ 110.42146849191478, -6.948755452191985, 0.0 ], [ 110.421285831161228, -6.948918048776093, 0.0 ], [ 110.421598947824492, -6.949180751495849, 0.0 ], [ 110.421695394317595, -6.948963776393342, 0.0 ], [ 110.42183215626568, -6.949090580732815, 0.0 ], [ 110.421631152583174, -6.949216972934586, 0.0 ], [ 110.421903262673368, -6.949470579898016, 0.0 ], [ 110.421974211358162, -6.949515894113329, 0.0 ], [ 110.422080753276916, -6.949371295513213, 0.0 ], [ 110.42215593466284, -6.94942566039763, 0.0 ], [ 110.42204373503067, -6.949570252114807, 0.0 ], [ 110.422269290361356, -6.949724301238486, 0.0 ], [ 110.422378650066108, -6.949588751538933, 0.0 ], [ 110.422447902407569, -6.949634063620309, 0.0 ], [ 110.422343612574622, -6.949787710585415, 0.0 ], [ 110.423685808911102, -6.950567260991509, 0.0 ], [ 110.423762647048733, -6.950422625866299, 0.0 ], [ 110.425190268714587, -6.951211321757473, 0.0 ], [ 110.42510919807728, -6.951346906460493, 0.0 ], [ 110.426183141272446, -6.951963305130022, 0.0 ], [ 110.426577394261997, -6.951339640254279, 0.0 ], [ 110.426838433990852, -6.951394229380565, 0.0 ], [ 110.426888037466128, -6.951312879522515, 0.0 ], [ 110.426660150857884, -6.951213102846616, 0.0 ], [ 110.42693173764188, -6.950734017762834, 0.0 ], [ 110.427121498146789, -6.951014659024175, 0.0 ], [ 110.427182917978669, -6.950987596662667, 0.0 ], [ 110.427156677086018, -6.950698107611625, 0.0 ], [ 110.427231468769619, -6.950607742615784, 0.0 ], [ 110.427023655963893, -6.95051703594028, 0.0 ], [ 110.42686420480868, -6.950670617289074, 0.0 ], [ 110.426675499401298, -6.950453296006415, 0.0 ], [ 110.426626788052744, -6.950498464766348, 0.0 ], [ 110.426403614511756, -6.950244919515864, 0.0 ], [ 110.426582312901175, -6.950082316071377, 0.0 ], [ 110.426489941010246, -6.949973657791315, 0.0 ], [ 110.42635599265401, -6.950091087678018, 0.0 ], [ 110.423388009645677, -6.946785864470979, 0.0 ], [ 110.423545330876919, -6.935858479780538, 0.0 ], [ 110.426285186268899, -6.935919237581373, 0.0 ], [ 110.426190566239399, -6.940936798975745, 0.0 ], [ 110.426591413960466, -6.942139232018302, 0.0 ] ] ] ] } },
{ "type": "Feature", "properties": { "fid": 15, "WADMKC": "Tembalang", "LUAS": 40.728333730599999, "LUAS_HA": 4072.8333730600002, "Label": "Kecamatan Tembalang", "Labl_Inset": "Kec. Tembalang", "Total_Pend": 195653, "Link_peta": "https://drive.google.com/uc?export=download&id=1wUVrQAZVFMWCXYT-kocLYQ4fnRdhmqJ4" }, "geometry": { "type": "MultiPolygon", "coordinates": [ [ [ [ 110.450143946000068, -7.006836582999949, 0.0 ], [ 110.451833282000038, -7.00788763199996, 0.0 ], [ 110.453022007000072, -7.007849429, 0.0 ], [ 110.45440095900004, -7.008913304, 0.0 ], [ 110.455365036000046, -7.00898040199996, 0.0 ], [ 110.456988636000091, -7.009787232999926, 0.0 ], [ 110.457107299000057, -7.009965514999934, 0.0 ], [ 110.457172855000067, -7.01038126199996, 0.0 ], [ 110.457298259000041, -7.010440787999912, 0.0 ], [ 110.458077319000026, -7.010606636999956, 0.0 ], [ 110.45904817800006, -7.010521981999968, 0.0 ], [ 110.459490246000044, -7.010858986999963, 0.0 ], [ 110.46014549200008, -7.011045148999912, 0.0 ], [ 110.460863135000039, -7.011474175999972, 0.0 ], [ 110.461252686000122, -7.011540601999961, 0.0 ], [ 110.461655149000109, -7.011864363999926, 0.0 ], [ 110.461879308, -7.012187921999963, 0.0 ], [ 110.46216821900002, -7.013633207999909, 0.0 ], [ 110.462412230000055, -7.013923798999972, 0.0 ], [ 110.463237328000019, -7.014261238999914, 0.0 ], [ 110.463864597000054, -7.014347728999965, 0.0 ], [ 110.464300083000111, -7.014671525999933, 0.0 ], [ 110.464795156000037, -7.014863432, 0.0 ], [ 110.469125525000038, -7.016438666999953, 0.0 ], [ 110.46993095600007, -7.016657310000014, 0.0 ], [ 110.470775117000102, -7.017667752999952, 0.0 ], [ 110.472279616000066, -7.018731720999966, 0.0 ], [ 110.472933140000052, -7.018969983999963, 0.0 ], [ 110.473263085000085, -7.019194684999903, 0.0 ], [ 110.473579414000056, -7.019782259999936, 0.0 ], [ 110.473836628000115, -7.020086055999936, 0.0 ], [ 110.474470491000062, -7.020192333999937, 0.0 ], [ 110.475143614000075, -7.020621955999957, 0.0 ], [ 110.475426270000099, -7.021796713, 0.0 ], [ 110.475611041000022, -7.021922280999988, 0.0 ], [ 110.476277830000029, -7.022114367999983, 0.0 ], [ 110.476343391000043, -7.022543309999946, 0.0 ], [ 110.476929489000042, -7.024028509999908, 0.0 ], [ 110.477153775000033, -7.024253092000016, 0.0 ], [ 110.477497066000112, -7.024359042, 0.0 ], [ 110.47801107, -7.025355909999959, 0.0 ], [ 110.478182171000043, -7.025897134999976, 0.0 ], [ 110.478847902000055, -7.027045923999903, 0.0 ], [ 110.479011042000138, -7.028807766999929, 0.0 ], [ 110.479366496000068, -7.029857241999899, 0.0 ], [ 110.479603862000161, -7.030200599999976, 0.0 ], [ 110.479610003000047, -7.030616280999908, 0.0 ], [ 110.480096574000072, -7.03253683399992, 0.0 ], [ 110.480234997000068, -7.032774514999868, 0.0 ], [ 110.480675642000023, -7.034424498999964, 0.0 ], [ 110.480655294000115, -7.034906129999936, 0.0 ], [ 110.481281315000132, -7.036147243999952, 0.0 ], [ 110.481155293000185, -7.036635356000016, 0.0 ], [ 110.481174665000196, -7.037031256, 0.0 ], [ 110.481286732000143, -7.037216123999841, 0.0 ], [ 110.481999454000132, -7.037698565999968, 0.0 ], [ 110.482045318000203, -7.038028514999912, 0.0 ], [ 110.48186655700006, -7.038430794999979, 0.0 ], [ 110.481476306000019, -7.038971396999855, 0.0 ], [ 110.481343284000019, -7.03981579199991, 0.0 ], [ 110.481659907000022, -7.040159237999905, 0.0 ], [ 110.482782054000054, -7.04068171999997, 0.0 ], [ 110.484188738822368, -7.040702881583034, 0.0 ], [ 110.483994620958185, -7.041437221673458, 0.0 ], [ 110.483495824448667, -7.042129491107858, 0.0 ], [ 110.483512508704067, -7.042358618040929, 0.0 ], [ 110.483677935953025, -7.042558200930078, 0.0 ], [ 110.484056172653126, -7.042687807883425, 0.0 ], [ 110.484739507022837, -7.04311283983084, 0.0 ], [ 110.48512172074733, -7.043511769601835, 0.0 ], [ 110.485101472518096, -7.043836301552926, 0.0 ], [ 110.484982457990625, -7.044032847937515, 0.0 ], [ 110.48484082544617, -7.044096095490577, 0.0 ], [ 110.482250501586591, -7.043891063155378, 0.0 ], [ 110.481812485972767, -7.044208519458579, 0.0 ], [ 110.481722322596625, -7.044730380270565, 0.0 ], [ 110.482271550939075, -7.045227568595298, 0.0 ], [ 110.482674866493355, -7.045444189907652, 0.0 ], [ 110.483078260076425, -7.045520584156446, 0.0 ], [ 110.484107628256638, -7.045480829680734, 0.0 ], [ 110.484358376854345, -7.04567209487011, 0.0 ], [ 110.484305168530014, -7.046081387733356, 0.0 ], [ 110.483363999943577, -7.04607695382154, 0.0 ], [ 110.483129173173097, -7.046126953910498, 0.0 ], [ 110.482980474787936, -7.046279961737618, 0.0 ], [ 110.483008562222366, -7.046551394872164, 0.0 ], [ 110.483200008698986, -7.046735413250655, 0.0 ], [ 110.483984064828519, -7.046549122009822, 0.0 ], [ 110.484054884852497, -7.046631051607239, 0.0 ], [ 110.483966603507241, -7.04695812055321, 0.0 ], [ 110.483436882398308, -7.047699063042085, 0.0 ], [ 110.483395337198317, -7.048389650090787, 0.0 ], [ 110.483523597495463, -7.048552414148752, 0.0 ], [ 110.484149634191368, -7.048687254492531, 0.0 ], [ 110.484575832830231, -7.048891156644139, 0.0 ], [ 110.485659257219197, -7.049800374770172, 0.0 ], [ 110.485866775510274, -7.050184810303534, 0.0 ], [ 110.486059303406122, -7.05156357270716, 0.0 ], [ 110.486022594437458, -7.052128399022834, 0.0 ], [ 110.485636435440597, -7.052680786219263, 0.0 ], [ 110.485372070175089, -7.053443962999523, 0.0 ], [ 110.484538395700568, -7.053428683741753, 0.0 ], [ 110.483824939088734, -7.053021032062851, 0.0 ], [ 110.483734126681185, -7.052819893153945, 0.0 ], [ 110.484218285341726, -7.052607422906327, 0.0 ], [ 110.485030981631908, -7.052093756559447, 0.0 ], [ 110.485200872282959, -7.051841927581599, 0.0 ], [ 110.485165135683332, -7.051662389453412, 0.0 ], [ 110.484648080742417, -7.051294445269669, 0.0 ], [ 110.483976386789166, -7.051035225683073, 0.0 ], [ 110.4833475806183, -7.050987861076703, 0.0 ], [ 110.482833483051294, -7.051195510755932, 0.0 ], [ 110.482646319655927, -7.051468141523848, 0.0 ], [ 110.482660271323127, -7.051848694167823, 0.0 ], [ 110.482965064137233, -7.052437787285132, 0.0 ], [ 110.482943003002802, -7.052728160347172, 0.0 ], [ 110.483062262053963, -7.053036286495413, 0.0 ], [ 110.483639211225068, -7.053828545945546, 0.0 ], [ 110.483527874442075, -7.053989062186734, 0.0 ], [ 110.482945041188415, -7.053965959855486, 0.0 ], [ 110.482228268537057, -7.053761305238321, 0.0 ], [ 110.481530584190665, -7.053184011528685, 0.0 ], [ 110.481455092169497, -7.053209775523623, 0.0 ], [ 110.481400813183754, -7.05372666850031, 0.0 ], [ 110.481287295711084, -7.053916255087096, 0.0 ], [ 110.481239019751584, -7.054241692420621, 0.0 ], [ 110.480887557002902, -7.05450287533121, 0.0 ], [ 110.481130417215738, -7.054916827775799, 0.0 ], [ 110.481384422093669, -7.055157951862096, 0.0 ], [ 110.481392425430499, -7.055420838872479, 0.0 ], [ 110.481243392058019, -7.055915998082824, 0.0 ], [ 110.480709068805353, -7.056508401662615, 0.0 ], [ 110.480729587495389, -7.057031653394159, 0.0 ], [ 110.480848851000061, -7.057382285999953, 0.0 ], [ 110.481012476018478, -7.057656292746223, 0.0 ], [ 110.481119395732179, -7.057555119926857, 0.0 ], [ 110.481059623000093, -7.057324507999969, 0.0 ], [ 110.481356215000119, -7.056566927999903, 0.0 ], [ 110.481525274000163, -7.056419927, 0.0 ], [ 110.481932210000082, -7.056260020999911, 0.0 ], [ 110.482283246830619, -7.056232897854137, 0.0 ], [ 110.482721998134167, -7.056345864974684, 0.0 ], [ 110.483148835185034, -7.056671086854156, 0.0 ], [ 110.483283405584473, -7.056999385984259, 0.0 ], [ 110.483587018319426, -7.056975571233465, 0.0 ], [ 110.484145281575493, -7.056648623755308, 0.0 ], [ 110.484721787823389, -7.056569270580965, 0.0 ], [ 110.485008633254537, -7.056278129786648, 0.0 ], [ 110.485209846126139, -7.056381088434833, 0.0 ], [ 110.485465403871245, -7.056359952556985, 0.0 ], [ 110.486024379752465, -7.055751839933439, 0.0 ], [ 110.486419608018053, -7.055167984278949, 0.0 ], [ 110.486872887347673, -7.054953030381689, 0.0 ], [ 110.48712691016415, -7.054641720615546, 0.0 ], [ 110.487900743089526, -7.053508313430552, 0.0 ], [ 110.488193566758312, -7.052820320447523, 0.0 ], [ 110.488416748000148, -7.052639165999814, 0.0 ], [ 110.488678895918099, -7.052816300530058, 0.0 ], [ 110.489600336140185, -7.05384799075291, 0.0 ], [ 110.490291428061298, -7.054793763501561, 0.0 ], [ 110.490806825183071, -7.055175268108044, 0.0 ], [ 110.491846553223979, -7.056587513693763, 0.0 ], [ 110.491460972917807, -7.056900361148639, 0.0 ], [ 110.490728397270374, -7.057206425792401, 0.0 ], [ 110.490272628225114, -7.05774442485308, 0.0 ], [ 110.489742647562736, -7.058559448543306, 0.0 ], [ 110.489634424542331, -7.058939867695042, 0.0 ], [ 110.490668217130931, -7.059989270305984, 0.0 ], [ 110.491123993519821, -7.060720143897942, 0.0 ], [ 110.491207257416576, -7.061078578693653, 0.0 ], [ 110.491440511755087, -7.06137799775049, 0.0 ], [ 110.491385503711101, -7.062389114567786, 0.0 ], [ 110.491470132856037, -7.062772377015431, 0.0 ], [ 110.492569162253659, -7.063326430419298, 0.0 ], [ 110.495090955597405, -7.064154862283118, 0.0 ], [ 110.496320045972837, -7.064077211842907, 0.0 ], [ 110.496751190346728, -7.064156656841043, 0.0 ], [ 110.497814449153424, -7.064567060721167, 0.0 ], [ 110.497879228209854, -7.064479534969365, 0.0 ], [ 110.498737702056175, -7.064654044865144, 0.0 ], [ 110.498683593285548, -7.064844255651376, 0.0 ], [ 110.499045655164167, -7.064981118273412, 0.0 ], [ 110.499089606451577, -7.065125189110628, 0.0 ], [ 110.499892312711609, -7.06544388369948, 0.0 ], [ 110.499912062000035, -7.066000144999879, 0.0 ], [ 110.500389831921268, -7.066135002639513, 0.0 ], [ 110.500681869917713, -7.066360287649005, 0.0 ], [ 110.501055255410378, -7.066686179037191, 0.0 ], [ 110.501222607977382, -7.067011849756206, 0.0 ], [ 110.501097752417536, -7.067270194793213, 0.0 ], [ 110.500832885000108, -7.067431141999887, 0.0 ], [ 110.500513115017526, -7.067341368325259, 0.0 ], [ 110.500326214000197, -7.067166799999953, 0.0 ], [ 110.500314508361967, -7.066948708560378, 0.0 ], [ 110.500101649665964, -7.066780890263519, 0.0 ], [ 110.499756622488647, -7.066818813277759, 0.0 ], [ 110.499641519040267, -7.06691920920089, 0.0 ], [ 110.499679735879027, -7.067268035832647, 0.0 ], [ 110.499551202000205, -7.067531336999739, 0.0 ], [ 110.498054098333924, -7.067144868030024, 0.0 ], [ 110.497935478342939, -7.067173460123339, 0.0 ], [ 110.497831147510254, -7.067281047125846, 0.0 ], [ 110.497906061000066, -7.068720497999987, 0.0 ], [ 110.498492840000026, -7.069167725999954, 0.0 ], [ 110.498545591000038, -7.069462824999857, 0.0 ], [ 110.49840522600006, -7.069642673, 0.0 ], [ 110.497369451032398, -7.069448331972012, 0.0 ], [ 110.497066244856143, -7.069177858811344, 0.0 ], [ 110.496987271478801, -7.068989945040489, 0.0 ], [ 110.497003993000206, -7.068759298, 0.0 ], [ 110.497337492, -7.068464083, 0.0 ], [ 110.497496127000076, -7.068203929999878, 0.0 ], [ 110.497225933000095, -7.067943312999898, 0.0 ], [ 110.496806484000118, -7.067963233999947, 0.0 ], [ 110.496771147000132, -7.068378722999864, 0.0 ], [ 110.49648271900007, -7.068741668999962, 0.0 ], [ 110.4955727870001, -7.068436016999986, 0.0 ], [ 110.495526603000187, -7.068679175999943, 0.0 ], [ 110.49612788200011, -7.069152484999936, 0.0 ], [ 110.496273131000137, -7.069629238999948, 0.0 ], [ 110.496180189000086, -7.070070775999977, 0.0 ], [ 110.495693545000137, -7.070718968999962, 0.0 ], [ 110.49546111700009, -7.071458116999924, 0.0 ], [ 110.494896084000146, -7.0714492389999, 0.0 ], [ 110.494533155000056, -7.07108140599993, 0.0 ], [ 110.494410557000037, -7.071067658999947, 0.0 ], [ 110.494128781000171, -7.071239719999973, 0.0 ], [ 110.493366409000146, -7.072495975, 0.0 ], [ 110.491486025664173, -7.074213940517932, 0.0 ], [ 110.491222264977822, -7.075387784689575, 0.0 ], [ 110.490700302150543, -7.076063064498445, 0.0 ], [ 110.490046233961067, -7.076394098694589, 0.0 ], [ 110.489495310198279, -7.077471111441664, 0.0 ], [ 110.489085823736659, -7.077609722005047, 0.0 ], [ 110.487949059067944, -7.077736689925935, 0.0 ], [ 110.487678329680065, -7.078385159731965, 0.0 ], [ 110.487593432000068, -7.078920202999967, 0.0 ], [ 110.484395497000051, -7.081740944999943, 0.0 ], [ 110.480972681727948, -7.083406002068966, 0.0 ], [ 110.478894845198269, -7.084162230870856, 0.0 ], [ 110.478327419000152, -7.084805637999942, 0.0 ], [ 110.477719732737782, -7.085692752558732, 0.0 ], [ 110.477614493000146, -7.086049247970411, 0.0 ], [ 110.477620023636717, -7.086834201404841, 0.0 ], [ 110.47784221463192, -7.087467214600391, 0.0 ], [ 110.47708526143775, -7.087504810092888, 0.0 ], [ 110.476645398926181, -7.087920817592359, 0.0 ], [ 110.476147928717864, -7.0878118931278, 0.0 ], [ 110.475233523000142, -7.087437368999911, 0.0 ], [ 110.475018552000023, -7.087600032999958, 0.0 ], [ 110.474827713000138, -7.087528296999974, 0.0 ], [ 110.474636675000141, -7.087631387999977, 0.0 ], [ 110.473642297000112, -7.087630262999973, 0.0 ], [ 110.473014112000087, -7.087399098999942, 0.0 ], [ 110.47252137, -7.0869853139999, 0.0 ], [ 110.472086055000133, -7.086790127, 0.0 ], [ 110.471777572000093, -7.086988443999893, 0.0 ], [ 110.4716982260001, -7.086809552999924, 0.0 ], [ 110.471566488000036, -7.086794503999922, 0.0 ], [ 110.471318247000013, -7.086483805999972, 0.0 ], [ 110.470836933000157, -7.086188363999952, 0.0 ], [ 110.47029926900008, -7.085713746999939, 0.0 ], [ 110.470418980000133, -7.085376151999984, 0.0 ], [ 110.470309825000072, -7.085177360999879, 0.0 ], [ 110.46988256300007, -7.084898741999918, 0.0 ], [ 110.469504804000167, -7.084808910999946, 0.0 ], [ 110.469425413000081, -7.084669753999979, 0.0 ], [ 110.46912695400016, -7.084798546999888, 0.0 ], [ 110.468987856000197, -7.084699054999827, 0.0 ], [ 110.468988026000034, -7.084550055999934, 0.0 ], [ 110.468590545000097, -7.084316168999944, 0.0 ], [ 110.468690232000085, -7.084097750999902, 0.0 ], [ 110.46865095800004, -7.083660640999973, 0.0 ], [ 110.468770520000163, -7.083452177999956, 0.0 ], [ 110.468223925000146, -7.083183354999917, 0.0 ], [ 110.467309437000154, -7.082894241999977, 0.0 ], [ 110.467309552000074, -7.082794909999929, 0.0 ], [ 110.466603934000133, -7.082461334999952, 0.0 ], [ 110.466375698000078, -7.082053808999984, 0.0 ], [ 110.465908906, -7.081566542, 0.0 ], [ 110.465074075000118, -7.081188117999943, 0.0 ], [ 110.464984788000095, -7.081009215999885, 0.0 ], [ 110.465134573000142, -7.080463057, 0.0 ], [ 110.465125252000178, -7.079921681999963, 0.0 ], [ 110.465026011000049, -7.079752700999926, 0.0 ], [ 110.464906642000201, -7.079792296999827, 0.0 ], [ 110.464697918000169, -7.079712590999982, 0.0 ], [ 110.464260732000056, -7.079424021999909, 0.0 ], [ 110.464251063000049, -7.0791856129999, 0.0 ], [ 110.464390445000035, -7.079036772999931, 0.0 ], [ 110.464360820000167, -7.078857939999878, 0.0 ], [ 110.463953661000133, -7.078400539999958, 0.0 ], [ 110.46356137700019, -7.0782197, 0.0 ], [ 110.463413441000029, -7.078473820999893, 0.0 ], [ 110.462990894000143, -7.078669009999967, 0.0 ], [ 110.462512039000046, -7.07871118, 0.0 ], [ 110.462085254000172, -7.079060338999927, 0.0 ], [ 110.461875212000024, -7.079088703999965, 0.0 ], [ 110.461690475000111, -7.079247422999952, 0.0 ], [ 110.460264712000182, -7.079461919999936, 0.0 ], [ 110.45985914900011, -7.079345428999979, 0.0 ], [ 110.459804685000037, -7.078296409999957, 0.0 ], [ 110.459065763000183, -7.077540622999951, 0.0 ], [ 110.458914334, -7.077786791999891, 0.0 ], [ 110.458540179000039, -7.078024755999952, 0.0 ], [ 110.45815784600012, -7.078453428999982, 0.0 ], [ 110.457735896000202, -7.078746961999933, 0.0 ], [ 110.456509468000149, -7.079925604999932, 0.0 ], [ 110.455904469000103, -7.080290442999921, 0.0 ], [ 110.45604756400013, -7.080370075999937, 0.0 ], [ 110.455920011000146, -7.080604352999959, 0.0 ], [ 110.455341090000118, -7.081305711, 0.0 ], [ 110.454188573000053, -7.079434406999969, 0.0 ], [ 110.453824214000193, -7.079372516, 0.0 ], [ 110.452754384000144, -7.079541465999945, 0.0 ], [ 110.450871635000055, -7.07874967699998, 0.0 ], [ 110.450625934000072, -7.078404244999909, 0.0 ], [ 110.450304407000019, -7.078143827999945, 0.0 ], [ 110.449973281000155, -7.077996868999954, 0.0 ], [ 110.448939457000066, -7.077737971999937, 0.0 ], [ 110.44731620900005, -7.077773458999943, 0.0 ], [ 110.446991193000159, -7.077531950999944, 0.0 ], [ 110.445812807, -7.077086388999938, 0.0 ], [ 110.445303252000201, -7.077165696999927, 0.0 ], [ 110.445032668000195, -7.076690929999902, 0.0 ], [ 110.44472523800016, -7.076748606999967, 0.0 ], [ 110.444295061, -7.076642942999928, 0.0 ], [ 110.443741415000034, -7.076074362999957, 0.0 ], [ 110.442331404000072, -7.075545151999957, 0.0 ], [ 110.442302066000039, -7.075375422999947, 0.0 ], [ 110.44242818700009, -7.07490338299997, 0.0 ], [ 110.443076151000056, -7.073461764999973, 0.0 ], [ 110.441818602000097, -7.072058444999946, 0.0 ], [ 110.441346413000105, -7.071655778999936, 0.0 ], [ 110.439711744000121, -7.070643033999986, 0.0 ], [ 110.43839784100004, -7.070051214999957, 0.0 ], [ 110.437818516000064, -7.069692683999957, 0.0 ], [ 110.437597188000041, -7.069496901000011, 0.0 ], [ 110.437124566000108, -7.068744410999923, 0.0 ], [ 110.435641991000097, -7.068534854999903, 0.0 ], [ 110.435130917, -7.067814793000011, 0.0 ], [ 110.435529209, -7.067253659999945, 0.0 ], [ 110.436446303000125, -7.066430314999945, 0.0 ], [ 110.436724231000113, -7.066297243999948, 0.0 ], [ 110.437760809000082, -7.066053026, 0.0 ], [ 110.438140460000056, -7.065727970999919, 0.0 ], [ 110.438213219000033, -7.065191762999962, 0.0 ], [ 110.438145376000108, -7.063868282999969, 0.0 ], [ 110.438028066000086, -7.063697380999951, 0.0 ], [ 110.43777716400011, -7.063569007999988, 0.0 ], [ 110.436383511000074, -7.063145759999962, 0.0 ], [ 110.43594060300002, -7.062777022, 0.0 ], [ 110.435791528000038, -7.062371283999919, 0.0 ], [ 110.435728723000082, -7.061303951999982, 0.0 ], [ 110.435378869, -7.059083636999947, 0.0 ], [ 110.435229926000019, -7.058571173999912, 0.0 ], [ 110.434338727000096, -7.057876378999978, 0.0 ], [ 110.433645375000097, -7.057011060999969, 0.0 ], [ 110.433091153000078, -7.055943132999982, 0.0 ], [ 110.432462054000069, -7.054955157999949, 0.0 ], [ 110.432254281000013, -7.054506657999966, 0.0 ], [ 110.432158731000101, -7.054015604999925, 0.0 ], [ 110.430705873000065, -7.053987153999969, 0.0 ], [ 110.430010194000062, -7.053354195999912, 0.0 ], [ 110.431955155000054, -7.052315752999966, 0.0 ], [ 110.432824248000102, -7.051412308999911, 0.0 ], [ 110.433517903000038, -7.050156067999975, 0.0 ], [ 110.434629915000116, -7.047464026999901, 0.0 ], [ 110.434905433000083, -7.046432476999904, 0.0 ], [ 110.434906887000025, -7.045231530999924, 0.0 ], [ 110.434791125000046, -7.044450191999935, 0.0 ], [ 110.434123235000115, -7.041820123999926, 0.0 ], [ 110.432846694, -7.035848815999952, 0.0 ], [ 110.431496892000055, -7.032709057999959, 0.0 ], [ 110.431349947000072, -7.031716980999942, 0.0 ], [ 110.431361337000027, -7.031135340999956, 0.0 ], [ 110.43150266, -7.030310606999929, 0.0 ], [ 110.432917916000036, -7.025450612999979, 0.0 ], [ 110.4334585430001, -7.024577950999983, 0.0 ], [ 110.436215445000116, -7.021625519999947, 0.0 ], [ 110.437103401000044, -7.021118981999958, 0.0 ], [ 110.438993609000121, -7.020651481, 0.0 ], [ 110.439561201000103, -7.020416190999985, 0.0 ], [ 110.440674623000035, -7.019606096999926, 0.0 ], [ 110.442307618000058, -7.018049972999957, 0.0 ], [ 110.442813795000106, -7.017092548999965, 0.0 ], [ 110.44464097200003, -7.011922631999951, 0.0 ], [ 110.445099399000028, -7.010934464999902, 0.0 ], [ 110.445859552000044, -7.009861804999968, 0.0 ], [ 110.449400961000052, -7.006317416999892, 0.0 ], [ 110.449542799000071, -7.006182704999937, 0.0 ], [ 110.450143946000068, -7.006836582999949, 0.0 ] ] ] ] } },
{ "type": "Feature", "properties": { "fid": 16, "WADMKC": "Tugu", "LUAS": 29.196114032600001, "LUAS_HA": 2919.6114032599999, "Label": "Kecamatan Tugu", "Labl_Inset": "Kec. Tugu", "Total_Pend": 33848, "Link_peta": "https://drive.google.com/uc?export=download&id=11Pa5bOs0Ppl8t4JzQ5wjYFvQ7tRDlGux" }, "geometry": { "type": "MultiPolygon", "coordinates": [ [ [ [ 110.318200000043902, -6.936729999363262, 0.0 ], [ 110.319740000026542, -6.93840999989866, 0.0 ], [ 110.322210000113316, -6.939660000006793, 0.0 ], [ 110.322590000269813, -6.940069999359395, 0.0 ], [ 110.32271, -6.940350000019031, 0.0 ], [ 110.323279999857419, -6.940769999287461, 0.0 ], [ 110.325309999912577, -6.9415899996572, 0.0 ], [ 110.325980000320797, -6.942019999505728, 0.0 ], [ 110.327549999731986, -6.942799999864608, 0.0 ], [ 110.32822999979696, -6.942849999316209, 0.0 ], [ 110.329110000392546, -6.943239999885648, 0.0 ], [ 110.329900000493623, -6.943419999955431, 0.0 ], [ 110.330210000262582, -6.943549999371818, 0.0 ], [ 110.330840000176508, -6.944039999659097, 0.0 ], [ 110.331310000350754, -6.944019999327217, 0.0 ], [ 110.331700000247139, -6.944109999784082, 0.0 ], [ 110.333979999983342, -6.945399999715669, 0.0 ], [ 110.33691999979068, -6.94651000010505, 0.0 ], [ 110.343609999746832, -6.948639999673595, 0.0 ], [ 110.34497999976746, -6.949229999390145, 0.0 ], [ 110.345980000451846, -6.950029999590541, 0.0 ], [ 110.346179999976883, -6.950479999708598, 0.0 ], [ 110.34693999988859, -6.951189999854563, 0.0 ], [ 110.347510000472212, -6.951499999848593, 0.0 ], [ 110.348819999670937, -6.952030000092019, 0.0 ], [ 110.354020000000105, -6.952939999224512, 0.0 ], [ 110.356880000377615, -6.953559999521659, 0.0 ], [ 110.359717495020234, -6.953902352149683, 0.0 ], [ 110.359362828584111, -6.961739482594826, 0.0 ], [ 110.359793240238162, -6.962266585120631, 0.0 ], [ 110.363860471796642, -6.965622658265442, 0.0 ], [ 110.363945366725062, -6.96615822773164, 0.0 ], [ 110.366914641000051, -6.968469044999932, 0.0 ], [ 110.366007510000216, -6.971579374999976, 0.0 ], [ 110.366149098000037, -6.973159127999946, 0.0 ], [ 110.366013409000089, -6.974317289999938, 0.0 ], [ 110.366464216000168, -6.974474893999922, 0.0 ], [ 110.36589113300009, -6.976009650999988, 0.0 ], [ 110.36580299200017, -6.976007617999908, 0.0 ], [ 110.36578, -6.976239999999862, 0.0 ], [ 110.364420000000138, -6.97994, 0.0 ], [ 110.36415000000018, -6.9809, 0.0 ], [ 110.364715931000021, -6.981056101, 0.0 ], [ 110.364160281000053, -6.983164616999844, 0.0 ], [ 110.36407031300007, -6.983272192999951, 0.0 ], [ 110.36414477800011, -6.983559487, 0.0 ], [ 110.364072157000052, -6.984123802999893, 0.0 ], [ 110.364130000000131, -6.984499998999933, 0.0 ], [ 110.363869140000034, -6.985313478999917, 0.0 ], [ 110.363501536000172, -6.985681524, 0.0 ], [ 110.363096494000061, -6.987024111999968, 0.0 ], [ 110.36206, -6.98678, 0.0 ], [ 110.360180000000156, -6.98659, 0.0 ], [ 110.35809, -6.98619, 0.0 ], [ 110.35786, -6.98609, 0.0 ], [ 110.357670000000127, -6.98589, 0.0 ], [ 110.35719, -6.98503, 0.0 ], [ 110.356740000000102, -6.984539998999956, 0.0 ], [ 110.356180000000123, -6.98417, 0.0 ], [ 110.353250001000077, -6.98284, 0.0 ], [ 110.351320000000172, -6.98239, 0.0 ], [ 110.35094, -6.982399998999906, 0.0 ], [ 110.3503800000002, -6.9827, 0.0 ], [ 110.349220000000145, -6.984419998999975, 0.0 ], [ 110.348830000000206, -6.984819998999942, 0.0 ], [ 110.348280000000173, -6.98518, 0.0 ], [ 110.34759000000011, -6.98547, 0.0 ], [ 110.346410000000176, -6.98572999999983, 0.0 ], [ 110.345220000000126, -6.98578, 0.0 ], [ 110.34409, -6.98594, 0.0 ], [ 110.3424, -6.986029999999872, 0.0 ], [ 110.341710000000134, -6.985909998999979, 0.0 ], [ 110.33868, -6.984929998999984, 0.0 ], [ 110.337580000000187, -6.98428, 0.0 ], [ 110.33646, -6.98308, 0.0 ], [ 110.333250001000124, -6.97919, 0.0 ], [ 110.33062, -6.97667, 0.0 ], [ 110.330110000000118, -6.976409999999895, 0.0 ], [ 110.329350000000119, -6.976269998999946, 0.0 ], [ 110.32626, -6.976009998999928, 0.0 ], [ 110.32275, -6.976, 0.0 ], [ 110.32021, -6.975739998999881, 0.0 ], [ 110.31767, -6.975329998999975, 0.0 ], [ 110.31665, -6.975059998999839, 0.0 ], [ 110.31547, -6.97458, 0.0 ], [ 110.314900000000179, -6.974249998999966, 0.0 ], [ 110.314530000000119, -6.97394, 0.0 ], [ 110.31383000000011, -6.97309, 0.0 ], [ 110.31319, -6.97263, 0.0 ], [ 110.31281, -6.97246, 0.0 ], [ 110.30828, -6.972649999999831, 0.0 ], [ 110.30522, -6.97298, 0.0 ], [ 110.30116, -6.97359, 0.0 ], [ 110.299350000000189, -6.973619999999887, 0.0 ], [ 110.2985, -6.973539998999929, 0.0 ], [ 110.29633, -6.972969998999929, 0.0 ], [ 110.294410000000184, -6.97231, 0.0 ], [ 110.29268, -6.97148, 0.0 ], [ 110.28917, -6.96935, 0.0 ], [ 110.28794, -6.96881, 0.0 ], [ 110.287424110000103, -6.968754945999962, 0.0 ], [ 110.288122821000101, -6.967018145999965, 0.0 ], [ 110.287653865000024, -6.966806866999981, 0.0 ], [ 110.287924845000063, -6.966015221999939, 0.0 ], [ 110.287813350000079, -6.965985188999941, 0.0 ], [ 110.287859945000022, -6.965818187999979, 0.0 ], [ 110.287577960975185, -6.965750608551808, 0.0 ], [ 110.287648574670342, -6.965383693420463, 0.0 ], [ 110.289004692000063, -6.965568215, 0.0 ], [ 110.289656344000065, -6.965768949999902, 0.0 ], [ 110.290445367000061, -6.966149862999977, 0.0 ], [ 110.290981202000083, -6.966599, 0.0 ], [ 110.292628490000041, -6.967400061999946, 0.0 ], [ 110.294422519000065, -6.968179693999971, 0.0 ], [ 110.295111513000052, -6.968405942999951, 0.0 ], [ 110.295729152, -6.968504611999943, 0.0 ], [ 110.29918172100011, -6.960933289999922, 0.0 ], [ 110.292456761000039, -6.958866855999918, 0.0 ], [ 110.292694063000056, -6.958218719999937, 0.0 ], [ 110.292125606000084, -6.958048488999975, 0.0 ], [ 110.292318358000045, -6.957465335999952, 0.0 ], [ 110.292090851000054, -6.95644730799992, 0.0 ], [ 110.292279151000088, -6.95573382399995, 0.0 ], [ 110.292593636000092, -6.955821996999962, 0.0 ], [ 110.293133925000035, -6.954739246, 0.0 ], [ 110.292568145000118, -6.954567682999919, 0.0 ], [ 110.292461601000085, -6.954809639999954, 0.0 ], [ 110.291865354000052, -6.954786909999939, 0.0 ], [ 110.29236982200004, -6.9537086999999, 0.0 ], [ 110.290214982000094, -6.952303666, 0.0 ], [ 110.291219482000074, -6.950739471999984, 0.0 ], [ 110.29274229400005, -6.94916084499993, 0.0 ], [ 110.2934181480001, -6.948210161999963, 0.0 ], [ 110.293952716, -6.94719010699994, 0.0 ], [ 110.294062662000044, -6.947127727999931, 0.0 ], [ 110.294389601, -6.947170335, 0.0 ], [ 110.294582683000087, -6.947035324999923, 0.0 ], [ 110.29504999998457, -6.946449999264754, 0.0 ], [ 110.29620144400009, -6.94538646499992, 0.0 ], [ 110.296439651000071, -6.94505691599992, 0.0 ], [ 110.296521742000024, -6.944796364999945, 0.0 ], [ 110.296850108000015, -6.944575074999932, 0.0 ], [ 110.297520624000072, -6.943919426999951, 0.0 ], [ 110.297956557000091, -6.943243766, 0.0 ], [ 110.298574028000104, -6.941712582999966, 0.0 ], [ 110.299198636000099, -6.940616840999986, 0.0 ], [ 110.299880352000102, -6.940145707999907, 0.0 ], [ 110.300226563000052, -6.939999370999967, 0.0 ], [ 110.300858357000024, -6.940033094999915, 0.0 ], [ 110.301073977, -6.939842991, 0.0 ], [ 110.301340971000073, -6.939103427, 0.0 ], [ 110.303287132000065, -6.938073476999957, 0.0 ], [ 110.303969125, -6.937960174999908, 0.0 ], [ 110.304685343000116, -6.938207044, 0.0 ], [ 110.304840008000042, -6.938172541999982, 0.0 ], [ 110.305031951000018, -6.937945302999921, 0.0 ], [ 110.305229372000014, -6.938095528, 0.0 ], [ 110.305732703000089, -6.937479207, 0.0 ], [ 110.306057261000035, -6.937554396999907, 0.0 ], [ 110.30655278400009, -6.937843025999896, 0.0 ], [ 110.306930523000077, -6.937875743999939, 0.0 ], [ 110.307107357000049, -6.937611543999928, 0.0 ], [ 110.306942692900279, -6.937577070127372, 0.0 ], [ 110.307020000503528, -6.937119999502912, 0.0 ], [ 110.309009999868294, -6.936699999706903, 0.0 ], [ 110.310049999911527, -6.936779999712368, 0.0 ], [ 110.311080000300862, -6.936969999737236, 0.0 ], [ 110.314079999718103, -6.937659999939989, 0.0 ], [ 110.314809999971416, -6.937570000095523, 0.0 ], [ 110.31735000007393, -6.936549999902414, 0.0 ], [ 110.318200000043902, -6.936729999363262, 0.0 ] ] ] ] } }
]
}
